Date,Month,Week,EMP Name,Supervisor Name,Calls Handled,Sales,Average Handle Time,Login Hours,Target Login Hours,Total Handle Time
01-Jan-17,Jan-17,1,EMP-1,Supervisor-1,66,5,487,5.9,9,32142
01-Jan-17,Jan-17,1,EMP-2,Supervisor-1,46,13,549,4.2,9,25254
01-Jan-17,Jan-17,1,EMP-3,Supervisor-1,42,26,599,4.9,9,25158
01-Jan-17,Jan-17,1,EMP-4,Supervisor-1,48,23,429,6.9,9,20592
01-Jan-17,Jan-17,1,EMP-5,Supervisor-1,36,10,356,4.2,9,12816
01-Jan-17,Jan-17,1,EMP-6,Supervisor-2,64,16,343,4.2,9,21952
01-Jan-17,Jan-17,1,EMP-7,Supervisor-2,48,11,545,4.9,9,26160
01-Jan-17,Jan-17,1,EMP-8,Supervisor-2,54,6,331,4.2,9,17874
01-Jan-17,Jan-17,1,EMP-9,Supervisor-2,64,7,393,4.2,9,25152
01-Jan-17,Jan-17,1,EMP-10,Supervisor-2,53,19,304,8.8,9,16112
01-Jan-17,Jan-17,1,EMP-11,Supervisor-2,54,16,511,6.9,9,27594
01-Jan-17,Jan-17,1,EMP-12,Supervisor-2,59,20,530,8.8,9,31270
01-Jan-17,Jan-17,1,EMP-13,Supervisor-2,70,8,429,5.9,9,30030
01-Jan-17,Jan-17,1,EMP-14,Supervisor-2,70,15,427,4.9,9,29890
01-Jan-17,Jan-17,1,EMP-15,Supervisor-3,70,0,341,8.8,9,23870
01-Jan-17,Jan-17,1,EMP-16,Supervisor-3,55,15,454,4.9,9,24970
01-Jan-17,Jan-17,1,EMP-17,Supervisor-3,60,18,394,5.9,9,23640
01-Jan-17,Jan-17,1,EMP-18,Supervisor-3,34,8,463,a,9,15742
01-Jan-17,Jan-17,1,EMP-19,Supervisor-3,60,5,529,5.9,9,31740
01-Jan-17,Jan-17,1,EMP-20,Supervisor-3,53,7,316,9,9,16748
02-Jan-17,Jan-17,2,EMP-1,Supervisor-1,51,22,405,4.9,9,20655
02-Jan-17,Jan-17,2,EMP-2,Supervisor-1,35,7,485,4.2,9,16975
02-Jan-17,Jan-17,2,EMP-3,Supervisor-1,52,17,574,4.9,9,29848
02-Jan-17,Jan-17,2,EMP-4,Supervisor-1,56,9,490,6.9,9,27440
02-Jan-17,Jan-17,2,EMP-5,Supervisor-1,66,13,540,4.2,9,35640
02-Jan-17,Jan-17,2,EMP-6,Supervisor-2,37,12,493,4.9,9,18241
02-Jan-17,Jan-17,2,EMP-7,Supervisor-2,33,27,560,6.9,9,18480
02-Jan-17,Jan-17,2,EMP-8,Supervisor-2,69,5,343,4.2,9,23667
02-Jan-17,Jan-17,2,EMP-9,Supervisor-2,57,0,370,4.2,9,21090
02-Jan-17,Jan-17,2,EMP-10,Supervisor-2,51,10,360,4.2,9,18360
02-Jan-17,Jan-17,2,EMP-11,Supervisor-2,38,25,474,4.9,9,18012
02-Jan-17,Jan-17,2,EMP-12,Supervisor-2,37,8,358,9,9,13246
02-Jan-17,Jan-17,2,EMP-13,Supervisor-2,38,0,600,5.9,9,22800
02-Jan-17,Jan-17,2,EMP-14,Supervisor-2,39,26,436,9,9,17004
02-Jan-17,Jan-17,2,EMP-15,Supervisor-3,36,20,445,5.9,9,16020
02-Jan-17,Jan-17,2,EMP-16,Supervisor-3,57,11,542,4.2,9,30894
02-Jan-17,Jan-17,2,EMP-17,Supervisor-3,55,25,548,6.9,9,30140
02-Jan-17,Jan-17,2,EMP-18,Supervisor-3,53,22,447,8.8,9,23691
02-Jan-17,Jan-17,2,EMP-19,Supervisor-3,59,24,450,4.9,9,26550
02-Jan-17,Jan-17,2,EMP-20,Supervisor-3,38,11,350,6.9,9,13300
03-Jan-17,Jan-17,2,EMP-1,Supervisor-1,31,26,402,4.2,9,12462
03-Jan-17,Jan-17,2,EMP-2,Supervisor-1,56,15,559,5.9,9,31304
03-Jan-17,Jan-17,2,EMP-3,Supervisor-1,52,12,478,8.8,9,24856
03-Jan-17,Jan-17,2,EMP-4,Supervisor-1,66,16,494,8.8,9,32604
03-Jan-17,Jan-17,2,EMP-5,Supervisor-1,39,27,514,5.9,9,20046
03-Jan-17,Jan-17,2,EMP-6,Supervisor-2,47,8,555,8.8,9,26085
03-Jan-17,Jan-17,2,EMP-7,Supervisor-2,57,26,575,6.9,9,32775
03-Jan-17,Jan-17,2,EMP-8,Supervisor-2,43,12,560,6.9,9,24080
03-Jan-17,Jan-17,2,EMP-9,Supervisor-2,66,12,531,5.9,9,35046
03-Jan-17,Jan-17,2,EMP-10,Supervisor-2,58,25,305,8.8,9,17690
03-Jan-17,Jan-17,2,EMP-11,Supervisor-2,49,25,304,5.9,9,14896
03-Jan-17,Jan-17,2,EMP-12,Supervisor-2,30,8,573,4.2,9,17190
03-Jan-17,Jan-17,2,EMP-13,Supervisor-2,59,15,361,4.9,9,21299
03-Jan-17,Jan-17,2,EMP-14,Supervisor-2,35,23,531,6.9,9,18585
03-Jan-17,Jan-17,2,EMP-15,Supervisor-3,61,24,395,5.9,9,24095
03-Jan-17,Jan-17,2,EMP-16,Supervisor-3,50,17,540,4.9,9,27000
03-Jan-17,Jan-17,2,EMP-17,Supervisor-3,36,8,351,6.9,9,12636
03-Jan-17,Jan-17,2,EMP-18,Supervisor-3,43,26,501,5.9,9,21543
03-Jan-17,Jan-17,2,EMP-19,Supervisor-3,45,15,374,6.9,9,16830
03-Jan-17,Jan-17,2,EMP-20,Supervisor-3,34,27,453,4.9,9,15402
04-Jan-17,Jan-17,2,EMP-1,Supervisor-1,31,12,422,8.8,9,13082
04-Jan-17,Jan-17,2,EMP-2,Supervisor-1,61,9,542,3.5,9,33062
04-Jan-17,Jan-17,2,EMP-3,Supervisor-1,58,19,390,3.5,9,22620
04-Jan-17,Jan-17,2,EMP-4,Supervisor-1,62,19,596,6.9,9,36952
04-Jan-17,Jan-17,2,EMP-5,Supervisor-1,31,22,393,8.8,9,12183
04-Jan-17,Jan-17,2,EMP-6,Supervisor-2,53,21,462,9,9,24486
04-Jan-17,Jan-17,2,EMP-7,Supervisor-2,63,27,507,3.5,9,31941
04-Jan-17,Jan-17,2,EMP-8,Supervisor-2,38,12,582,8.8,9,22116
04-Jan-17,Jan-17,2,EMP-9,Supervisor-2,60,27,567,9,9,34020
04-Jan-17,Jan-17,2,EMP-10,Supervisor-2,59,19,315,8.8,9,18585
04-Jan-17,Jan-17,2,EMP-11,Supervisor-2,35,24,541,5.9,9,18935
04-Jan-17,Jan-17,2,EMP-12,Supervisor-2,44,17,521,6.9,9,22924
04-Jan-17,Jan-17,2,EMP-13,Supervisor-2,65,19,550,6.9,9,35750
04-Jan-17,Jan-17,2,EMP-14,Supervisor-2,48,21,478,3.5,9,22944
04-Jan-17,Jan-17,2,EMP-15,Supervisor-3,68,18,490,3.5,9,33320
04-Jan-17,Jan-17,2,EMP-16,Supervisor-3,55,9,408,6.9,9,22440
04-Jan-17,Jan-17,2,EMP-17,Supervisor-3,39,15,515,3.5,9,20085
04-Jan-17,Jan-17,2,EMP-18,Supervisor-3,65,18,411,5.9,9,26715
04-Jan-17,Jan-17,2,EMP-19,Supervisor-3,65,14,371,4.9,9,24115
04-Jan-17,Jan-17,2,EMP-20,Supervisor-3,35,11,537,4.9,9,18795
05-Jan-17,Jan-17,2,EMP-1,Supervisor-1,46,0,528,6.9,9,24288
05-Jan-17,Jan-17,2,EMP-2,Supervisor-1,34,20,510,6.9,9,17340
05-Jan-17,Jan-17,2,EMP-3,Supervisor-1,41,11,355,5.9,9,14555
05-Jan-17,Jan-17,2,EMP-4,Supervisor-1,58,22,452,5.9,9,26216
05-Jan-17,Jan-17,2,EMP-5,Supervisor-1,30,18,409,6.9,9,12270
05-Jan-17,Jan-17,2,EMP-6,Supervisor-2,37,24,497,4.9,9,18389
05-Jan-17,Jan-17,2,EMP-7,Supervisor-2,30,27,350,3.5,9,10500
05-Jan-17,Jan-17,2,EMP-8,Supervisor-2,66,14,570,8.8,9,37620
05-Jan-17,Jan-17,2,EMP-9,Supervisor-2,65,26,527,9,9,34255
05-Jan-17,Jan-17,2,EMP-10,Supervisor-2,32,26,540,3.5,9,17280
05-Jan-17,Jan-17,2,EMP-11,Supervisor-2,41,8,446,8.8,9,18286
05-Jan-17,Jan-17,2,EMP-12,Supervisor-2,31,10,324,5.9,9,10044
05-Jan-17,Jan-17,2,EMP-13,Supervisor-2,31,22,437,5.9,9,13547
05-Jan-17,Jan-17,2,EMP-14,Supervisor-2,45,11,319,8.8,9,14355
05-Jan-17,Jan-17,2,EMP-15,Supervisor-3,43,10,405,6.9,9,17415
05-Jan-17,Jan-17,2,EMP-16,Supervisor-3,33,16,461,8.8,9,15213
05-Jan-17,Jan-17,2,EMP-17,Supervisor-3,30,12,382,6.9,9,11460
05-Jan-17,Jan-17,2,EMP-18,Supervisor-3,57,20,414,9,9,23598
05-Jan-17,Jan-17,2,EMP-19,Supervisor-3,68,16,380,3.5,9,25840
05-Jan-17,Jan-17,2,EMP-20,Supervisor-3,31,17,460,6.9,9,14260
06-Jan-17,Jan-17,2,EMP-1,Supervisor-1,38,27,384,4.9,9,14592
06-Jan-17,Jan-17,2,EMP-2,Supervisor-1,65,8,379,9,9,24635
06-Jan-17,Jan-17,2,EMP-3,Supervisor-1,50,10,332,9,9,16600
06-Jan-17,Jan-17,2,EMP-4,Supervisor-1,52,27,409,9,9,21268
06-Jan-17,Jan-17,2,EMP-5,Supervisor-1,36,0,562,4.9,9,20232
06-Jan-17,Jan-17,2,EMP-6,Supervisor-2,37,23,578,3.5,9,21386
06-Jan-17,Jan-17,2,EMP-7,Supervisor-2,46,14,333,6.9,9,15318
06-Jan-17,Jan-17,2,EMP-8,Supervisor-2,56,11,472,5.9,9,26432
06-Jan-17,Jan-17,2,EMP-9,Supervisor-2,40,22,476,5.9,9,19040
06-Jan-17,Jan-17,2,EMP-10,Supervisor-2,52,21,530,8.8,9,27560
06-Jan-17,Jan-17,2,EMP-11,Supervisor-2,67,14,501,8.8,9,33567
06-Jan-17,Jan-17,2,EMP-12,Supervisor-2,54,14,334,4.9,9,18036
06-Jan-17,Jan-17,2,EMP-13,Supervisor-2,60,26,590,4.9,9,35400
06-Jan-17,Jan-17,2,EMP-14,Supervisor-2,56,25,535,5.9,9,29960
06-Jan-17,Jan-17,2,EMP-15,Supervisor-3,70,12,502,6.9,9,35140
06-Jan-17,Jan-17,2,EMP-16,Supervisor-3,57,20,347,6.9,9,19779
06-Jan-17,Jan-17,2,EMP-17,Supervisor-3,38,10,359,4.9,9,13642
06-Jan-17,Jan-17,2,EMP-18,Supervisor-3,51,12,585,8.8,9,29835
06-Jan-17,Jan-17,2,EMP-19,Supervisor-3,61,25,385,4.9,9,23485
06-Jan-17,Jan-17,2,EMP-20,Supervisor-3,56,9,536,5.9,9,30016
07-Jan-17,Jan-17,2,EMP-1,Supervisor-1,41,8,336,8.8,9,13776
07-Jan-17,Jan-17,2,EMP-2,Supervisor-1,57,22,317,9,9,18069
07-Jan-17,Jan-17,2,EMP-3,Supervisor-1,58,25,303,8.8,9,17574
07-Jan-17,Jan-17,2,EMP-4,Supervisor-1,64,20,451,6.9,9,28864
07-Jan-17,Jan-17,2,EMP-5,Supervisor-1,32,12,413,8.8,9,13216
07-Jan-17,Jan-17,2,EMP-6,Supervisor-2,36,19,405,3.5,9,14580
07-Jan-17,Jan-17,2,EMP-7,Supervisor-2,30,25,549,6.9,9,16470
07-Jan-17,Jan-17,2,EMP-8,Supervisor-2,52,13,533,9,9,27716
07-Jan-17,Jan-17,2,EMP-9,Supervisor-2,49,7,473,6.9,9,23177
07-Jan-17,Jan-17,2,EMP-10,Supervisor-2,60,18,412,3.5,9,24720
07-Jan-17,Jan-17,2,EMP-11,Supervisor-2,67,20,533,5.9,9,35711
07-Jan-17,Jan-17,2,EMP-12,Supervisor-2,51,16,394,8.8,9,20094
07-Jan-17,Jan-17,2,EMP-13,Supervisor-2,30,13,418,5.9,9,12540
07-Jan-17,Jan-17,2,EMP-14,Supervisor-2,67,22,353,3.5,9,23651
07-Jan-17,Jan-17,2,EMP-15,Supervisor-3,65,14,548,3.5,9,35620
07-Jan-17,Jan-17,2,EMP-16,Supervisor-3,52,21,537,5.9,9,27924
07-Jan-17,Jan-17,2,EMP-17,Supervisor-3,45,9,509,3.5,9,22905
07-Jan-17,Jan-17,2,EMP-18,Supervisor-3,51,17,402,6.9,9,20502
07-Jan-17,Jan-17,2,EMP-19,Supervisor-3,54,11,548,4.9,9,29592
07-Jan-17,Jan-17,2,EMP-20,Supervisor-3,49,18,495,4.9,9,24255
08-Jan-17,Jan-17,2,EMP-1,Supervisor-1,46,25,460,5.9,9,21160
08-Jan-17,Jan-17,2,EMP-2,Supervisor-1,43,5,462,4.9,9,19866
08-Jan-17,Jan-17,2,EMP-3,Supervisor-1,50,26,567,4.9,9,28350
08-Jan-17,Jan-17,2,EMP-4,Supervisor-1,33,20,524,8.8,9,17292
08-Jan-17,Jan-17,2,EMP-5,Supervisor-1,35,6,363,4.9,9,12705
08-Jan-17,Jan-17,2,EMP-6,Supervisor-2,52,14,368,8.8,9,19136
08-Jan-17,Jan-17,2,EMP-7,Supervisor-2,39,5,469,6.9,9,18291
08-Jan-17,Jan-17,2,EMP-8,Supervisor-2,47,7,437,5.9,9,20539
08-Jan-17,Jan-17,2,EMP-9,Supervisor-2,53,16,305,4.9,9,16165
08-Jan-17,Jan-17,2,EMP-10,Supervisor-2,40,15,369,6.9,9,14760
08-Jan-17,Jan-17,2,EMP-11,Supervisor-2,33,9,499,5.9,9,16467
08-Jan-17,Jan-17,2,EMP-12,Supervisor-2,69,17,597,7.8,9,41193
08-Jan-17,Jan-17,2,EMP-13,Supervisor-2,48,21,312,4.9,9,14976
08-Jan-17,Jan-17,2,EMP-14,Supervisor-2,66,26,388,6.9,9,25608
08-Jan-17,Jan-17,2,EMP-15,Supervisor-3,65,16,413,6.9,9,26845
08-Jan-17,Jan-17,2,EMP-16,Supervisor-3,70,11,554,7.8,9,38780
08-Jan-17,Jan-17,2,EMP-17,Supervisor-3,37,26,599,4.9,9,22163
08-Jan-17,Jan-17,2,EMP-18,Supervisor-3,36,27,528,5.9,9,19008
08-Jan-17,Jan-17,2,EMP-19,Supervisor-3,59,20,382,8.8,9,22538
08-Jan-17,Jan-17,2,EMP-20,Supervisor-3,66,27,438,7.8,9,28908
09-Jan-17,Jan-17,3,EMP-1,Supervisor-1,46,13,494,6.9,9,22724
09-Jan-17,Jan-17,3,EMP-2,Supervisor-1,40,16,302,4.9,9,12080
09-Jan-17,Jan-17,3,EMP-3,Supervisor-1,47,7,452,9,9,21244
09-Jan-17,Jan-17,3,EMP-4,Supervisor-1,51,17,476,5.9,9,24276
09-Jan-17,Jan-17,3,EMP-5,Supervisor-1,67,7,528,7.8,9,35376
09-Jan-17,Jan-17,3,EMP-6,Supervisor-2,63,23,350,6.9,9,22050
09-Jan-17,Jan-17,3,EMP-7,Supervisor-2,52,11,419,4.9,9,21788
09-Jan-17,Jan-17,3,EMP-8,Supervisor-2,69,15,340,6.9,9,23460
09-Jan-17,Jan-17,3,EMP-9,Supervisor-2,44,15,524,9,9,23056
09-Jan-17,Jan-17,3,EMP-10,Supervisor-2,61,22,489,8.8,9,29829
09-Jan-17,Jan-17,3,EMP-11,Supervisor-2,50,0,467,9,9,23350
09-Jan-17,Jan-17,3,EMP-12,Supervisor-2,38,16,539,8.8,9,20482
09-Jan-17,Jan-17,3,EMP-13,Supervisor-2,32,20,343,9,9,10976
09-Jan-17,Jan-17,3,EMP-14,Supervisor-2,32,14,493,6.9,9,15776
09-Jan-17,Jan-17,3,EMP-15,Supervisor-3,67,8,508,8.8,9,34036
09-Jan-17,Jan-17,3,EMP-16,Supervisor-3,37,20,354,6.9,9,13098
09-Jan-17,Jan-17,3,EMP-17,Supervisor-3,63,8,399,8.8,9,25137
09-Jan-17,Jan-17,3,EMP-18,Supervisor-3,51,18,516,9,9,26316
09-Jan-17,Jan-17,3,EMP-19,Supervisor-3,36,25,332,6.9,9,11952
09-Jan-17,Jan-17,3,EMP-20,Supervisor-3,66,23,599,9,9,39534
10-Jan-17,Jan-17,3,EMP-1,Supervisor-1,33,18,499,7.8,9,16467
10-Jan-17,Jan-17,3,EMP-2,Supervisor-1,65,13,572,9,9,37180
10-Jan-17,Jan-17,3,EMP-3,Supervisor-1,47,24,573,8.8,9,26931
10-Jan-17,Jan-17,3,EMP-4,Supervisor-1,47,17,419,7.8,9,19693
10-Jan-17,Jan-17,3,EMP-5,Supervisor-1,30,18,302,5.9,9,9060
10-Jan-17,Jan-17,3,EMP-6,Supervisor-2,53,22,465,4.9,9,24645
10-Jan-17,Jan-17,3,EMP-7,Supervisor-2,60,27,484,6.9,9,29040
10-Jan-17,Jan-17,3,EMP-8,Supervisor-2,43,14,556,5.9,9,23908
10-Jan-17,Jan-17,3,EMP-9,Supervisor-2,55,5,316,7.8,9,17380
10-Jan-17,Jan-17,3,EMP-10,Supervisor-2,61,20,333,5.9,9,20313
10-Jan-17,Jan-17,3,EMP-11,Supervisor-2,62,8,531,8.8,9,32922
10-Jan-17,Jan-17,3,EMP-12,Supervisor-2,54,19,422,5.9,9,22788
10-Jan-17,Jan-17,3,EMP-13,Supervisor-2,41,14,537,8.8,9,22017
10-Jan-17,Jan-17,3,EMP-14,Supervisor-2,56,23,512,4.9,9,28672
10-Jan-17,Jan-17,3,EMP-15,Supervisor-3,39,24,367,5.9,9,14313
10-Jan-17,Jan-17,3,EMP-16,Supervisor-3,38,10,350,4.9,9,13300
10-Jan-17,Jan-17,3,EMP-17,Supervisor-3,69,7,359,9,9,24771
10-Jan-17,Jan-17,3,EMP-18,Supervisor-3,65,21,494,6.9,9,32110
10-Jan-17,Jan-17,3,EMP-19,Supervisor-3,31,6,421,4.9,9,13051
10-Jan-17,Jan-17,3,EMP-20,Supervisor-3,43,26,528,9,9,22704
11-Jan-17,Jan-17,3,EMP-1,Supervisor-1,43,20,555,6.9,9,23865
11-Jan-17,Jan-17,3,EMP-2,Supervisor-1,33,23,535,4.9,9,17655
11-Jan-17,Jan-17,3,EMP-3,Supervisor-1,47,13,408,4.9,9,19176
11-Jan-17,Jan-17,3,EMP-4,Supervisor-1,45,11,357,8.8,9,16065
11-Jan-17,Jan-17,3,EMP-5,Supervisor-1,48,8,520,7.8,9,24960
11-Jan-17,Jan-17,3,EMP-6,Supervisor-2,32,6,586,4.9,9,18752
11-Jan-17,Jan-17,3,EMP-7,Supervisor-2,68,17,408,7.8,9,27744
11-Jan-17,Jan-17,3,EMP-8,Supervisor-2,44,5,399,7.8,9,17556
11-Jan-17,Jan-17,3,EMP-9,Supervisor-2,51,14,363,6.9,9,18513
11-Jan-17,Jan-17,3,EMP-10,Supervisor-2,32,19,363,7.8,9,11616
11-Jan-17,Jan-17,3,EMP-11,Supervisor-2,51,22,304,8.8,9,15504
11-Jan-17,Jan-17,3,EMP-12,Supervisor-2,40,21,566,9,9,22640
11-Jan-17,Jan-17,3,EMP-13,Supervisor-2,36,27,595,8.8,9,21420
11-Jan-17,Jan-17,3,EMP-14,Supervisor-2,63,12,480,6.9,9,30240
11-Jan-17,Jan-17,3,EMP-15,Supervisor-3,45,25,404,8.8,9,18180
11-Jan-17,Jan-17,3,EMP-16,Supervisor-3,39,17,510,6.9,9,19890
11-Jan-17,Jan-17,3,EMP-17,Supervisor-3,49,14,465,9,9,22785
11-Jan-17,Jan-17,3,EMP-18,Supervisor-3,70,11,526,6.9,9,36820
11-Jan-17,Jan-17,3,EMP-19,Supervisor-3,43,16,488,5.9,9,20984
11-Jan-17,Jan-17,3,EMP-20,Supervisor-3,63,5,322,4.9,9,20286
12-Jan-17,Jan-17,3,EMP-1,Supervisor-1,55,24,541,9,9,29755
12-Jan-17,Jan-17,3,EMP-2,Supervisor-1,54,9,522,5.9,9,28188
12-Jan-17,Jan-17,3,EMP-3,Supervisor-1,59,27,372,8.8,9,21948
12-Jan-17,Jan-17,3,EMP-4,Supervisor-1,39,20,485,8.8,9,18915
12-Jan-17,Jan-17,3,EMP-5,Supervisor-1,69,7,345,5.9,9,23805
12-Jan-17,Jan-17,3,EMP-6,Supervisor-2,41,11,323,7.8,9,13243
12-Jan-17,Jan-17,3,EMP-7,Supervisor-2,53,5,476,9,9,25228
12-Jan-17,Jan-17,3,EMP-8,Supervisor-2,70,19,321,4.9,9,22470
12-Jan-17,Jan-17,3,EMP-9,Supervisor-2,38,8,539,4.9,9,20482
12-Jan-17,Jan-17,3,EMP-10,Supervisor-2,33,0,488,7.8,9,16104
12-Jan-17,Jan-17,3,EMP-11,Supervisor-2,32,27,360,7.8,9,11520
12-Jan-17,Jan-17,3,EMP-12,Supervisor-2,37,17,375,8.8,9,13875
12-Jan-17,Jan-17,3,EMP-13,Supervisor-2,57,22,377,5.9,9,21489
12-Jan-17,Jan-17,3,EMP-14,Supervisor-2,66,8,458,8.8,9,30228
12-Jan-17,Jan-17,3,EMP-15,Supervisor-3,48,26,512,8.8,9,24576
12-Jan-17,Jan-17,3,EMP-16,Supervisor-3,30,18,370,6.9,9,11100
12-Jan-17,Jan-17,3,EMP-17,Supervisor-3,42,23,512,6.9,9,21504
12-Jan-17,Jan-17,3,EMP-18,Supervisor-3,66,23,311,7.8,9,20526
12-Jan-17,Jan-17,3,EMP-19,Supervisor-3,56,5,392,9,9,21952
12-Jan-17,Jan-17,3,EMP-20,Supervisor-3,31,21,304,6.9,9,9424
13-Jan-17,Jan-17,3,EMP-1,Supervisor-1,44,19,364,8.8,9,16016
13-Jan-17,Jan-17,3,EMP-2,Supervisor-1,40,15,453,8.8,9,18120
13-Jan-17,Jan-17,3,EMP-3,Supervisor-1,69,15,401,5.9,9,27669
13-Jan-17,Jan-17,3,EMP-4,Supervisor-1,67,20,439,4.9,9,29413
13-Jan-17,Jan-17,3,EMP-5,Supervisor-1,35,20,416,6.9,9,14560
13-Jan-17,Jan-17,3,EMP-6,Supervisor-2,44,7,591,7.8,9,26004
13-Jan-17,Jan-17,3,EMP-7,Supervisor-2,50,22,560,8.8,9,28000
13-Jan-17,Jan-17,3,EMP-8,Supervisor-2,59,8,396,4.9,9,23364
13-Jan-17,Jan-17,3,EMP-9,Supervisor-2,62,10,309,7.8,9,19158
13-Jan-17,Jan-17,3,EMP-10,Supervisor-2,38,25,304,5.9,9,11552
13-Jan-17,Jan-17,3,EMP-11,Supervisor-2,43,15,594,8.8,9,25542
13-Jan-17,Jan-17,3,EMP-12,Supervisor-2,46,27,404,8.8,9,18584
13-Jan-17,Jan-17,3,EMP-13,Supervisor-2,51,23,383,4.9,9,19533
13-Jan-17,Jan-17,3,EMP-14,Supervisor-2,50,6,495,7.8,9,24750
13-Jan-17,Jan-17,3,EMP-15,Supervisor-3,67,5,471,4.9,9,31557
13-Jan-17,Jan-17,3,EMP-16,Supervisor-3,51,13,396,5.9,9,20196
13-Jan-17,Jan-17,3,EMP-17,Supervisor-3,55,10,591,9,9,32505
13-Jan-17,Jan-17,3,EMP-18,Supervisor-3,63,27,550,9,9,34650
13-Jan-17,Jan-17,3,EMP-19,Supervisor-3,54,10,314,5.9,9,16956
13-Jan-17,Jan-17,3,EMP-20,Supervisor-3,67,19,439,9,9,29413
14-Jan-17,Jan-17,3,EMP-1,Supervisor-1,33,17,515,4.9,9,16995
14-Jan-17,Jan-17,3,EMP-2,Supervisor-1,60,20,472,9,9,28320
14-Jan-17,Jan-17,3,EMP-3,Supervisor-1,43,13,465,4.9,9,19995
14-Jan-17,Jan-17,3,EMP-4,Supervisor-1,45,23,538,8.8,9,24210
14-Jan-17,Jan-17,3,EMP-5,Supervisor-1,56,26,466,7.8,9,26096
14-Jan-17,Jan-17,3,EMP-6,Supervisor-2,55,20,407,6.9,9,22385
14-Jan-17,Jan-17,3,EMP-7,Supervisor-2,49,14,522,5.9,9,25578
14-Jan-17,Jan-17,3,EMP-8,Supervisor-2,32,20,428,8.8,9,13696
14-Jan-17,Jan-17,3,EMP-9,Supervisor-2,51,14,385,9,9,19635
14-Jan-17,Jan-17,3,EMP-10,Supervisor-2,44,26,471,9,9,20724
14-Jan-17,Jan-17,3,EMP-11,Supervisor-2,64,6,573,6.9,9,36672
14-Jan-17,Jan-17,3,EMP-12,Supervisor-2,41,26,402,5.9,9,16482
14-Jan-17,Jan-17,3,EMP-13,Supervisor-2,55,9,563,5.9,9,30965
14-Jan-17,Jan-17,3,EMP-14,Supervisor-2,32,16,404,5.9,9,12928
14-Jan-17,Jan-17,3,EMP-15,Supervisor-3,36,8,375,7.8,9,13500
14-Jan-17,Jan-17,3,EMP-16,Supervisor-3,63,15,347,4.9,9,21861
14-Jan-17,Jan-17,3,EMP-17,Supervisor-3,37,13,465,5.9,9,17205
14-Jan-17,Jan-17,3,EMP-18,Supervisor-3,51,21,545,5.9,9,27795
14-Jan-17,Jan-17,3,EMP-19,Supervisor-3,49,12,580,8.8,9,28420
14-Jan-17,Jan-17,3,EMP-20,Supervisor-3,60,20,431,9,9,25860
15-Jan-17,Jan-17,3,EMP-1,Supervisor-1,56,17,447,6.9,9,25032
15-Jan-17,Jan-17,3,EMP-2,Supervisor-1,67,14,571,5.9,9,38257
15-Jan-17,Jan-17,3,EMP-3,Supervisor-1,58,14,324,4.9,9,18792
15-Jan-17,Jan-17,3,EMP-4,Supervisor-1,57,21,412,5.9,9,23484
15-Jan-17,Jan-17,3,EMP-5,Supervisor-1,42,14,300,5.9,9,12600
15-Jan-17,Jan-17,3,EMP-6,Supervisor-2,31,26,577,8.8,9,17887
15-Jan-17,Jan-17,3,EMP-7,Supervisor-2,53,23,419,9,9,22207
15-Jan-17,Jan-17,3,EMP-8,Supervisor-2,66,14,560,6.9,9,36960
15-Jan-17,Jan-17,3,EMP-9,Supervisor-2,66,26,412,7.8,9,27192
15-Jan-17,Jan-17,3,EMP-10,Supervisor-2,60,20,375,7.8,9,22500
15-Jan-17,Jan-17,3,EMP-11,Supervisor-2,40,13,461,5.9,9,18440
15-Jan-17,Jan-17,3,EMP-12,Supervisor-2,60,8,543,4.9,9,32580
15-Jan-17,Jan-17,3,EMP-13,Supervisor-2,40,20,573,4.9,9,22920
15-Jan-17,Jan-17,3,EMP-14,Supervisor-2,47,12,391,4.9,9,18377
15-Jan-17,Jan-17,3,EMP-15,Supervisor-3,62,10,556,5.9,9,34472
15-Jan-17,Jan-17,3,EMP-16,Supervisor-3,39,27,458,6.9,9,17862
15-Jan-17,Jan-17,3,EMP-17,Supervisor-3,32,16,527,9,9,16864
15-Jan-17,Jan-17,3,EMP-18,Supervisor-3,47,16,360,8.8,9,16920
15-Jan-17,Jan-17,3,EMP-19,Supervisor-3,30,26,426,7.8,9,12780
15-Jan-17,Jan-17,3,EMP-20,Supervisor-3,60,21,327,6.9,9,19620
16-Jan-17,Jan-17,4,EMP-1,Supervisor-1,68,19,558,6.9,9,37944
16-Jan-17,Jan-17,4,EMP-2,Supervisor-1,70,9,587,9,9,41090
16-Jan-17,Jan-17,4,EMP-3,Supervisor-1,68,26,465,6.9,9,31620
16-Jan-17,Jan-17,4,EMP-4,Supervisor-1,64,21,314,8.8,9,20096
16-Jan-17,Jan-17,4,EMP-5,Supervisor-1,65,12,401,7.8,9,26065
16-Jan-17,Jan-17,4,EMP-6,Supervisor-2,39,18,592,6.9,9,23088
16-Jan-17,Jan-17,4,EMP-7,Supervisor-2,64,21,354,8.8,9,22656
16-Jan-17,Jan-17,4,EMP-8,Supervisor-2,38,13,467,7.8,9,17746
16-Jan-17,Jan-17,4,EMP-9,Supervisor-2,44,16,416,5.9,9,18304
16-Jan-17,Jan-17,4,EMP-10,Supervisor-2,63,25,466,7.8,9,29358
16-Jan-17,Jan-17,4,EMP-11,Supervisor-2,34,9,325,6.9,9,11050
16-Jan-17,Jan-17,4,EMP-12,Supervisor-2,49,25,453,7.8,9,22197
16-Jan-17,Jan-17,4,EMP-13,Supervisor-2,38,14,324,8.8,9,12312
16-Jan-17,Jan-17,4,EMP-14,Supervisor-2,46,7,405,5.9,9,18630
16-Jan-17,Jan-17,4,EMP-15,Supervisor-3,59,17,507,7.8,9,29913
16-Jan-17,Jan-17,4,EMP-16,Supervisor-3,39,9,467,6.9,9,18213
16-Jan-17,Jan-17,4,EMP-17,Supervisor-3,37,10,530,8.8,9,19610
16-Jan-17,Jan-17,4,EMP-18,Supervisor-3,65,12,545,9,9,35425
16-Jan-17,Jan-17,4,EMP-19,Supervisor-3,33,5,584,7.8,9,19272
16-Jan-17,Jan-17,4,EMP-20,Supervisor-3,66,9,592,4.9,9,39072
17-Jan-17,Jan-17,4,EMP-1,Supervisor-1,64,9,311,8.8,9,19904
17-Jan-17,Jan-17,4,EMP-2,Supervisor-1,48,23,403,6.9,9,19344
17-Jan-17,Jan-17,4,EMP-3,Supervisor-1,37,14,489,7.8,9,18093
17-Jan-17,Jan-17,4,EMP-4,Supervisor-1,33,11,425,5.9,9,14025
17-Jan-17,Jan-17,4,EMP-5,Supervisor-1,55,27,413,6.9,9,22715
17-Jan-17,Jan-17,4,EMP-6,Supervisor-2,43,6,353,4.9,9,15179
17-Jan-17,Jan-17,4,EMP-7,Supervisor-2,30,12,414,5.9,9,12420
17-Jan-17,Jan-17,4,EMP-8,Supervisor-2,41,18,476,4.9,9,19516
17-Jan-17,Jan-17,4,EMP-9,Supervisor-2,30,19,366,6.9,9,10980
17-Jan-17,Jan-17,4,EMP-10,Supervisor-2,40,22,403,4.9,9,16120
17-Jan-17,Jan-17,4,EMP-11,Supervisor-2,56,21,583,4.9,9,32648
17-Jan-17,Jan-17,4,EMP-12,Supervisor-2,67,6,476,8.8,9,31892
17-Jan-17,Jan-17,4,EMP-13,Supervisor-2,63,21,406,9,9,25578
17-Jan-17,Jan-17,4,EMP-14,Supervisor-2,52,8,528,5.9,9,27456
17-Jan-17,Jan-17,4,EMP-15,Supervisor-3,63,26,539,5.9,9,33957
17-Jan-17,Jan-17,4,EMP-16,Supervisor-3,56,7,489,7.8,9,27384
17-Jan-17,Jan-17,4,EMP-17,Supervisor-3,65,12,333,4.9,9,21645
17-Jan-17,Jan-17,4,EMP-18,Supervisor-3,36,27,419,4.9,9,15084
17-Jan-17,Jan-17,4,EMP-19,Supervisor-3,53,24,426,5.9,9,22578
17-Jan-17,Jan-17,4,EMP-20,Supervisor-3,63,20,498,6.9,9,31374
18-Jan-17,Jan-17,4,EMP-1,Supervisor-1,30,5,312,5.9,9,9360
18-Jan-17,Jan-17,4,EMP-2,Supervisor-1,67,10,444,9,9,29748
18-Jan-17,Jan-17,4,EMP-3,Supervisor-1,55,5,579,9,9,31845
18-Jan-17,Jan-17,4,EMP-4,Supervisor-1,30,8,315,5.9,9,9450
18-Jan-17,Jan-17,4,EMP-5,Supervisor-1,33,17,481,8.8,9,15873
18-Jan-17,Jan-17,4,EMP-6,Supervisor-2,31,22,508,9,9,15748
18-Jan-17,Jan-17,4,EMP-7,Supervisor-2,30,13,346,6.9,9,10380
18-Jan-17,Jan-17,4,EMP-8,Supervisor-2,62,22,398,6.9,9,24676
18-Jan-17,Jan-17,4,EMP-9,Supervisor-2,57,5,305,8.8,9,17385
18-Jan-17,Jan-17,4,EMP-10,Supervisor-2,31,13,389,9,9,12059
18-Jan-17,Jan-17,4,EMP-11,Supervisor-2,62,16,520,9,9,32240
18-Jan-17,Jan-17,4,EMP-12,Supervisor-2,68,19,403,6.9,9,27404
18-Jan-17,Jan-17,4,EMP-13,Supervisor-2,63,16,345,7.8,9,21735
18-Jan-17,Jan-17,4,EMP-14,Supervisor-2,51,0,379,9,9,19329
18-Jan-17,Jan-17,4,EMP-15,Supervisor-3,61,17,552,5.9,9,33672
18-Jan-17,Jan-17,4,EMP-16,Supervisor-3,65,21,590,9,9,38350
18-Jan-17,Jan-17,4,EMP-17,Supervisor-3,70,9,502,8.8,9,35140
18-Jan-17,Jan-17,4,EMP-18,Supervisor-3,61,24,304,9,9,18544
18-Jan-17,Jan-17,4,EMP-19,Supervisor-3,53,25,410,7.8,9,21730
18-Jan-17,Jan-17,4,EMP-20,Supervisor-3,57,25,534,4.9,9,30438
19-Jan-17,Jan-17,4,EMP-1,Supervisor-1,60,16,541,9,9,32460
19-Jan-17,Jan-17,4,EMP-2,Supervisor-1,50,6,515,4.9,9,25750
19-Jan-17,Jan-17,4,EMP-3,Supervisor-1,32,23,469,8.8,9,15008
19-Jan-17,Jan-17,4,EMP-4,Supervisor-1,47,15,380,6.9,9,17860
19-Jan-17,Jan-17,4,EMP-5,Supervisor-1,69,14,385,5.9,9,26565
19-Jan-17,Jan-17,4,EMP-6,Supervisor-2,66,23,565,5.9,9,37290
19-Jan-17,Jan-17,4,EMP-7,Supervisor-2,60,26,563,8.8,9,33780
19-Jan-17,Jan-17,4,EMP-8,Supervisor-2,37,0,311,5.9,9,11507
19-Jan-17,Jan-17,4,EMP-9,Supervisor-2,39,24,331,7.8,9,12909
19-Jan-17,Jan-17,4,EMP-10,Supervisor-2,51,19,331,9,9,16881
19-Jan-17,Jan-17,4,EMP-11,Supervisor-2,55,5,358,9,9,19690
19-Jan-17,Jan-17,4,EMP-12,Supervisor-2,56,6,567,4.9,9,31752
19-Jan-17,Jan-17,4,EMP-13,Supervisor-2,62,23,320,5.9,9,19840
19-Jan-17,Jan-17,4,EMP-14,Supervisor-2,46,14,442,5.9,9,20332
19-Jan-17,Jan-17,4,EMP-15,Supervisor-3,48,16,599,6.9,9,28752
19-Jan-17,Jan-17,4,EMP-16,Supervisor-3,53,21,592,4.9,9,31376
19-Jan-17,Jan-17,4,EMP-17,Supervisor-3,57,27,419,6.9,9,23883
19-Jan-17,Jan-17,4,EMP-18,Supervisor-3,58,9,426,9,9,24708
19-Jan-17,Jan-17,4,EMP-19,Supervisor-3,68,19,319,8.8,9,21692
19-Jan-17,Jan-17,4,EMP-20,Supervisor-3,52,23,476,8.8,9,24752
20-Jan-17,Jan-17,4,EMP-1,Supervisor-1,54,13,470,8.8,9,25380
20-Jan-17,Jan-17,4,EMP-2,Supervisor-1,66,22,494,9,9,32604
20-Jan-17,Jan-17,4,EMP-3,Supervisor-1,65,19,320,5.9,9,20800
20-Jan-17,Jan-17,4,EMP-4,Supervisor-1,69,20,383,4.9,9,26427
20-Jan-17,Jan-17,4,EMP-5,Supervisor-1,61,19,538,9,9,32818
20-Jan-17,Jan-17,4,EMP-6,Supervisor-2,69,18,483,7.8,9,33327
20-Jan-17,Jan-17,4,EMP-7,Supervisor-2,46,14,455,6.9,9,20930
20-Jan-17,Jan-17,4,EMP-8,Supervisor-2,55,23,400,5.9,9,22000
20-Jan-17,Jan-17,4,EMP-9,Supervisor-2,54,16,396,6.9,9,21384
20-Jan-17,Jan-17,4,EMP-10,Supervisor-2,46,13,546,5.9,9,25116
20-Jan-17,Jan-17,4,EMP-11,Supervisor-2,33,12,552,6.9,9,18216
20-Jan-17,Jan-17,4,EMP-12,Supervisor-2,49,6,394,7.8,9,19306
20-Jan-17,Jan-17,4,EMP-13,Supervisor-2,65,20,431,9,9,28015
20-Jan-17,Jan-17,4,EMP-14,Supervisor-2,35,24,509,6.9,9,17815
20-Jan-17,Jan-17,4,EMP-15,Supervisor-3,46,19,361,5.9,9,16606
20-Jan-17,Jan-17,4,EMP-16,Supervisor-3,68,27,567,4.9,9,38556
20-Jan-17,Jan-17,4,EMP-17,Supervisor-3,66,25,360,6.9,9,23760
20-Jan-17,Jan-17,4,EMP-18,Supervisor-3,51,8,500,8.8,9,25500
20-Jan-17,Jan-17,4,EMP-19,Supervisor-3,46,14,428,7.8,9,19688
20-Jan-17,Jan-17,4,EMP-20,Supervisor-3,49,12,551,5.9,9,26999
21-Jan-17,Jan-17,4,EMP-1,Supervisor-1,42,11,359,8.8,9,15078
21-Jan-17,Jan-17,4,EMP-2,Supervisor-1,68,18,422,8.8,9,28696
21-Jan-17,Jan-17,4,EMP-3,Supervisor-1,53,24,321,7.8,9,17013
21-Jan-17,Jan-17,4,EMP-4,Supervisor-1,58,7,428,4.9,9,24824
21-Jan-17,Jan-17,4,EMP-5,Supervisor-1,30,7,377,8.8,9,11310
21-Jan-17,Jan-17,4,EMP-6,Supervisor-2,57,15,392,8.8,9,22344
21-Jan-17,Jan-17,4,EMP-7,Supervisor-2,39,6,522,5.9,9,20358
21-Jan-17,Jan-17,4,EMP-8,Supervisor-2,46,17,557,5.9,9,25622
21-Jan-17,Jan-17,4,EMP-9,Supervisor-2,40,27,416,9,9,16640
21-Jan-17,Jan-17,4,EMP-10,Supervisor-2,40,7,457,5.9,9,18280
21-Jan-17,Jan-17,4,EMP-11,Supervisor-2,41,10,595,4.9,9,24395
21-Jan-17,Jan-17,4,EMP-12,Supervisor-2,45,26,595,8.8,9,26775
21-Jan-17,Jan-17,4,EMP-13,Supervisor-2,50,7,540,6.9,9,27000
21-Jan-17,Jan-17,4,EMP-14,Supervisor-2,58,9,445,8.8,9,25810
21-Jan-17,Jan-17,4,EMP-15,Supervisor-3,65,12,556,7.8,9,36140
21-Jan-17,Jan-17,4,EMP-16,Supervisor-3,35,21,403,5.9,9,14105
21-Jan-17,Jan-17,4,EMP-17,Supervisor-3,41,6,541,7.8,9,22181
21-Jan-17,Jan-17,4,EMP-18,Supervisor-3,69,13,397,8.8,9,27393
21-Jan-17,Jan-17,4,EMP-19,Supervisor-3,70,0,472,9,9,33040
21-Jan-17,Jan-17,4,EMP-20,Supervisor-3,43,22,516,4.9,9,22188
22-Jan-17,Jan-17,4,EMP-1,Supervisor-1,64,5,529,8.8,9,33856
22-Jan-17,Jan-17,4,EMP-2,Supervisor-1,60,23,378,4.9,9,22680
22-Jan-17,Jan-17,4,EMP-3,Supervisor-1,54,14,426,6.9,9,23004
22-Jan-17,Jan-17,4,EMP-4,Supervisor-1,69,13,317,4.9,9,21873
22-Jan-17,Jan-17,4,EMP-5,Supervisor-1,62,23,522,9,9,32364
22-Jan-17,Jan-17,4,EMP-6,Supervisor-2,63,0,431,8.8,9,27153
22-Jan-17,Jan-17,4,EMP-7,Supervisor-2,47,26,484,9,9,22748
22-Jan-17,Jan-17,4,EMP-8,Supervisor-2,43,6,328,6.9,9,14104
22-Jan-17,Jan-17,4,EMP-9,Supervisor-2,35,25,408,7.8,9,14280
22-Jan-17,Jan-17,4,EMP-10,Supervisor-2,30,24,492,4.9,9,14760
22-Jan-17,Jan-17,4,EMP-11,Supervisor-2,55,24,577,5.9,9,31735
22-Jan-17,Jan-17,4,EMP-12,Supervisor-2,46,7,498,4.9,9,22908
22-Jan-17,Jan-17,4,EMP-13,Supervisor-2,67,6,470,4.9,9,31490
22-Jan-17,Jan-17,4,EMP-14,Supervisor-2,34,0,545,6.9,9,18530
22-Jan-17,Jan-17,4,EMP-15,Supervisor-3,36,9,541,8.8,9,19476
22-Jan-17,Jan-17,4,EMP-16,Supervisor-3,62,15,490,7.8,9,30380
22-Jan-17,Jan-17,4,EMP-17,Supervisor-3,57,21,399,7.8,9,22743
22-Jan-17,Jan-17,4,EMP-18,Supervisor-3,35,14,396,8.8,9,13860
22-Jan-17,Jan-17,4,EMP-19,Supervisor-3,70,15,501,4.9,9,35070
22-Jan-17,Jan-17,4,EMP-20,Supervisor-3,57,20,378,5.9,9,21546
23-Jan-17,Jan-17,5,EMP-1,Supervisor-1,61,23,420,7.8,9,25620
23-Jan-17,Jan-17,5,EMP-2,Supervisor-1,68,14,566,7.8,9,38488
23-Jan-17,Jan-17,5,EMP-3,Supervisor-1,39,19,562,9,9,21918
23-Jan-17,Jan-17,5,EMP-4,Supervisor-1,45,10,415,9,9,18675
23-Jan-17,Jan-17,5,EMP-5,Supervisor-1,34,14,300,9,9,10200
23-Jan-17,Jan-17,5,EMP-6,Supervisor-2,44,7,554,7.8,9,24376
23-Jan-17,Jan-17,5,EMP-7,Supervisor-2,40,18,498,4.9,9,19920
23-Jan-17,Jan-17,5,EMP-8,Supervisor-2,48,14,538,4.9,9,25824
23-Jan-17,Jan-17,5,EMP-9,Supervisor-2,33,17,480,5.9,9,15840
23-Jan-17,Jan-17,5,EMP-10,Supervisor-2,65,16,379,7.8,9,24635
23-Jan-17,Jan-17,5,EMP-11,Supervisor-2,49,14,471,5.9,9,23079
23-Jan-17,Jan-17,5,EMP-12,Supervisor-2,60,5,481,6.9,9,28860
23-Jan-17,Jan-17,5,EMP-13,Supervisor-2,70,11,403,4.9,9,28210
23-Jan-17,Jan-17,5,EMP-14,Supervisor-2,30,0,432,9,9,12960
23-Jan-17,Jan-17,5,EMP-15,Supervisor-3,44,17,443,9,9,19492
23-Jan-17,Jan-17,5,EMP-16,Supervisor-3,41,25,578,5.9,9,23698
23-Jan-17,Jan-17,5,EMP-17,Supervisor-3,54,11,448,7.8,9,24192
23-Jan-17,Jan-17,5,EMP-18,Supervisor-3,65,6,595,4.9,9,38675
23-Jan-17,Jan-17,5,EMP-19,Supervisor-3,33,15,472,8.8,9,15576
23-Jan-17,Jan-17,5,EMP-20,Supervisor-3,42,0,490,8.8,9,20580
24-Jan-17,Jan-17,5,EMP-1,Supervisor-1,46,11,425,8.8,9,19550
24-Jan-17,Jan-17,5,EMP-2,Supervisor-1,48,8,471,5.9,9,22608
24-Jan-17,Jan-17,5,EMP-3,Supervisor-1,44,12,307,5.9,9,13508
24-Jan-17,Jan-17,5,EMP-4,Supervisor-1,61,11,378,5.9,9,23058
24-Jan-17,Jan-17,5,EMP-5,Supervisor-1,36,14,306,7.8,9,11016
24-Jan-17,Jan-17,5,EMP-6,Supervisor-2,39,14,506,5.9,9,19734
24-Jan-17,Jan-17,5,EMP-7,Supervisor-2,53,17,534,9,9,28302
24-Jan-17,Jan-17,5,EMP-8,Supervisor-2,37,24,573,8.8,9,21201
24-Jan-17,Jan-17,5,EMP-9,Supervisor-2,70,27,490,5.9,9,34300
24-Jan-17,Jan-17,5,EMP-10,Supervisor-2,58,19,524,5.9,9,30392
24-Jan-17,Jan-17,5,EMP-11,Supervisor-2,48,24,445,7.8,9,21360
24-Jan-17,Jan-17,5,EMP-12,Supervisor-2,63,26,357,6.9,9,22491
24-Jan-17,Jan-17,5,EMP-13,Supervisor-2,43,7,363,6.9,9,15609
24-Jan-17,Jan-17,5,EMP-14,Supervisor-2,52,25,459,9,9,23868
24-Jan-17,Jan-17,5,EMP-15,Supervisor-3,31,26,362,6.9,9,11222
24-Jan-17,Jan-17,5,EMP-16,Supervisor-3,68,15,502,4.9,9,34136
24-Jan-17,Jan-17,5,EMP-17,Supervisor-3,53,19,305,7.8,9,16165
24-Jan-17,Jan-17,5,EMP-18,Supervisor-3,36,17,526,9,9,18936
24-Jan-17,Jan-17,5,EMP-19,Supervisor-3,49,26,402,8.8,9,19698
24-Jan-17,Jan-17,5,EMP-20,Supervisor-3,64,22,474,8.8,9,30336
25-Jan-17,Jan-17,5,EMP-1,Supervisor-1,67,9,506,6.9,9,33902
25-Jan-17,Jan-17,5,EMP-2,Supervisor-1,38,13,449,6.9,9,17062
25-Jan-17,Jan-17,5,EMP-3,Supervisor-1,52,26,558,7.8,9,29016
25-Jan-17,Jan-17,5,EMP-4,Supervisor-1,40,13,347,5.9,9,13880
25-Jan-17,Jan-17,5,EMP-5,Supervisor-1,67,26,579,6.9,9,38793
25-Jan-17,Jan-17,5,EMP-6,Supervisor-2,48,6,418,8.8,9,20064
25-Jan-17,Jan-17,5,EMP-7,Supervisor-2,35,5,565,4.9,9,19775
25-Jan-17,Jan-17,5,EMP-8,Supervisor-2,37,14,564,7.8,9,20868
25-Jan-17,Jan-17,5,EMP-9,Supervisor-2,45,6,536,8.8,9,24120
25-Jan-17,Jan-17,5,EMP-10,Supervisor-2,64,9,335,9,9,21440
25-Jan-17,Jan-17,5,EMP-11,Supervisor-2,49,20,317,5.9,9,15533
25-Jan-17,Jan-17,5,EMP-12,Supervisor-2,46,20,588,9,9,27048
25-Jan-17,Jan-17,5,EMP-13,Supervisor-2,65,18,495,6.9,9,32175
25-Jan-17,Jan-17,5,EMP-14,Supervisor-2,49,15,568,7.8,9,27832
25-Jan-17,Jan-17,5,EMP-15,Supervisor-3,45,8,397,8.8,9,17865
25-Jan-17,Jan-17,5,EMP-16,Supervisor-3,43,16,567,6.9,9,24381
25-Jan-17,Jan-17,5,EMP-17,Supervisor-3,49,25,407,8.8,9,19943
25-Jan-17,Jan-17,5,EMP-18,Supervisor-3,70,10,371,6.9,9,25970
25-Jan-17,Jan-17,5,EMP-19,Supervisor-3,51,9,542,4.9,9,27642
25-Jan-17,Jan-17,5,EMP-20,Supervisor-3,40,15,502,7.8,9,20080
26-Jan-17,Jan-17,5,EMP-1,Supervisor-1,51,6,500,4.9,9,25500
26-Jan-17,Jan-17,5,EMP-2,Supervisor-1,43,27,542,9,9,23306
26-Jan-17,Jan-17,5,EMP-3,Supervisor-1,62,13,408,5.9,9,25296
26-Jan-17,Jan-17,5,EMP-4,Supervisor-1,60,22,305,5.9,9,18300
26-Jan-17,Jan-17,5,EMP-5,Supervisor-1,49,13,515,8.8,9,25235
26-Jan-17,Jan-17,5,EMP-6,Supervisor-2,66,5,528,8.8,9,34848
26-Jan-17,Jan-17,5,EMP-7,Supervisor-2,33,22,596,6.9,9,19668
26-Jan-17,Jan-17,5,EMP-8,Supervisor-2,63,23,519,8.8,9,32697
26-Jan-17,Jan-17,5,EMP-9,Supervisor-2,32,6,322,5.9,9,10304
26-Jan-17,Jan-17,5,EMP-10,Supervisor-2,57,12,405,7.8,9,23085
26-Jan-17,Jan-17,5,EMP-11,Supervisor-2,47,10,519,6.9,9,24393
26-Jan-17,Jan-17,5,EMP-12,Supervisor-2,33,8,302,5.9,9,9966
26-Jan-17,Jan-17,5,EMP-13,Supervisor-2,68,13,373,5.9,9,25364
26-Jan-17,Jan-17,5,EMP-14,Supervisor-2,48,23,516,5.9,9,24768
26-Jan-17,Jan-17,5,EMP-15,Supervisor-3,34,10,508,6.9,9,17272
26-Jan-17,Jan-17,5,EMP-16,Supervisor-3,66,10,561,4.9,9,37026
26-Jan-17,Jan-17,5,EMP-17,Supervisor-3,33,18,311,6.9,9,10263
26-Jan-17,Jan-17,5,EMP-18,Supervisor-3,30,22,342,5.9,9,10260
26-Jan-17,Jan-17,5,EMP-19,Supervisor-3,37,23,407,7.8,9,15059
26-Jan-17,Jan-17,5,EMP-20,Supervisor-3,61,22,394,5.9,9,24034
27-Jan-17,Jan-17,5,EMP-1,Supervisor-1,39,5,364,6.9,9,14196
27-Jan-17,Jan-17,5,EMP-2,Supervisor-1,44,24,410,5.9,9,18040
27-Jan-17,Jan-17,5,EMP-3,Supervisor-1,34,14,445,8.8,9,15130
27-Jan-17,Jan-17,5,EMP-4,Supervisor-1,40,9,303,4.9,9,12120
27-Jan-17,Jan-17,5,EMP-5,Supervisor-1,60,24,550,7.8,9,33000
27-Jan-17,Jan-17,5,EMP-6,Supervisor-2,66,9,506,8.8,9,33396
27-Jan-17,Jan-17,5,EMP-7,Supervisor-2,64,13,413,7.8,9,26432
27-Jan-17,Jan-17,5,EMP-8,Supervisor-2,55,14,359,6.9,9,19745
27-Jan-17,Jan-17,5,EMP-9,Supervisor-2,36,7,339,4.9,9,12204
27-Jan-17,Jan-17,5,EMP-10,Supervisor-2,68,18,569,6.9,9,38692
27-Jan-17,Jan-17,5,EMP-11,Supervisor-2,60,19,321,6.9,9,19260
27-Jan-17,Jan-17,5,EMP-12,Supervisor-2,57,16,475,7.8,9,27075
27-Jan-17,Jan-17,5,EMP-13,Supervisor-2,61,21,482,8.8,9,29402
27-Jan-17,Jan-17,5,EMP-14,Supervisor-2,30,17,500,4.9,9,15000
27-Jan-17,Jan-17,5,EMP-15,Supervisor-3,50,12,447,9,9,22350
27-Jan-17,Jan-17,5,EMP-16,Supervisor-3,53,25,418,9,9,22154
27-Jan-17,Jan-17,5,EMP-17,Supervisor-3,59,26,595,4.9,9,35105
27-Jan-17,Jan-17,5,EMP-18,Supervisor-3,67,16,585,6.9,9,39195
27-Jan-17,Jan-17,5,EMP-19,Supervisor-3,46,21,480,7.8,9,22080
27-Jan-17,Jan-17,5,EMP-20,Supervisor-3,39,17,557,5.9,9,21723
28-Jan-17,Jan-17,5,EMP-1,Supervisor-1,60,18,348,5.9,9,20880
28-Jan-17,Jan-17,5,EMP-2,Supervisor-1,38,19,448,5.9,9,17024
28-Jan-17,Jan-17,5,EMP-3,Supervisor-1,43,22,538,5.9,9,23134
28-Jan-17,Jan-17,5,EMP-4,Supervisor-1,66,16,464,4.9,9,30624
28-Jan-17,Jan-17,5,EMP-5,Supervisor-1,63,21,520,5.9,9,32760
28-Jan-17,Jan-17,5,EMP-6,Supervisor-2,45,12,429,4.9,9,19305
28-Jan-17,Jan-17,5,EMP-7,Supervisor-2,66,8,546,9,9,36036
28-Jan-17,Jan-17,5,EMP-8,Supervisor-2,51,13,357,9,9,18207
28-Jan-17,Jan-17,5,EMP-9,Supervisor-2,66,18,323,7.8,9,21318
28-Jan-17,Jan-17,5,EMP-10,Supervisor-2,33,8,323,7.8,9,10659
28-Jan-17,Jan-17,5,EMP-11,Supervisor-2,36,10,326,6.9,9,11736
28-Jan-17,Jan-17,5,EMP-12,Supervisor-2,63,8,534,9,9,33642
28-Jan-17,Jan-17,5,EMP-13,Supervisor-2,52,0,361,5.9,9,18772
28-Jan-17,Jan-17,5,EMP-14,Supervisor-2,53,10,384,6.9,9,20352
28-Jan-17,Jan-17,5,EMP-15,Supervisor-3,34,18,363,6.9,9,12342
28-Jan-17,Jan-17,5,EMP-16,Supervisor-3,43,20,325,4.9,9,13975
28-Jan-17,Jan-17,5,EMP-17,Supervisor-3,63,14,334,4.9,9,21042
28-Jan-17,Jan-17,5,EMP-18,Supervisor-3,52,18,551,7.8,9,28652
28-Jan-17,Jan-17,5,EMP-19,Supervisor-3,43,16,437,5.9,9,18791
28-Jan-17,Jan-17,5,EMP-20,Supervisor-3,37,13,351,7.8,9,12987
29-Jan-17,Jan-17,5,EMP-1,Supervisor-1,44,7,312,7.8,9,13728
29-Jan-17,Jan-17,5,EMP-2,Supervisor-1,60,18,330,4.9,9,19800
29-Jan-17,Jan-17,5,EMP-3,Supervisor-1,31,24,443,9,9,13733
29-Jan-17,Jan-17,5,EMP-4,Supervisor-1,58,20,408,8.8,9,23664
29-Jan-17,Jan-17,5,EMP-5,Supervisor-1,40,5,328,5.9,9,13120
29-Jan-17,Jan-17,5,EMP-6,Supervisor-2,56,9,339,4.9,9,18984
29-Jan-17,Jan-17,5,EMP-7,Supervisor-2,68,27,404,6.9,9,27472
29-Jan-17,Jan-17,5,EMP-8,Supervisor-2,46,6,531,8.8,9,24426
29-Jan-17,Jan-17,5,EMP-9,Supervisor-2,49,10,344,6.9,9,16856
29-Jan-17,Jan-17,5,EMP-10,Supervisor-2,44,22,352,9,9,15488
29-Jan-17,Jan-17,5,EMP-11,Supervisor-2,70,9,487,5.9,9,34090
29-Jan-17,Jan-17,5,EMP-12,Supervisor-2,33,17,590,8.8,9,19470
29-Jan-17,Jan-17,5,EMP-13,Supervisor-2,36,19,396,5.9,9,14256
29-Jan-17,Jan-17,5,EMP-14,Supervisor-2,52,8,578,6.9,9,30056
29-Jan-17,Jan-17,5,EMP-15,Supervisor-3,43,25,514,5.9,9,22102
29-Jan-17,Jan-17,5,EMP-16,Supervisor-3,53,24,342,4.9,9,18126
29-Jan-17,Jan-17,5,EMP-17,Supervisor-3,59,10,561,6.9,9,33099
29-Jan-17,Jan-17,5,EMP-18,Supervisor-3,44,9,541,8.8,9,23804
29-Jan-17,Jan-17,5,EMP-19,Supervisor-3,49,15,370,9,9,18130
29-Jan-17,Jan-17,5,EMP-20,Supervisor-3,69,26,300,4.9,9,20700
30-Jan-17,Jan-17,6,EMP-1,Supervisor-1,44,8,589,9,9,25916
30-Jan-17,Jan-17,6,EMP-2,Supervisor-1,38,20,453,4.9,9,17214
30-Jan-17,Jan-17,6,EMP-3,Supervisor-1,49,12,573,5.9,9,28077
30-Jan-17,Jan-17,6,EMP-4,Supervisor-1,38,22,415,9,9,15770
30-Jan-17,Jan-17,6,EMP-5,Supervisor-1,52,14,406,6.9,9,21112
30-Jan-17,Jan-17,6,EMP-6,Supervisor-2,51,27,326,8.8,9,16626
30-Jan-17,Jan-17,6,EMP-7,Supervisor-2,63,18,592,9,9,37296
30-Jan-17,Jan-17,6,EMP-8,Supervisor-2,49,17,391,7.8,9,19159
30-Jan-17,Jan-17,6,EMP-9,Supervisor-2,39,10,401,4.9,9,15639
30-Jan-17,Jan-17,6,EMP-10,Supervisor-2,31,21,441,5.9,9,13671
30-Jan-17,Jan-17,6,EMP-11,Supervisor-2,38,12,396,5.9,9,15048
30-Jan-17,Jan-17,6,EMP-12,Supervisor-2,41,17,313,5.9,9,12833
30-Jan-17,Jan-17,6,EMP-13,Supervisor-2,58,22,493,9,9,28594
30-Jan-17,Jan-17,6,EMP-14,Supervisor-2,31,13,400,7.8,9,12400
30-Jan-17,Jan-17,6,EMP-15,Supervisor-3,30,22,535,6.9,9,16050
30-Jan-17,Jan-17,6,EMP-16,Supervisor-3,31,25,430,9,9,13330
30-Jan-17,Jan-17,6,EMP-17,Supervisor-3,65,5,597,6.9,9,38805
30-Jan-17,Jan-17,6,EMP-18,Supervisor-3,44,27,438,6.9,9,19272
30-Jan-17,Jan-17,6,EMP-19,Supervisor-3,69,16,599,9,9,41331
30-Jan-17,Jan-17,6,EMP-20,Supervisor-3,32,26,385,8.8,9,12320
31-Jan-17,Jan-17,6,EMP-1,Supervisor-1,38,18,593,4.9,9,22534
31-Jan-17,Jan-17,6,EMP-2,Supervisor-1,53,15,450,4.9,9,23850
31-Jan-17,Jan-17,6,EMP-3,Supervisor-1,56,0,591,6.9,9,33096
31-Jan-17,Jan-17,6,EMP-4,Supervisor-1,54,14,317,7.8,9,17118
31-Jan-17,Jan-17,6,EMP-5,Supervisor-1,39,5,547,5.9,9,21333
31-Jan-17,Jan-17,6,EMP-6,Supervisor-2,41,19,546,8.8,9,22386
31-Jan-17,Jan-17,6,EMP-7,Supervisor-2,67,12,598,4.9,9,40066
31-Jan-17,Jan-17,6,EMP-8,Supervisor-2,37,24,356,4.9,9,13172
31-Jan-17,Jan-17,6,EMP-9,Supervisor-2,59,23,471,7.8,9,27789
31-Jan-17,Jan-17,6,EMP-10,Supervisor-2,31,24,419,8.8,9,12989
31-Jan-17,Jan-17,6,EMP-11,Supervisor-2,34,22,572,6.9,9,19448
31-Jan-17,Jan-17,6,EMP-12,Supervisor-2,54,5,552,7.8,9,29808
31-Jan-17,Jan-17,6,EMP-13,Supervisor-2,63,24,313,9,9,19719
31-Jan-17,Jan-17,6,EMP-14,Supervisor-2,65,13,367,4.9,9,23855
31-Jan-17,Jan-17,6,EMP-15,Supervisor-3,36,9,560,7.8,9,20160
31-Jan-17,Jan-17,6,EMP-16,Supervisor-3,32,25,560,9,9,17920
31-Jan-17,Jan-17,6,EMP-17,Supervisor-3,30,5,407,5.9,9,12210
31-Jan-17,Jan-17,6,EMP-18,Supervisor-3,62,13,340,6.9,9,21080
31-Jan-17,Jan-17,6,EMP-19,Supervisor-3,32,19,538,5.9,9,17216
31-Jan-17,Jan-17,6,EMP-20,Supervisor-3,48,27,484,8.8,9,23232
01-Feb-17,Feb-17,6,EMP-1,Supervisor-1,34,5,590,9,9,20060
01-Feb-17,Feb-17,6,EMP-2,Supervisor-1,47,23,432,4.9,9,20304
01-Feb-17,Feb-17,6,EMP-3,Supervisor-1,54,26,369,8.8,9,19926
01-Feb-17,Feb-17,6,EMP-4,Supervisor-1,31,5,573,9,9,17763
01-Feb-17,Feb-17,6,EMP-5,Supervisor-1,39,18,375,6.9,9,14625
01-Feb-17,Feb-17,6,EMP-6,Supervisor-2,45,6,564,9,9,25380
01-Feb-17,Feb-17,6,EMP-7,Supervisor-2,63,16,343,8.8,9,21609
01-Feb-17,Feb-17,6,EMP-8,Supervisor-2,41,0,474,7.8,9,19434
01-Feb-17,Feb-17,6,EMP-9,Supervisor-2,66,14,410,4.9,9,27060
01-Feb-17,Feb-17,6,EMP-10,Supervisor-2,65,26,532,5.9,9,34580
01-Feb-17,Feb-17,6,EMP-11,Supervisor-2,67,23,330,9,9,22110
01-Feb-17,Feb-17,6,EMP-12,Supervisor-2,50,26,344,8.8,9,17200
01-Feb-17,Feb-17,6,EMP-13,Supervisor-2,40,20,581,4.9,9,23240
01-Feb-17,Feb-17,6,EMP-14,Supervisor-2,45,7,367,4.9,9,16515
01-Feb-17,Feb-17,6,EMP-15,Supervisor-3,31,8,568,9,9,17608
01-Feb-17,Feb-17,6,EMP-16,Supervisor-3,65,20,330,8.8,9,21450
01-Feb-17,Feb-17,6,EMP-17,Supervisor-3,55,10,398,4.9,9,21890
01-Feb-17,Feb-17,6,EMP-18,Supervisor-3,40,13,497,9,9,19880
01-Feb-17,Feb-17,6,EMP-19,Supervisor-3,54,8,594,7.8,9,32076
01-Feb-17,Feb-17,6,EMP-20,Supervisor-3,67,17,339,4.9,9,22713
02-Feb-17,Feb-17,6,EMP-1,Supervisor-1,33,14,439,8.8,9,14487
02-Feb-17,Feb-17,6,EMP-2,Supervisor-1,68,16,387,7.8,9,26316
02-Feb-17,Feb-17,6,EMP-3,Supervisor-1,43,6,490,8.8,9,21070
02-Feb-17,Feb-17,6,EMP-4,Supervisor-1,64,5,554,8.8,9,35456
02-Feb-17,Feb-17,6,EMP-5,Supervisor-1,36,22,391,5.9,9,14076
02-Feb-17,Feb-17,6,EMP-6,Supervisor-2,37,24,401,6.9,9,14837
02-Feb-17,Feb-17,6,EMP-7,Supervisor-2,62,21,343,7.8,9,21266
02-Feb-17,Feb-17,6,EMP-8,Supervisor-2,56,13,443,8.8,9,24808
02-Feb-17,Feb-17,6,EMP-9,Supervisor-2,39,8,575,5.9,9,22425
02-Feb-17,Feb-17,6,EMP-10,Supervisor-2,38,6,446,7.8,9,16948
02-Feb-17,Feb-17,6,EMP-11,Supervisor-2,59,18,359,8.8,9,21181
02-Feb-17,Feb-17,6,EMP-12,Supervisor-2,35,11,493,9,9,17255
02-Feb-17,Feb-17,6,EMP-13,Supervisor-2,40,17,318,5.9,9,12720
02-Feb-17,Feb-17,6,EMP-14,Supervisor-2,36,26,572,5.9,9,20592
02-Feb-17,Feb-17,6,EMP-15,Supervisor-3,44,7,503,7.8,9,22132
02-Feb-17,Feb-17,6,EMP-16,Supervisor-3,44,13,467,6.9,9,20548
02-Feb-17,Feb-17,6,EMP-17,Supervisor-3,40,14,362,9,9,14480
02-Feb-17,Feb-17,6,EMP-18,Supervisor-3,61,5,537,4.9,9,32757
02-Feb-17,Feb-17,6,EMP-19,Supervisor-3,34,18,406,9,9,13804
02-Feb-17,Feb-17,6,EMP-20,Supervisor-3,70,22,415,6.9,9,29050
03-Feb-17,Feb-17,6,EMP-1,Supervisor-1,35,22,503,4.9,9,17605
03-Feb-17,Feb-17,6,EMP-2,Supervisor-1,59,12,588,8.8,9,34692
03-Feb-17,Feb-17,6,EMP-3,Supervisor-1,44,6,330,4.9,9,14520
03-Feb-17,Feb-17,6,EMP-4,Supervisor-1,47,21,517,7.8,9,24299
03-Feb-17,Feb-17,6,EMP-5,Supervisor-1,56,11,353,9,9,19768
03-Feb-17,Feb-17,6,EMP-6,Supervisor-2,68,23,485,5.9,9,32980
03-Feb-17,Feb-17,6,EMP-7,Supervisor-2,59,19,562,5.9,9,33158
03-Feb-17,Feb-17,6,EMP-8,Supervisor-2,39,21,549,4.9,9,21411
03-Feb-17,Feb-17,6,EMP-9,Supervisor-2,31,7,389,6.9,9,12059
03-Feb-17,Feb-17,6,EMP-10,Supervisor-2,54,12,301,6.9,9,16254
03-Feb-17,Feb-17,6,EMP-11,Supervisor-2,67,14,304,8.8,9,20368
03-Feb-17,Feb-17,6,EMP-12,Supervisor-2,45,19,587,9,9,26415
03-Feb-17,Feb-17,6,EMP-13,Supervisor-2,65,13,456,6.9,9,29640
03-Feb-17,Feb-17,6,EMP-14,Supervisor-2,67,15,333,5.9,9,22311
03-Feb-17,Feb-17,6,EMP-15,Supervisor-3,36,26,467,5.9,9,16812
03-Feb-17,Feb-17,6,EMP-16,Supervisor-3,59,14,495,6.9,9,29205
03-Feb-17,Feb-17,6,EMP-17,Supervisor-3,61,17,307,9,9,18727
03-Feb-17,Feb-17,6,EMP-18,Supervisor-3,46,25,486,5.9,9,22356
03-Feb-17,Feb-17,6,EMP-19,Supervisor-3,40,19,409,4.9,9,16360
03-Feb-17,Feb-17,6,EMP-20,Supervisor-3,64,8,371,5.9,9,23744
04-Feb-17,Feb-17,6,EMP-1,Supervisor-1,35,26,595,4.9,9,20825
04-Feb-17,Feb-17,6,EMP-2,Supervisor-1,44,8,463,4.9,9,20372
04-Feb-17,Feb-17,6,EMP-3,Supervisor-1,54,20,516,5.9,9,27864
04-Feb-17,Feb-17,6,EMP-4,Supervisor-1,32,10,306,9,9,9792
04-Feb-17,Feb-17,6,EMP-5,Supervisor-1,60,19,424,9,9,25440
04-Feb-17,Feb-17,6,EMP-6,Supervisor-2,70,15,413,4.9,9,28910
04-Feb-17,Feb-17,6,EMP-7,Supervisor-2,55,12,546,7.8,9,30030
04-Feb-17,Feb-17,6,EMP-8,Supervisor-2,65,11,532,8.8,9,34580
04-Feb-17,Feb-17,6,EMP-9,Supervisor-2,62,25,437,6.9,9,27094
04-Feb-17,Feb-17,6,EMP-10,Supervisor-2,59,11,519,7.8,9,30621
04-Feb-17,Feb-17,6,EMP-11,Supervisor-2,40,19,534,5.9,9,21360
04-Feb-17,Feb-17,6,EMP-12,Supervisor-2,64,25,540,5.9,9,34560
04-Feb-17,Feb-17,6,EMP-13,Supervisor-2,61,24,563,4.9,9,34343
04-Feb-17,Feb-17,6,EMP-14,Supervisor-2,47,0,308,6.9,9,14476
04-Feb-17,Feb-17,6,EMP-15,Supervisor-3,50,17,487,6.9,9,24350
04-Feb-17,Feb-17,6,EMP-16,Supervisor-3,54,23,545,6.9,9,29430
04-Feb-17,Feb-17,6,EMP-17,Supervisor-3,67,9,466,9,9,31222
04-Feb-17,Feb-17,6,EMP-18,Supervisor-3,39,21,400,5.9,9,15600
04-Feb-17,Feb-17,6,EMP-19,Supervisor-3,53,7,520,5.9,9,27560
04-Feb-17,Feb-17,6,EMP-20,Supervisor-3,61,11,488,9,9,29768
05-Feb-17,Feb-17,6,EMP-1,Supervisor-1,57,17,406,7.8,9,23142
05-Feb-17,Feb-17,6,EMP-2,Supervisor-1,49,27,383,4.9,9,18767
05-Feb-17,Feb-17,6,EMP-3,Supervisor-1,51,14,370,8.8,9,18870
05-Feb-17,Feb-17,6,EMP-4,Supervisor-1,70,0,329,5.9,9,23030
05-Feb-17,Feb-17,6,EMP-5,Supervisor-1,65,8,470,5.9,9,30550
05-Feb-17,Feb-17,6,EMP-6,Supervisor-2,50,22,580,5.9,9,29000
05-Feb-17,Feb-17,6,EMP-7,Supervisor-2,59,10,530,7.8,9,31270
05-Feb-17,Feb-17,6,EMP-8,Supervisor-2,57,20,462,9,9,26334
05-Feb-17,Feb-17,6,EMP-9,Supervisor-2,50,19,549,6.9,9,27450
05-Feb-17,Feb-17,6,EMP-10,Supervisor-2,52,0,467,9,9,24284
05-Feb-17,Feb-17,6,EMP-11,Supervisor-2,31,18,327,4.9,9,10137
05-Feb-17,Feb-17,6,EMP-12,Supervisor-2,53,17,570,8.8,9,30210
05-Feb-17,Feb-17,6,EMP-13,Supervisor-2,49,9,541,9,9,26509
05-Feb-17,Feb-17,6,EMP-14,Supervisor-2,68,6,417,4.9,9,28356
05-Feb-17,Feb-17,6,EMP-15,Supervisor-3,61,13,313,9,9,19093
05-Feb-17,Feb-17,6,EMP-16,Supervisor-3,38,27,579,4.9,9,22002
05-Feb-17,Feb-17,6,EMP-17,Supervisor-3,54,5,523,6.9,9,28242
05-Feb-17,Feb-17,6,EMP-18,Supervisor-3,64,20,479,5.9,9,30656
05-Feb-17,Feb-17,6,EMP-19,Supervisor-3,46,19,350,5.9,9,16100
05-Feb-17,Feb-17,6,EMP-20,Supervisor-3,41,22,348,8.8,9,14268
06-Feb-17,Feb-17,7,EMP-1,Supervisor-1,68,22,471,6.9,9,32028
06-Feb-17,Feb-17,7,EMP-2,Supervisor-1,54,9,460,4.9,9,24840
06-Feb-17,Feb-17,7,EMP-3,Supervisor-1,51,19,519,5.9,9,26469
06-Feb-17,Feb-17,7,EMP-4,Supervisor-1,54,17,525,6.9,9,28350
06-Feb-17,Feb-17,7,EMP-5,Supervisor-1,60,20,362,7.8,9,21720
06-Feb-17,Feb-17,7,EMP-6,Supervisor-2,66,25,560,7.8,9,36960
06-Feb-17,Feb-17,7,EMP-7,Supervisor-2,46,0,311,9,9,14306
06-Feb-17,Feb-17,7,EMP-8,Supervisor-2,40,19,370,8.8,9,14800
06-Feb-17,Feb-17,7,EMP-9,Supervisor-2,58,9,579,8.8,9,33582
06-Feb-17,Feb-17,7,EMP-10,Supervisor-2,67,26,420,8.8,9,28140
06-Feb-17,Feb-17,7,EMP-11,Supervisor-2,35,21,309,7.8,9,10815
06-Feb-17,Feb-17,7,EMP-12,Supervisor-2,39,13,364,5.9,9,14196
06-Feb-17,Feb-17,7,EMP-13,Supervisor-2,58,12,422,7.8,9,24476
06-Feb-17,Feb-17,7,EMP-14,Supervisor-2,39,11,413,6.9,9,16107
06-Feb-17,Feb-17,7,EMP-15,Supervisor-3,56,17,365,6.9,9,20440
06-Feb-17,Feb-17,7,EMP-16,Supervisor-3,68,16,436,6.9,9,29648
06-Feb-17,Feb-17,7,EMP-17,Supervisor-3,62,16,405,4.9,9,25110
06-Feb-17,Feb-17,7,EMP-18,Supervisor-3,30,21,381,8.8,9,11430
06-Feb-17,Feb-17,7,EMP-19,Supervisor-3,67,6,595,8.8,9,39865
06-Feb-17,Feb-17,7,EMP-20,Supervisor-3,56,10,415,8.8,9,23240
07-Feb-17,Feb-17,7,EMP-1,Supervisor-1,37,15,598,5.9,9,22126
07-Feb-17,Feb-17,7,EMP-2,Supervisor-1,59,6,301,8.8,9,17759
07-Feb-17,Feb-17,7,EMP-3,Supervisor-1,43,21,521,7.8,9,22403
07-Feb-17,Feb-17,7,EMP-4,Supervisor-1,33,14,448,7.8,9,14784
07-Feb-17,Feb-17,7,EMP-5,Supervisor-1,43,10,479,7.8,9,20597
07-Feb-17,Feb-17,7,EMP-6,Supervisor-2,63,24,323,7.8,9,20349
07-Feb-17,Feb-17,7,EMP-7,Supervisor-2,51,15,412,5.9,9,21012
07-Feb-17,Feb-17,7,EMP-8,Supervisor-2,55,12,438,6.9,9,24090
07-Feb-17,Feb-17,7,EMP-9,Supervisor-2,31,11,486,7.8,9,15066
07-Feb-17,Feb-17,7,EMP-10,Supervisor-2,51,8,455,9,9,23205
07-Feb-17,Feb-17,7,EMP-11,Supervisor-2,60,26,381,6.9,9,22860
07-Feb-17,Feb-17,7,EMP-12,Supervisor-2,45,25,457,5.9,9,20565
07-Feb-17,Feb-17,7,EMP-13,Supervisor-2,31,19,545,7.8,9,16895
07-Feb-17,Feb-17,7,EMP-14,Supervisor-2,55,25,425,6.9,9,23375
07-Feb-17,Feb-17,7,EMP-15,Supervisor-3,33,16,468,5.9,9,15444
07-Feb-17,Feb-17,7,EMP-16,Supervisor-3,60,10,347,9,9,20820
07-Feb-17,Feb-17,7,EMP-17,Supervisor-3,48,23,422,9,9,20256
07-Feb-17,Feb-17,7,EMP-18,Supervisor-3,53,23,443,5.9,9,23479
07-Feb-17,Feb-17,7,EMP-19,Supervisor-3,49,20,497,4.9,9,24353
07-Feb-17,Feb-17,7,EMP-20,Supervisor-3,36,12,472,9,9,16992
08-Feb-17,Feb-17,7,EMP-1,Supervisor-1,55,26,449,7.8,9,24695
08-Feb-17,Feb-17,7,EMP-2,Supervisor-1,62,21,315,9,9,19530
08-Feb-17,Feb-17,7,EMP-3,Supervisor-1,34,17,359,5.9,9,12206
08-Feb-17,Feb-17,7,EMP-4,Supervisor-1,39,16,455,9,9,17745
08-Feb-17,Feb-17,7,EMP-5,Supervisor-1,36,22,468,5.9,9,16848
08-Feb-17,Feb-17,7,EMP-6,Supervisor-2,38,25,375,7.8,9,14250
08-Feb-17,Feb-17,7,EMP-7,Supervisor-2,33,16,348,8.8,9,11484
08-Feb-17,Feb-17,7,EMP-8,Supervisor-2,55,20,523,7.8,9,28765
08-Feb-17,Feb-17,7,EMP-9,Supervisor-2,45,22,434,4.9,9,19530
08-Feb-17,Feb-17,7,EMP-10,Supervisor-2,61,7,396,8.8,9,24156
08-Feb-17,Feb-17,7,EMP-11,Supervisor-2,48,0,351,5.9,9,16848
08-Feb-17,Feb-17,7,EMP-12,Supervisor-2,58,25,500,9,9,29000
08-Feb-17,Feb-17,7,EMP-13,Supervisor-2,33,16,389,4.9,9,12837
08-Feb-17,Feb-17,7,EMP-14,Supervisor-2,70,6,572,6.9,9,40040
08-Feb-17,Feb-17,7,EMP-15,Supervisor-3,58,8,561,5.9,9,32538
08-Feb-17,Feb-17,7,EMP-16,Supervisor-3,45,8,399,8.8,9,17955
08-Feb-17,Feb-17,7,EMP-17,Supervisor-3,39,10,336,4.9,9,13104
08-Feb-17,Feb-17,7,EMP-18,Supervisor-3,60,6,341,6.9,9,20460
08-Feb-17,Feb-17,7,EMP-19,Supervisor-3,67,11,424,9,9,28408
08-Feb-17,Feb-17,7,EMP-20,Supervisor-3,45,5,499,8.8,9,22455
09-Feb-17,Feb-17,7,EMP-1,Supervisor-1,52,7,383,4.9,9,19916
09-Feb-17,Feb-17,7,EMP-2,Supervisor-1,34,14,410,4.9,9,13940
09-Feb-17,Feb-17,7,EMP-3,Supervisor-1,56,16,349,5.9,9,19544
09-Feb-17,Feb-17,7,EMP-4,Supervisor-1,57,13,556,5.9,9,31692
09-Feb-17,Feb-17,7,EMP-5,Supervisor-1,47,8,544,9,9,25568
09-Feb-17,Feb-17,7,EMP-6,Supervisor-2,51,13,439,4.9,9,22389
09-Feb-17,Feb-17,7,EMP-7,Supervisor-2,47,15,369,9,9,17343
09-Feb-17,Feb-17,7,EMP-8,Supervisor-2,46,21,367,4.9,9,16882
09-Feb-17,Feb-17,7,EMP-9,Supervisor-2,42,17,596,7.8,9,25032
09-Feb-17,Feb-17,7,EMP-10,Supervisor-2,42,27,523,6.9,9,21966
09-Feb-17,Feb-17,7,EMP-11,Supervisor-2,58,12,312,5.9,9,18096
09-Feb-17,Feb-17,7,EMP-12,Supervisor-2,55,26,350,9,9,19250
09-Feb-17,Feb-17,7,EMP-13,Supervisor-2,34,7,386,5.9,9,13124
09-Feb-17,Feb-17,7,EMP-14,Supervisor-2,47,20,436,9,9,20492
09-Feb-17,Feb-17,7,EMP-15,Supervisor-3,50,13,559,6.9,9,27950
09-Feb-17,Feb-17,7,EMP-16,Supervisor-3,34,13,580,5.9,9,19720
09-Feb-17,Feb-17,7,EMP-17,Supervisor-3,70,18,496,9,9,34720
09-Feb-17,Feb-17,7,EMP-18,Supervisor-3,51,9,490,8.8,9,24990
09-Feb-17,Feb-17,7,EMP-19,Supervisor-3,44,10,506,6.9,9,22264
09-Feb-17,Feb-17,7,EMP-20,Supervisor-3,30,15,398,5.9,9,11940
10-Feb-17,Feb-17,7,EMP-1,Supervisor-1,51,26,579,5.9,9,29529
10-Feb-17,Feb-17,7,EMP-2,Supervisor-1,45,0,428,4.9,9,19260
10-Feb-17,Feb-17,7,EMP-3,Supervisor-1,38,19,387,6.9,9,14706
10-Feb-17,Feb-17,7,EMP-4,Supervisor-1,40,26,476,7.8,9,19040
10-Feb-17,Feb-17,7,EMP-5,Supervisor-1,63,21,425,8.8,9,26775
10-Feb-17,Feb-17,7,EMP-6,Supervisor-2,35,25,446,4.9,9,15610
10-Feb-17,Feb-17,7,EMP-7,Supervisor-2,36,18,377,9,9,13572
10-Feb-17,Feb-17,7,EMP-8,Supervisor-2,50,23,439,7.8,9,21950
10-Feb-17,Feb-17,7,EMP-9,Supervisor-2,51,26,523,6.9,9,26673
10-Feb-17,Feb-17,7,EMP-10,Supervisor-2,65,25,457,6.9,9,29705
10-Feb-17,Feb-17,7,EMP-11,Supervisor-2,65,27,564,9,9,36660
10-Feb-17,Feb-17,7,EMP-12,Supervisor-2,44,9,323,9,9,14212
10-Feb-17,Feb-17,7,EMP-13,Supervisor-2,55,5,549,9,9,30195
10-Feb-17,Feb-17,7,EMP-14,Supervisor-2,53,14,508,5.9,9,26924
10-Feb-17,Feb-17,7,EMP-15,Supervisor-3,68,9,593,4.9,9,40324
10-Feb-17,Feb-17,7,EMP-16,Supervisor-3,41,27,471,9,9,19311
10-Feb-17,Feb-17,7,EMP-17,Supervisor-3,58,7,472,6.9,9,27376
10-Feb-17,Feb-17,7,EMP-18,Supervisor-3,67,6,467,6.9,9,31289
10-Feb-17,Feb-17,7,EMP-19,Supervisor-3,32,10,302,8.8,9,9664
10-Feb-17,Feb-17,7,EMP-20,Supervisor-3,61,8,447,5.9,9,27267
11-Feb-17,Feb-17,7,EMP-1,Supervisor-1,53,8,380,7.8,9,20140
11-Feb-17,Feb-17,7,EMP-2,Supervisor-1,58,25,562,7.8,9,32596
11-Feb-17,Feb-17,7,EMP-3,Supervisor-1,65,8,508,4.9,9,33020
11-Feb-17,Feb-17,7,EMP-4,Supervisor-1,31,12,549,6.9,9,17019
11-Feb-17,Feb-17,7,EMP-5,Supervisor-1,56,18,392,6.9,9,21952
11-Feb-17,Feb-17,7,EMP-6,Supervisor-2,50,27,431,4.9,9,21550
11-Feb-17,Feb-17,7,EMP-7,Supervisor-2,61,24,540,4.9,9,32940
11-Feb-17,Feb-17,7,EMP-8,Supervisor-2,34,13,416,9,9,14144
11-Feb-17,Feb-17,7,EMP-9,Supervisor-2,30,7,418,6.9,9,12540
11-Feb-17,Feb-17,7,EMP-10,Supervisor-2,42,0,359,7.8,9,15078
11-Feb-17,Feb-17,7,EMP-11,Supervisor-2,70,8,418,4.9,9,29260
11-Feb-17,Feb-17,7,EMP-12,Supervisor-2,44,13,330,7.8,9,14520
11-Feb-17,Feb-17,7,EMP-13,Supervisor-2,51,5,381,7.8,9,19431
11-Feb-17,Feb-17,7,EMP-14,Supervisor-2,67,23,442,6.9,9,29614
11-Feb-17,Feb-17,7,EMP-15,Supervisor-3,61,5,515,7.8,9,31415
11-Feb-17,Feb-17,7,EMP-16,Supervisor-3,68,21,318,8.8,9,21624
11-Feb-17,Feb-17,7,EMP-17,Supervisor-3,41,14,323,7.8,9,13243
11-Feb-17,Feb-17,7,EMP-18,Supervisor-3,31,8,422,4.9,9,13082
11-Feb-17,Feb-17,7,EMP-19,Supervisor-3,55,27,561,7.8,9,30855
11-Feb-17,Feb-17,7,EMP-20,Supervisor-3,47,26,571,5.9,9,26837
12-Feb-17,Feb-17,7,EMP-1,Supervisor-1,70,25,482,9,9,33740
12-Feb-17,Feb-17,7,EMP-2,Supervisor-1,66,19,554,7.8,9,36564
12-Feb-17,Feb-17,7,EMP-3,Supervisor-1,68,8,390,9,9,26520
12-Feb-17,Feb-17,7,EMP-4,Supervisor-1,70,5,441,8.8,9,30870
12-Feb-17,Feb-17,7,EMP-5,Supervisor-1,31,25,322,5.9,9,9982
12-Feb-17,Feb-17,7,EMP-6,Supervisor-2,53,14,413,8.8,9,21889
12-Feb-17,Feb-17,7,EMP-7,Supervisor-2,56,14,341,5.9,9,19096
12-Feb-17,Feb-17,7,EMP-8,Supervisor-2,45,13,524,8.8,9,23580
12-Feb-17,Feb-17,7,EMP-9,Supervisor-2,58,6,452,4.9,9,26216
12-Feb-17,Feb-17,7,EMP-10,Supervisor-2,62,23,375,7.8,9,23250
12-Feb-17,Feb-17,7,EMP-11,Supervisor-2,37,21,587,6.9,9,21719
12-Feb-17,Feb-17,7,EMP-12,Supervisor-2,61,8,517,7.8,9,31537
12-Feb-17,Feb-17,7,EMP-13,Supervisor-2,70,15,386,8.8,9,27020
12-Feb-17,Feb-17,7,EMP-14,Supervisor-2,36,6,321,9,9,11556
12-Feb-17,Feb-17,7,EMP-15,Supervisor-3,64,16,347,5.9,9,22208
12-Feb-17,Feb-17,7,EMP-16,Supervisor-3,69,16,304,5.9,9,20976
12-Feb-17,Feb-17,7,EMP-17,Supervisor-3,68,19,459,6.9,9,31212
12-Feb-17,Feb-17,7,EMP-18,Supervisor-3,37,12,408,7.8,9,15096
12-Feb-17,Feb-17,7,EMP-19,Supervisor-3,59,14,329,5.9,9,19411
12-Feb-17,Feb-17,7,EMP-20,Supervisor-3,55,14,550,5.9,9,30250
13-Feb-17,Feb-17,8,EMP-1,Supervisor-1,44,10,335,9,9,14740
13-Feb-17,Feb-17,8,EMP-2,Supervisor-1,34,6,429,6.9,9,14586
13-Feb-17,Feb-17,8,EMP-3,Supervisor-1,47,15,595,4.9,9,27965
13-Feb-17,Feb-17,8,EMP-4,Supervisor-1,51,13,583,5.9,9,29733
13-Feb-17,Feb-17,8,EMP-5,Supervisor-1,36,27,372,7.8,9,13392
13-Feb-17,Feb-17,8,EMP-6,Supervisor-2,69,6,502,9,9,34638
13-Feb-17,Feb-17,8,EMP-7,Supervisor-2,33,13,355,8.8,9,11715
13-Feb-17,Feb-17,8,EMP-8,Supervisor-2,57,24,455,8.8,9,25935
13-Feb-17,Feb-17,8,EMP-9,Supervisor-2,35,8,433,9,9,15155
13-Feb-17,Feb-17,8,EMP-10,Supervisor-2,47,15,405,4.9,9,19035
13-Feb-17,Feb-17,8,EMP-11,Supervisor-2,43,5,340,7.8,9,14620
13-Feb-17,Feb-17,8,EMP-12,Supervisor-2,70,10,559,8.8,9,39130
13-Feb-17,Feb-17,8,EMP-13,Supervisor-2,41,24,516,5.9,9,21156
13-Feb-17,Feb-17,8,EMP-14,Supervisor-2,61,25,525,7.8,9,32025
13-Feb-17,Feb-17,8,EMP-15,Supervisor-3,49,18,465,4.9,9,22785
13-Feb-17,Feb-17,8,EMP-16,Supervisor-3,44,10,565,5.9,9,24860
13-Feb-17,Feb-17,8,EMP-17,Supervisor-3,59,15,521,7.8,9,30739
13-Feb-17,Feb-17,8,EMP-18,Supervisor-3,67,24,367,5.9,9,24589
13-Feb-17,Feb-17,8,EMP-19,Supervisor-3,60,6,564,9,9,33840
13-Feb-17,Feb-17,8,EMP-20,Supervisor-3,33,5,424,4.9,9,13992
14-Feb-17,Feb-17,8,EMP-1,Supervisor-1,60,21,407,7.8,9,24420
14-Feb-17,Feb-17,8,EMP-2,Supervisor-1,34,20,547,7.8,9,18598
14-Feb-17,Feb-17,8,EMP-3,Supervisor-1,30,26,302,6.9,9,9060
14-Feb-17,Feb-17,8,EMP-4,Supervisor-1,63,25,513,6.9,9,32319
14-Feb-17,Feb-17,8,EMP-5,Supervisor-1,56,10,373,6.9,9,20888
14-Feb-17,Feb-17,8,EMP-6,Supervisor-2,33,12,534,6.9,9,17622
14-Feb-17,Feb-17,8,EMP-7,Supervisor-2,30,21,571,7.8,9,17130
14-Feb-17,Feb-17,8,EMP-8,Supervisor-2,62,13,423,8.8,9,26226
14-Feb-17,Feb-17,8,EMP-9,Supervisor-2,53,6,437,4.9,9,23161
14-Feb-17,Feb-17,8,EMP-10,Supervisor-2,63,27,506,6.9,9,31878
14-Feb-17,Feb-17,8,EMP-11,Supervisor-2,53,23,392,4.9,9,20776
14-Feb-17,Feb-17,8,EMP-12,Supervisor-2,62,23,410,4.9,9,25420
14-Feb-17,Feb-17,8,EMP-13,Supervisor-2,45,25,333,5.9,9,14985
14-Feb-17,Feb-17,8,EMP-14,Supervisor-2,40,10,438,8.8,9,17520
14-Feb-17,Feb-17,8,EMP-15,Supervisor-3,37,8,538,7.8,9,19906
14-Feb-17,Feb-17,8,EMP-16,Supervisor-3,44,15,583,8.8,9,25652
14-Feb-17,Feb-17,8,EMP-17,Supervisor-3,51,23,463,5.9,9,23613
14-Feb-17,Feb-17,8,EMP-18,Supervisor-3,60,14,564,6.9,9,33840
14-Feb-17,Feb-17,8,EMP-19,Supervisor-3,47,7,428,6.9,9,20116
14-Feb-17,Feb-17,8,EMP-20,Supervisor-3,60,27,339,4.9,9,20340
15-Feb-17,Feb-17,8,EMP-1,Supervisor-1,37,18,300,9,9,11100
15-Feb-17,Feb-17,8,EMP-2,Supervisor-1,35,27,443,8.8,9,15505
15-Feb-17,Feb-17,8,EMP-3,Supervisor-1,61,14,412,4.9,9,25132
15-Feb-17,Feb-17,8,EMP-4,Supervisor-1,58,23,490,6.9,9,28420
15-Feb-17,Feb-17,8,EMP-5,Supervisor-1,53,22,301,6.9,9,15953
15-Feb-17,Feb-17,8,EMP-6,Supervisor-2,57,21,491,6.9,9,27987
15-Feb-17,Feb-17,8,EMP-7,Supervisor-2,68,16,484,6.9,9,32912
15-Feb-17,Feb-17,8,EMP-8,Supervisor-2,60,12,440,7.8,9,26400
15-Feb-17,Feb-17,8,EMP-9,Supervisor-2,65,6,520,8.8,9,33800
15-Feb-17,Feb-17,8,EMP-10,Supervisor-2,34,13,552,5.9,9,18768
15-Feb-17,Feb-17,8,EMP-11,Supervisor-2,35,17,508,5.9,9,17780
15-Feb-17,Feb-17,8,EMP-12,Supervisor-2,62,19,538,7.8,9,33356
15-Feb-17,Feb-17,8,EMP-13,Supervisor-2,69,11,507,4.9,9,34983
15-Feb-17,Feb-17,8,EMP-14,Supervisor-2,56,17,358,9,9,20048
15-Feb-17,Feb-17,8,EMP-15,Supervisor-3,48,0,485,9,9,23280
15-Feb-17,Feb-17,8,EMP-16,Supervisor-3,52,13,319,7.8,9,16588
15-Feb-17,Feb-17,8,EMP-17,Supervisor-3,43,5,409,7.8,9,17587
15-Feb-17,Feb-17,8,EMP-18,Supervisor-3,54,16,355,4.9,9,19170
15-Feb-17,Feb-17,8,EMP-19,Supervisor-3,67,19,546,6.9,9,36582
15-Feb-17,Feb-17,8,EMP-20,Supervisor-3,64,26,551,5.9,9,35264
16-Feb-17,Feb-17,8,EMP-1,Supervisor-1,47,15,599,9,9,28153
16-Feb-17,Feb-17,8,EMP-2,Supervisor-1,70,5,435,5.9,9,30450
16-Feb-17,Feb-17,8,EMP-3,Supervisor-1,65,7,523,6.9,9,33995
16-Feb-17,Feb-17,8,EMP-4,Supervisor-1,39,14,327,4.9,9,12753
16-Feb-17,Feb-17,8,EMP-5,Supervisor-1,65,8,387,5.9,9,25155
16-Feb-17,Feb-17,8,EMP-6,Supervisor-2,66,8,537,9,9,35442
16-Feb-17,Feb-17,8,EMP-7,Supervisor-2,35,19,459,7.8,9,16065
16-Feb-17,Feb-17,8,EMP-8,Supervisor-2,41,11,438,4.9,9,17958
16-Feb-17,Feb-17,8,EMP-9,Supervisor-2,59,17,504,4.9,9,29736
16-Feb-17,Feb-17,8,EMP-10,Supervisor-2,51,27,582,7.8,9,29682
16-Feb-17,Feb-17,8,EMP-11,Supervisor-2,46,18,374,6.9,9,17204
16-Feb-17,Feb-17,8,EMP-12,Supervisor-2,34,26,517,5.9,9,17578
16-Feb-17,Feb-17,8,EMP-13,Supervisor-2,48,18,316,4.9,9,15168
16-Feb-17,Feb-17,8,EMP-14,Supervisor-2,40,18,482,8.8,9,19280
16-Feb-17,Feb-17,8,EMP-15,Supervisor-3,70,27,449,7.8,9,31430
16-Feb-17,Feb-17,8,EMP-16,Supervisor-3,65,23,405,5.9,9,26325
16-Feb-17,Feb-17,8,EMP-17,Supervisor-3,68,21,306,8.8,9,20808
16-Feb-17,Feb-17,8,EMP-18,Supervisor-3,41,24,467,5.9,9,19147
16-Feb-17,Feb-17,8,EMP-19,Supervisor-3,44,6,522,7.8,9,22968
16-Feb-17,Feb-17,8,EMP-20,Supervisor-3,35,18,452,6.9,9,15820
17-Feb-17,Feb-17,8,EMP-1,Supervisor-1,40,19,540,6.9,9,21600
17-Feb-17,Feb-17,8,EMP-2,Supervisor-1,52,19,304,8.8,9,15808
17-Feb-17,Feb-17,8,EMP-3,Supervisor-1,37,16,542,8.8,9,20054
17-Feb-17,Feb-17,8,EMP-4,Supervisor-1,52,13,512,7.8,9,26624
17-Feb-17,Feb-17,8,EMP-5,Supervisor-1,41,16,449,9,9,18409
17-Feb-17,Feb-17,8,EMP-6,Supervisor-2,40,26,525,6.9,9,21000
17-Feb-17,Feb-17,8,EMP-7,Supervisor-2,65,7,431,6.9,9,28015
17-Feb-17,Feb-17,8,EMP-8,Supervisor-2,68,14,515,4.9,9,35020
17-Feb-17,Feb-17,8,EMP-9,Supervisor-2,37,7,373,8.8,9,13801
17-Feb-17,Feb-17,8,EMP-10,Supervisor-2,53,9,376,6.9,9,19928
17-Feb-17,Feb-17,8,EMP-11,Supervisor-2,39,25,363,6.9,9,14157
17-Feb-17,Feb-17,8,EMP-12,Supervisor-2,49,24,504,6.9,9,24696
17-Feb-17,Feb-17,8,EMP-13,Supervisor-2,63,13,454,5.9,9,28602
17-Feb-17,Feb-17,8,EMP-14,Supervisor-2,42,20,551,5.9,9,23142
17-Feb-17,Feb-17,8,EMP-15,Supervisor-3,57,10,391,8.8,9,22287
17-Feb-17,Feb-17,8,EMP-16,Supervisor-3,34,22,504,7.8,9,17136
17-Feb-17,Feb-17,8,EMP-17,Supervisor-3,65,6,461,9,9,29965
17-Feb-17,Feb-17,8,EMP-18,Supervisor-3,57,9,533,6.9,9,30381
17-Feb-17,Feb-17,8,EMP-19,Supervisor-3,41,11,332,8.8,9,13612
17-Feb-17,Feb-17,8,EMP-20,Supervisor-3,66,8,457,7.8,9,30162
18-Feb-17,Feb-17,8,EMP-1,Supervisor-1,51,0,384,4.9,9,19584
18-Feb-17,Feb-17,8,EMP-2,Supervisor-1,62,6,473,7.8,9,29326
18-Feb-17,Feb-17,8,EMP-3,Supervisor-1,52,15,415,4.9,9,21580
18-Feb-17,Feb-17,8,EMP-4,Supervisor-1,39,6,567,4.9,9,22113
18-Feb-17,Feb-17,8,EMP-5,Supervisor-1,45,12,402,9,9,18090
18-Feb-17,Feb-17,8,EMP-6,Supervisor-2,43,20,452,5.9,9,19436
18-Feb-17,Feb-17,8,EMP-7,Supervisor-2,42,18,313,8.8,9,13146
18-Feb-17,Feb-17,8,EMP-8,Supervisor-2,32,8,433,5.9,9,13856
18-Feb-17,Feb-17,8,EMP-9,Supervisor-2,43,11,486,8.8,9,20898
18-Feb-17,Feb-17,8,EMP-10,Supervisor-2,65,20,398,7.8,9,25870
18-Feb-17,Feb-17,8,EMP-11,Supervisor-2,65,7,394,5.9,9,25610
18-Feb-17,Feb-17,8,EMP-12,Supervisor-2,31,23,470,8.8,9,14570
18-Feb-17,Feb-17,8,EMP-13,Supervisor-2,69,5,519,5.9,9,35811
18-Feb-17,Feb-17,8,EMP-14,Supervisor-2,46,15,570,5.9,9,26220
18-Feb-17,Feb-17,8,EMP-15,Supervisor-3,52,19,535,4.9,9,27820
18-Feb-17,Feb-17,8,EMP-16,Supervisor-3,46,8,574,6.9,9,26404
18-Feb-17,Feb-17,8,EMP-17,Supervisor-3,37,27,393,8.8,9,14541
18-Feb-17,Feb-17,8,EMP-18,Supervisor-3,34,15,393,8.8,9,13362
18-Feb-17,Feb-17,8,EMP-19,Supervisor-3,68,19,535,5.9,9,36380
18-Feb-17,Feb-17,8,EMP-20,Supervisor-3,32,18,587,5.9,9,18784
19-Feb-17,Feb-17,8,EMP-1,Supervisor-1,35,15,302,9,9,10570
19-Feb-17,Feb-17,8,EMP-2,Supervisor-1,35,17,403,9,9,14105
19-Feb-17,Feb-17,8,EMP-3,Supervisor-1,60,6,584,5.9,9,35040
19-Feb-17,Feb-17,8,EMP-4,Supervisor-1,52,20,390,5.9,9,20280
19-Feb-17,Feb-17,8,EMP-5,Supervisor-1,60,12,447,4.9,9,26820
19-Feb-17,Feb-17,8,EMP-6,Supervisor-2,60,5,515,7.8,9,30900
19-Feb-17,Feb-17,8,EMP-7,Supervisor-2,49,6,476,8.8,9,23324
19-Feb-17,Feb-17,8,EMP-8,Supervisor-2,60,26,572,4.9,9,34320
19-Feb-17,Feb-17,8,EMP-9,Supervisor-2,67,11,369,8.8,9,24723
19-Feb-17,Feb-17,8,EMP-10,Supervisor-2,37,25,518,7.8,9,19166
19-Feb-17,Feb-17,8,EMP-11,Supervisor-2,63,14,547,6.9,9,34461
19-Feb-17,Feb-17,8,EMP-12,Supervisor-2,43,16,537,8.8,9,23091
19-Feb-17,Feb-17,8,EMP-13,Supervisor-2,35,18,392,9,9,13720
19-Feb-17,Feb-17,8,EMP-14,Supervisor-2,65,6,543,4.9,9,35295
19-Feb-17,Feb-17,8,EMP-15,Supervisor-3,58,18,408,4.9,9,23664
19-Feb-17,Feb-17,8,EMP-16,Supervisor-3,43,23,513,5.9,9,22059
19-Feb-17,Feb-17,8,EMP-17,Supervisor-3,66,6,501,6.9,9,33066
19-Feb-17,Feb-17,8,EMP-18,Supervisor-3,39,21,485,6.9,9,18915
19-Feb-17,Feb-17,8,EMP-19,Supervisor-3,35,8,446,8.8,9,15610
19-Feb-17,Feb-17,8,EMP-20,Supervisor-3,69,6,301,5.9,9,20769
20-Feb-17,Feb-17,9,EMP-1,Supervisor-1,34,23,549,4.9,9,18666
20-Feb-17,Feb-17,9,EMP-2,Supervisor-1,44,15,346,7.8,9,15224
20-Feb-17,Feb-17,9,EMP-3,Supervisor-1,31,22,474,9,9,14694
20-Feb-17,Feb-17,9,EMP-4,Supervisor-1,68,13,401,4.9,9,27268
20-Feb-17,Feb-17,9,EMP-5,Supervisor-1,36,16,464,6.9,9,16704
20-Feb-17,Feb-17,9,EMP-6,Supervisor-2,38,6,497,7.8,9,18886
20-Feb-17,Feb-17,9,EMP-7,Supervisor-2,41,12,329,8.8,9,13489
20-Feb-17,Feb-17,9,EMP-8,Supervisor-2,42,13,465,6.9,9,19530
20-Feb-17,Feb-17,9,EMP-9,Supervisor-2,42,0,312,7.8,9,13104
20-Feb-17,Feb-17,9,EMP-10,Supervisor-2,37,8,527,9,9,19499
20-Feb-17,Feb-17,9,EMP-11,Supervisor-2,65,10,433,6.9,9,28145
20-Feb-17,Feb-17,9,EMP-12,Supervisor-2,60,20,462,7.8,9,27720
20-Feb-17,Feb-17,9,EMP-13,Supervisor-2,34,6,335,5.9,9,11390
20-Feb-17,Feb-17,9,EMP-14,Supervisor-2,56,14,382,5.9,9,21392
20-Feb-17,Feb-17,9,EMP-15,Supervisor-3,39,0,467,5.9,9,18213
20-Feb-17,Feb-17,9,EMP-16,Supervisor-3,53,16,461,4.9,9,24433
20-Feb-17,Feb-17,9,EMP-17,Supervisor-3,47,8,365,7.8,9,17155
20-Feb-17,Feb-17,9,EMP-18,Supervisor-3,55,11,424,8.8,9,23320
20-Feb-17,Feb-17,9,EMP-19,Supervisor-3,42,25,533,6.9,9,22386
20-Feb-17,Feb-17,9,EMP-20,Supervisor-3,49,0,503,7.8,9,24647
21-Feb-17,Feb-17,9,EMP-1,Supervisor-1,69,9,524,5.9,9,36156
21-Feb-17,Feb-17,9,EMP-2,Supervisor-1,65,14,395,5.9,9,25675
21-Feb-17,Feb-17,9,EMP-3,Supervisor-1,34,7,359,9,9,12206
21-Feb-17,Feb-17,9,EMP-4,Supervisor-1,51,23,403,7.8,9,20553
21-Feb-17,Feb-17,9,EMP-5,Supervisor-1,53,8,368,7.8,9,19504
21-Feb-17,Feb-17,9,EMP-6,Supervisor-2,34,20,338,7.8,9,11492
21-Feb-17,Feb-17,9,EMP-7,Supervisor-2,36,23,427,8.8,9,15372
21-Feb-17,Feb-17,9,EMP-8,Supervisor-2,69,13,327,9,9,22563
21-Feb-17,Feb-17,9,EMP-9,Supervisor-2,44,17,521,6.9,9,22924
21-Feb-17,Feb-17,9,EMP-10,Supervisor-2,66,5,365,6.9,9,24090
21-Feb-17,Feb-17,9,EMP-11,Supervisor-2,35,23,540,8.8,9,18900
21-Feb-17,Feb-17,9,EMP-12,Supervisor-2,46,6,450,7.8,9,20700
21-Feb-17,Feb-17,9,EMP-13,Supervisor-2,51,16,315,6.9,9,16065
21-Feb-17,Feb-17,9,EMP-14,Supervisor-2,45,20,313,7.8,9,14085
21-Feb-17,Feb-17,9,EMP-15,Supervisor-3,44,7,471,9,9,20724
21-Feb-17,Feb-17,9,EMP-16,Supervisor-3,58,10,456,7.8,9,26448
21-Feb-17,Feb-17,9,EMP-17,Supervisor-3,54,25,497,6.9,9,26838
21-Feb-17,Feb-17,9,EMP-18,Supervisor-3,39,26,506,8.8,9,19734
21-Feb-17,Feb-17,9,EMP-19,Supervisor-3,54,23,411,7.8,9,22194
21-Feb-17,Feb-17,9,EMP-20,Supervisor-3,58,14,593,4.9,9,34394
22-Feb-17,Feb-17,9,EMP-1,Supervisor-1,66,5,592,9,9,39072
22-Feb-17,Feb-17,9,EMP-2,Supervisor-1,36,6,343,8.8,9,12348
22-Feb-17,Feb-17,9,EMP-3,Supervisor-1,50,20,505,9,9,25250
22-Feb-17,Feb-17,9,EMP-4,Supervisor-1,43,23,566,5.9,9,24338
22-Feb-17,Feb-17,9,EMP-5,Supervisor-1,48,7,558,8.8,9,26784
22-Feb-17,Feb-17,9,EMP-6,Supervisor-2,66,19,459,4.9,9,30294
22-Feb-17,Feb-17,9,EMP-7,Supervisor-2,37,7,481,9,9,17797
22-Feb-17,Feb-17,9,EMP-8,Supervisor-2,61,16,517,6.9,9,31537
22-Feb-17,Feb-17,9,EMP-9,Supervisor-2,63,15,494,4.9,9,31122
22-Feb-17,Feb-17,9,EMP-10,Supervisor-2,51,23,383,5.9,9,19533
22-Feb-17,Feb-17,9,EMP-11,Supervisor-2,39,18,328,5.9,9,12792
22-Feb-17,Feb-17,9,EMP-12,Supervisor-2,64,26,461,9,9,29504
22-Feb-17,Feb-17,9,EMP-13,Supervisor-2,60,23,600,4.9,9,36000
22-Feb-17,Feb-17,9,EMP-14,Supervisor-2,55,14,555,6.9,9,30525
22-Feb-17,Feb-17,9,EMP-15,Supervisor-3,45,22,380,4.9,9,17100
22-Feb-17,Feb-17,9,EMP-16,Supervisor-3,63,10,514,6.9,9,32382
22-Feb-17,Feb-17,9,EMP-17,Supervisor-3,67,8,597,9,9,39999
22-Feb-17,Feb-17,9,EMP-18,Supervisor-3,65,5,358,7.8,9,23270
22-Feb-17,Feb-17,9,EMP-19,Supervisor-3,69,9,541,9,9,37329
22-Feb-17,Feb-17,9,EMP-20,Supervisor-3,30,13,503,7.8,9,15090
23-Feb-17,Feb-17,9,EMP-1,Supervisor-1,62,11,458,8.8,9,28396
23-Feb-17,Feb-17,9,EMP-2,Supervisor-1,70,10,556,4.9,9,38920
23-Feb-17,Feb-17,9,EMP-3,Supervisor-1,54,5,437,4.9,9,23598
23-Feb-17,Feb-17,9,EMP-4,Supervisor-1,38,23,339,4.9,9,12882
23-Feb-17,Feb-17,9,EMP-5,Supervisor-1,58,10,586,4.9,9,33988
23-Feb-17,Feb-17,9,EMP-6,Supervisor-2,41,25,462,5.9,9,18942
23-Feb-17,Feb-17,9,EMP-7,Supervisor-2,70,8,339,5.9,9,23730
23-Feb-17,Feb-17,9,EMP-8,Supervisor-2,38,7,427,9,9,16226
23-Feb-17,Feb-17,9,EMP-9,Supervisor-2,45,24,340,9,9,15300
23-Feb-17,Feb-17,9,EMP-10,Supervisor-2,50,26,355,4.9,9,17750
23-Feb-17,Feb-17,9,EMP-11,Supervisor-2,64,14,459,5.9,9,29376
23-Feb-17,Feb-17,9,EMP-12,Supervisor-2,30,20,399,4.9,9,11970
23-Feb-17,Feb-17,9,EMP-13,Supervisor-2,53,10,354,9,9,18762
23-Feb-17,Feb-17,9,EMP-14,Supervisor-2,70,22,556,4.9,9,38920
23-Feb-17,Feb-17,9,EMP-15,Supervisor-3,34,17,562,7.8,9,19108
23-Feb-17,Feb-17,9,EMP-16,Supervisor-3,36,24,414,9,9,14904
23-Feb-17,Feb-17,9,EMP-17,Supervisor-3,43,13,372,5.9,9,15996
23-Feb-17,Feb-17,9,EMP-18,Supervisor-3,61,19,416,8.8,9,25376
23-Feb-17,Feb-17,9,EMP-19,Supervisor-3,53,19,534,9,9,28302
23-Feb-17,Feb-17,9,EMP-20,Supervisor-3,48,11,591,4.9,9,28368
24-Feb-17,Feb-17,9,EMP-1,Supervisor-1,49,23,518,6.9,9,25382
24-Feb-17,Feb-17,9,EMP-2,Supervisor-1,64,11,316,6.9,9,20224
24-Feb-17,Feb-17,9,EMP-3,Supervisor-1,38,26,552,8.8,9,20976
24-Feb-17,Feb-17,9,EMP-4,Supervisor-1,64,21,553,6.9,9,35392
24-Feb-17,Feb-17,9,EMP-5,Supervisor-1,65,7,426,4.9,9,27690
24-Feb-17,Feb-17,9,EMP-6,Supervisor-2,70,18,343,7.8,9,24010
24-Feb-17,Feb-17,9,EMP-7,Supervisor-2,32,17,423,5.9,9,13536
24-Feb-17,Feb-17,9,EMP-8,Supervisor-2,55,23,428,7.8,9,23540
24-Feb-17,Feb-17,9,EMP-9,Supervisor-2,51,24,471,9,9,24021
24-Feb-17,Feb-17,9,EMP-10,Supervisor-2,45,13,535,7.8,9,24075
24-Feb-17,Feb-17,9,EMP-11,Supervisor-2,54,13,566,6.9,9,30564
24-Feb-17,Feb-17,9,EMP-12,Supervisor-2,42,25,438,7.8,9,18396
24-Feb-17,Feb-17,9,EMP-13,Supervisor-2,70,6,335,4.9,9,23450
24-Feb-17,Feb-17,9,EMP-14,Supervisor-2,45,7,399,5.9,9,17955
24-Feb-17,Feb-17,9,EMP-15,Supervisor-3,40,22,327,8.8,9,13080
24-Feb-17,Feb-17,9,EMP-16,Supervisor-3,30,25,436,9,9,13080
24-Feb-17,Feb-17,9,EMP-17,Supervisor-3,34,12,576,9,9,19584
24-Feb-17,Feb-17,9,EMP-18,Supervisor-3,39,11,354,7.8,9,13806
24-Feb-17,Feb-17,9,EMP-19,Supervisor-3,39,9,309,4.9,9,12051
24-Feb-17,Feb-17,9,EMP-20,Supervisor-3,35,27,349,4.9,9,12215
25-Feb-17,Feb-17,9,EMP-1,Supervisor-1,64,21,482,7.8,9,30848
25-Feb-17,Feb-17,9,EMP-2,Supervisor-1,30,17,493,8.8,9,14790
25-Feb-17,Feb-17,9,EMP-3,Supervisor-1,46,13,434,5.9,9,19964
25-Feb-17,Feb-17,9,EMP-4,Supervisor-1,31,25,521,6.9,9,16151
25-Feb-17,Feb-17,9,EMP-5,Supervisor-1,37,17,382,5.9,9,14134
25-Feb-17,Feb-17,9,EMP-6,Supervisor-2,45,13,464,7.8,9,20880
25-Feb-17,Feb-17,9,EMP-7,Supervisor-2,30,10,528,9,9,15840
25-Feb-17,Feb-17,9,EMP-8,Supervisor-2,70,22,574,8.8,9,40180
25-Feb-17,Feb-17,9,EMP-9,Supervisor-2,47,6,375,8.8,9,17625
25-Feb-17,Feb-17,9,EMP-10,Supervisor-2,57,26,479,7.8,9,27303
25-Feb-17,Feb-17,9,EMP-11,Supervisor-2,54,22,470,4.9,9,25380
25-Feb-17,Feb-17,9,EMP-12,Supervisor-2,48,8,452,6.9,9,21696
25-Feb-17,Feb-17,9,EMP-13,Supervisor-2,58,12,475,8.8,9,27550
25-Feb-17,Feb-17,9,EMP-14,Supervisor-2,37,8,452,4.9,9,16724
25-Feb-17,Feb-17,9,EMP-15,Supervisor-3,66,23,335,5.9,9,22110
25-Feb-17,Feb-17,9,EMP-16,Supervisor-3,40,17,300,8.8,9,12000
25-Feb-17,Feb-17,9,EMP-17,Supervisor-3,60,23,529,6.9,9,31740
25-Feb-17,Feb-17,9,EMP-18,Supervisor-3,55,21,314,9,9,17270
25-Feb-17,Feb-17,9,EMP-19,Supervisor-3,56,11,413,6.9,9,23128
25-Feb-17,Feb-17,9,EMP-20,Supervisor-3,36,16,439,4.9,9,15804
26-Feb-17,Feb-17,9,EMP-1,Supervisor-1,39,13,577,5.9,9,22503
26-Feb-17,Feb-17,9,EMP-2,Supervisor-1,66,23,450,4.9,9,29700
26-Feb-17,Feb-17,9,EMP-3,Supervisor-1,42,10,543,9,9,22806
26-Feb-17,Feb-17,9,EMP-4,Supervisor-1,58,8,595,4.9,9,34510
26-Feb-17,Feb-17,9,EMP-5,Supervisor-1,45,17,307,5.9,9,13815
26-Feb-17,Feb-17,9,EMP-6,Supervisor-2,63,7,346,7.8,9,21798
26-Feb-17,Feb-17,9,EMP-7,Supervisor-2,63,26,442,6.9,9,27846
26-Feb-17,Feb-17,9,EMP-8,Supervisor-2,56,19,353,7.8,9,19768
26-Feb-17,Feb-17,9,EMP-9,Supervisor-2,64,14,493,9,9,31552
26-Feb-17,Feb-17,9,EMP-10,Supervisor-2,42,16,318,8.8,9,13356
26-Feb-17,Feb-17,9,EMP-11,Supervisor-2,55,0,463,8.8,9,25465
26-Feb-17,Feb-17,9,EMP-12,Supervisor-2,55,14,306,7.8,9,16830
26-Feb-17,Feb-17,9,EMP-13,Supervisor-2,41,13,306,6.9,9,12546
26-Feb-17,Feb-17,9,EMP-14,Supervisor-2,67,17,387,4.9,9,25929
26-Feb-17,Feb-17,9,EMP-15,Supervisor-3,42,10,561,8.8,9,23562
26-Feb-17,Feb-17,9,EMP-16,Supervisor-3,63,21,493,6.9,9,31059
26-Feb-17,Feb-17,9,EMP-17,Supervisor-3,61,16,421,5.9,9,25681
26-Feb-17,Feb-17,9,EMP-18,Supervisor-3,43,9,364,8.8,9,15652
26-Feb-17,Feb-17,9,EMP-19,Supervisor-3,47,10,426,7.8,9,20022
26-Feb-17,Feb-17,9,EMP-20,Supervisor-3,63,25,339,6.9,9,21357
27-Feb-17,Feb-17,10,EMP-1,Supervisor-1,43,5,428,5.9,9,18404
27-Feb-17,Feb-17,10,EMP-2,Supervisor-1,66,5,584,7.8,9,38544
27-Feb-17,Feb-17,10,EMP-3,Supervisor-1,61,8,479,5.9,9,29219
27-Feb-17,Feb-17,10,EMP-4,Supervisor-1,61,15,527,8.8,9,32147
27-Feb-17,Feb-17,10,EMP-5,Supervisor-1,59,27,552,5.9,9,32568
27-Feb-17,Feb-17,10,EMP-6,Supervisor-2,43,16,422,9,9,18146
27-Feb-17,Feb-17,10,EMP-7,Supervisor-2,52,21,408,4.9,9,21216
27-Feb-17,Feb-17,10,EMP-8,Supervisor-2,70,24,321,9,9,22470
27-Feb-17,Feb-17,10,EMP-9,Supervisor-2,68,11,535,4.9,9,36380
27-Feb-17,Feb-17,10,EMP-10,Supervisor-2,35,13,364,6.9,9,12740
27-Feb-17,Feb-17,10,EMP-11,Supervisor-2,54,11,585,7.8,9,31590
27-Feb-17,Feb-17,10,EMP-12,Supervisor-2,32,9,539,8.8,9,17248
27-Feb-17,Feb-17,10,EMP-13,Supervisor-2,57,21,443,9,9,25251
27-Feb-17,Feb-17,10,EMP-14,Supervisor-2,38,18,415,7.8,9,15770
27-Feb-17,Feb-17,10,EMP-15,Supervisor-3,50,21,327,7.8,9,16350
27-Feb-17,Feb-17,10,EMP-16,Supervisor-3,42,19,340,4.9,9,14280
27-Feb-17,Feb-17,10,EMP-17,Supervisor-3,70,10,496,4.9,9,34720
27-Feb-17,Feb-17,10,EMP-18,Supervisor-3,38,19,484,7.8,9,18392
27-Feb-17,Feb-17,10,EMP-19,Supervisor-3,64,19,533,5.9,9,34112
27-Feb-17,Feb-17,10,EMP-20,Supervisor-3,38,15,441,8.8,9,16758
28-Feb-17,Feb-17,10,EMP-1,Supervisor-1,42,25,595,8.8,9,24990
28-Feb-17,Feb-17,10,EMP-2,Supervisor-1,45,8,449,7.8,9,20205
28-Feb-17,Feb-17,10,EMP-3,Supervisor-1,43,13,519,7.8,9,22317
28-Feb-17,Feb-17,10,EMP-4,Supervisor-1,63,12,481,9,9,30303
28-Feb-17,Feb-17,10,EMP-5,Supervisor-1,50,0,438,5.9,9,21900
28-Feb-17,Feb-17,10,EMP-6,Supervisor-2,56,7,306,8.8,9,17136
28-Feb-17,Feb-17,10,EMP-7,Supervisor-2,68,6,312,8.8,9,21216
28-Feb-17,Feb-17,10,EMP-8,Supervisor-2,55,17,460,5.9,9,25300
28-Feb-17,Feb-17,10,EMP-9,Supervisor-2,67,8,343,8.8,9,22981
28-Feb-17,Feb-17,10,EMP-10,Supervisor-2,51,5,320,8.8,9,16320
28-Feb-17,Feb-17,10,EMP-11,Supervisor-2,55,7,561,6.9,9,30855
28-Feb-17,Feb-17,10,EMP-12,Supervisor-2,32,13,371,8.8,9,11872
28-Feb-17,Feb-17,10,EMP-13,Supervisor-2,37,9,438,6.9,9,16206
28-Feb-17,Feb-17,10,EMP-14,Supervisor-2,38,9,469,9,9,17822
28-Feb-17,Feb-17,10,EMP-15,Supervisor-3,42,13,412,7.8,9,17304
28-Feb-17,Feb-17,10,EMP-16,Supervisor-3,63,5,384,6.9,9,24192
28-Feb-17,Feb-17,10,EMP-17,Supervisor-3,64,7,311,6.9,9,19904
28-Feb-17,Feb-17,10,EMP-18,Supervisor-3,42,8,452,7.8,9,18984
28-Feb-17,Feb-17,10,EMP-19,Supervisor-3,44,9,367,6.9,9,16148
28-Feb-17,Feb-17,10,EMP-20,Supervisor-3,64,26,448,9,9,28672
01-Mar-17,Mar-17,10,EMP-1,Supervisor-1,58,25,465,8.8,9,26970
01-Mar-17,Mar-17,10,EMP-2,Supervisor-1,58,12,338,7.8,9,19604
01-Mar-17,Mar-17,10,EMP-3,Supervisor-1,41,15,398,4.9,9,16318
01-Mar-17,Mar-17,10,EMP-4,Supervisor-1,53,14,598,6.9,9,31694
01-Mar-17,Mar-17,10,EMP-5,Supervisor-1,37,5,577,9,9,21349
01-Mar-17,Mar-17,10,EMP-6,Supervisor-2,65,10,512,6.9,9,33280
01-Mar-17,Mar-17,10,EMP-7,Supervisor-2,70,18,539,6.9,9,37730
01-Mar-17,Mar-17,10,EMP-8,Supervisor-2,32,16,471,6.9,9,15072
01-Mar-17,Mar-17,10,EMP-9,Supervisor-2,64,14,558,5.9,9,35712
01-Mar-17,Mar-17,10,EMP-10,Supervisor-2,69,27,383,8.8,9,26427
01-Mar-17,Mar-17,10,EMP-11,Supervisor-2,38,23,585,4.9,9,22230
01-Mar-17,Mar-17,10,EMP-12,Supervisor-2,52,19,443,6.9,9,23036
01-Mar-17,Mar-17,10,EMP-13,Supervisor-2,31,27,534,7.8,9,16554
01-Mar-17,Mar-17,10,EMP-14,Supervisor-2,70,12,303,7.8,9,21210
01-Mar-17,Mar-17,10,EMP-15,Supervisor-3,63,24,492,6.9,9,30996
01-Mar-17,Mar-17,10,EMP-16,Supervisor-3,51,0,372,9,9,18972
01-Mar-17,Mar-17,10,EMP-17,Supervisor-3,55,14,448,9,9,24640
01-Mar-17,Mar-17,10,EMP-18,Supervisor-3,34,5,404,5.9,9,13736
01-Mar-17,Mar-17,10,EMP-19,Supervisor-3,38,20,316,8.8,9,12008
01-Mar-17,Mar-17,10,EMP-20,Supervisor-3,60,27,418,5.9,9,25080
02-Mar-17,Mar-17,10,EMP-1,Supervisor-1,63,0,502,7.8,9,31626
02-Mar-17,Mar-17,10,EMP-2,Supervisor-1,50,22,379,7.8,9,18950
02-Mar-17,Mar-17,10,EMP-3,Supervisor-1,36,8,498,9,9,17928
02-Mar-17,Mar-17,10,EMP-4,Supervisor-1,51,19,323,6.9,9,16473
02-Mar-17,Mar-17,10,EMP-5,Supervisor-1,64,7,417,9,9,26688
02-Mar-17,Mar-17,10,EMP-6,Supervisor-2,56,6,558,7.8,9,31248
02-Mar-17,Mar-17,10,EMP-7,Supervisor-2,40,16,475,8.8,9,19000
02-Mar-17,Mar-17,10,EMP-8,Supervisor-2,46,6,551,5.9,9,25346
02-Mar-17,Mar-17,10,EMP-9,Supervisor-2,55,24,366,5.9,9,20130
02-Mar-17,Mar-17,10,EMP-10,Supervisor-2,46,23,375,7.8,9,17250
02-Mar-17,Mar-17,10,EMP-11,Supervisor-2,52,19,558,5.9,9,29016
02-Mar-17,Mar-17,10,EMP-12,Supervisor-2,30,6,340,6.9,9,10200
02-Mar-17,Mar-17,10,EMP-13,Supervisor-2,58,20,450,6.9,9,26100
02-Mar-17,Mar-17,10,EMP-14,Supervisor-2,35,19,386,8.8,9,13510
02-Mar-17,Mar-17,10,EMP-15,Supervisor-3,58,5,447,8.8,9,25926
02-Mar-17,Mar-17,10,EMP-16,Supervisor-3,70,18,596,8.8,9,41720
02-Mar-17,Mar-17,10,EMP-17,Supervisor-3,34,16,439,8.8,9,14926
02-Mar-17,Mar-17,10,EMP-18,Supervisor-3,46,0,563,4.9,9,25898
02-Mar-17,Mar-17,10,EMP-19,Supervisor-3,69,5,400,4.9,9,27600
02-Mar-17,Mar-17,10,EMP-20,Supervisor-3,56,10,385,6.9,9,21560
03-Mar-17,Mar-17,10,EMP-1,Supervisor-1,40,24,453,8.8,9,18120
03-Mar-17,Mar-17,10,EMP-2,Supervisor-1,54,12,405,8.8,9,21870
03-Mar-17,Mar-17,10,EMP-3,Supervisor-1,51,12,406,8.8,9,20706
03-Mar-17,Mar-17,10,EMP-4,Supervisor-1,61,10,462,5.9,9,28182
03-Mar-17,Mar-17,10,EMP-5,Supervisor-1,34,21,392,8.8,9,13328
03-Mar-17,Mar-17,10,EMP-6,Supervisor-2,54,13,597,5.9,9,32238
03-Mar-17,Mar-17,10,EMP-7,Supervisor-2,41,15,582,8.8,9,23862
03-Mar-17,Mar-17,10,EMP-8,Supervisor-2,59,0,431,4.9,9,25429
03-Mar-17,Mar-17,10,EMP-9,Supervisor-2,62,5,344,8.8,9,21328
03-Mar-17,Mar-17,10,EMP-10,Supervisor-2,37,15,443,9,9,16391
03-Mar-17,Mar-17,10,EMP-11,Supervisor-2,45,23,352,9,9,15840
03-Mar-17,Mar-17,10,EMP-12,Supervisor-2,64,0,387,6.9,9,24768
03-Mar-17,Mar-17,10,EMP-13,Supervisor-2,61,23,333,6.9,9,20313
03-Mar-17,Mar-17,10,EMP-14,Supervisor-2,44,19,485,6.9,9,21340
03-Mar-17,Mar-17,10,EMP-15,Supervisor-3,31,26,350,8.8,9,10850
03-Mar-17,Mar-17,10,EMP-16,Supervisor-3,59,15,315,9,9,18585
03-Mar-17,Mar-17,10,EMP-17,Supervisor-3,55,17,490,7.8,9,26950
03-Mar-17,Mar-17,10,EMP-18,Supervisor-3,53,11,589,6.9,9,31217
03-Mar-17,Mar-17,10,EMP-19,Supervisor-3,63,19,384,8.8,9,24192
03-Mar-17,Mar-17,10,EMP-20,Supervisor-3,52,20,513,5.9,9,26676
04-Mar-17,Mar-17,10,EMP-1,Supervisor-1,53,5,341,7.8,9,18073
04-Mar-17,Mar-17,10,EMP-2,Supervisor-1,62,15,502,5.9,9,31124
04-Mar-17,Mar-17,10,EMP-3,Supervisor-1,42,22,588,6.9,9,24696
04-Mar-17,Mar-17,10,EMP-4,Supervisor-1,52,27,517,5.9,9,26884
04-Mar-17,Mar-17,10,EMP-5,Supervisor-1,68,25,513,4.9,9,34884
04-Mar-17,Mar-17,10,EMP-6,Supervisor-2,40,27,484,9,9,19360
04-Mar-17,Mar-17,10,EMP-7,Supervisor-2,69,7,432,9,9,29808
04-Mar-17,Mar-17,10,EMP-8,Supervisor-2,57,8,555,8.8,9,31635
04-Mar-17,Mar-17,10,EMP-9,Supervisor-2,68,5,419,5.9,9,28492
04-Mar-17,Mar-17,10,EMP-10,Supervisor-2,34,15,500,8.8,9,17000
04-Mar-17,Mar-17,10,EMP-11,Supervisor-2,69,23,553,9,9,38157
04-Mar-17,Mar-17,10,EMP-12,Supervisor-2,46,22,524,4.9,9,24104
04-Mar-17,Mar-17,10,EMP-13,Supervisor-2,51,6,515,7.8,9,26265
04-Mar-17,Mar-17,10,EMP-14,Supervisor-2,39,20,563,8.8,9,21957
04-Mar-17,Mar-17,10,EMP-15,Supervisor-3,38,24,532,9,9,20216
04-Mar-17,Mar-17,10,EMP-16,Supervisor-3,66,0,394,8.8,9,26004
04-Mar-17,Mar-17,10,EMP-17,Supervisor-3,55,26,571,5.9,9,31405
04-Mar-17,Mar-17,10,EMP-18,Supervisor-3,31,7,376,4.9,9,11656
04-Mar-17,Mar-17,10,EMP-19,Supervisor-3,54,0,346,7.8,9,18684
04-Mar-17,Mar-17,10,EMP-20,Supervisor-3,62,19,385,7.8,9,23870
05-Mar-17,Mar-17,10,EMP-1,Supervisor-1,45,19,497,8.8,9,22365
05-Mar-17,Mar-17,10,EMP-2,Supervisor-1,70,24,307,6.9,9,21490
05-Mar-17,Mar-17,10,EMP-3,Supervisor-1,32,16,308,4.9,9,9856
05-Mar-17,Mar-17,10,EMP-4,Supervisor-1,51,7,364,5.9,9,18564
05-Mar-17,Mar-17,10,EMP-5,Supervisor-1,37,12,566,7.8,9,20942
05-Mar-17,Mar-17,10,EMP-6,Supervisor-2,40,12,434,8.8,9,17360
05-Mar-17,Mar-17,10,EMP-7,Supervisor-2,48,23,475,5.9,9,22800
05-Mar-17,Mar-17,10,EMP-8,Supervisor-2,50,16,440,7.8,9,22000
05-Mar-17,Mar-17,10,EMP-9,Supervisor-2,38,7,468,7.8,9,17784
05-Mar-17,Mar-17,10,EMP-10,Supervisor-2,45,26,411,6.9,9,18495
05-Mar-17,Mar-17,10,EMP-11,Supervisor-2,60,16,330,9,9,19800
05-Mar-17,Mar-17,10,EMP-12,Supervisor-2,40,11,590,8.8,9,23600
05-Mar-17,Mar-17,10,EMP-13,Supervisor-2,44,20,337,8.8,9,14828
05-Mar-17,Mar-17,10,EMP-14,Supervisor-2,31,13,453,5.9,9,14043
05-Mar-17,Mar-17,10,EMP-15,Supervisor-3,39,10,422,7.8,9,16458
05-Mar-17,Mar-17,10,EMP-16,Supervisor-3,60,15,399,4.9,9,23940
05-Mar-17,Mar-17,10,EMP-17,Supervisor-3,32,14,391,5.9,9,12512
05-Mar-17,Mar-17,10,EMP-18,Supervisor-3,44,24,433,9,9,19052
05-Mar-17,Mar-17,10,EMP-19,Supervisor-3,46,27,559,9,9,25714
05-Mar-17,Mar-17,10,EMP-20,Supervisor-3,65,22,585,7.8,9,38025
06-Mar-17,Mar-17,11,EMP-1,Supervisor-1,38,8,572,6.9,9,21736
06-Mar-17,Mar-17,11,EMP-2,Supervisor-1,37,6,585,9,9,21645
06-Mar-17,Mar-17,11,EMP-3,Supervisor-1,40,18,442,9,9,17680
06-Mar-17,Mar-17,11,EMP-4,Supervisor-1,35,12,361,5.9,9,12635
06-Mar-17,Mar-17,11,EMP-5,Supervisor-1,70,19,510,4.9,9,35700
06-Mar-17,Mar-17,11,EMP-6,Supervisor-2,52,25,375,9,9,19500
06-Mar-17,Mar-17,11,EMP-7,Supervisor-2,48,15,557,7.8,9,26736
06-Mar-17,Mar-17,11,EMP-8,Supervisor-2,49,5,361,8.8,9,17689
06-Mar-17,Mar-17,11,EMP-9,Supervisor-2,65,14,446,4.9,9,28990
06-Mar-17,Mar-17,11,EMP-10,Supervisor-2,67,8,474,5.9,9,31758
06-Mar-17,Mar-17,11,EMP-11,Supervisor-2,63,20,399,5.9,9,25137
06-Mar-17,Mar-17,11,EMP-12,Supervisor-2,30,13,522,5.9,9,15660
06-Mar-17,Mar-17,11,EMP-13,Supervisor-2,60,16,352,6.9,9,21120
06-Mar-17,Mar-17,11,EMP-14,Supervisor-2,53,5,456,7.8,9,24168
06-Mar-17,Mar-17,11,EMP-15,Supervisor-3,41,23,436,4.9,9,17876
06-Mar-17,Mar-17,11,EMP-16,Supervisor-3,68,11,374,4.9,9,25432
06-Mar-17,Mar-17,11,EMP-17,Supervisor-3,38,14,387,6.9,9,14706
06-Mar-17,Mar-17,11,EMP-18,Supervisor-3,54,19,540,6.9,9,29160
06-Mar-17,Mar-17,11,EMP-19,Supervisor-3,60,20,514,7.8,9,30840
06-Mar-17,Mar-17,11,EMP-20,Supervisor-3,32,10,546,6.9,9,17472
07-Mar-17,Mar-17,11,EMP-1,Supervisor-1,60,12,418,5.9,9,25080
07-Mar-17,Mar-17,11,EMP-2,Supervisor-1,47,19,480,6.9,9,22560
07-Mar-17,Mar-17,11,EMP-3,Supervisor-1,59,23,359,7.8,9,21181
07-Mar-17,Mar-17,11,EMP-4,Supervisor-1,51,5,512,8.8,9,26112
07-Mar-17,Mar-17,11,EMP-5,Supervisor-1,42,12,511,9,9,21462
07-Mar-17,Mar-17,11,EMP-6,Supervisor-2,31,17,341,9,9,10571
07-Mar-17,Mar-17,11,EMP-7,Supervisor-2,66,26,418,5.9,9,27588
07-Mar-17,Mar-17,11,EMP-8,Supervisor-2,52,6,547,9,9,28444
07-Mar-17,Mar-17,11,EMP-9,Supervisor-2,40,8,345,5.9,9,13800
07-Mar-17,Mar-17,11,EMP-10,Supervisor-2,47,10,385,9,9,18095
07-Mar-17,Mar-17,11,EMP-11,Supervisor-2,69,17,354,6.9,9,24426
07-Mar-17,Mar-17,11,EMP-12,Supervisor-2,34,17,593,4.9,9,20162
07-Mar-17,Mar-17,11,EMP-13,Supervisor-2,30,9,588,8.8,9,17640
07-Mar-17,Mar-17,11,EMP-14,Supervisor-2,58,5,432,6.9,9,25056
07-Mar-17,Mar-17,11,EMP-15,Supervisor-3,59,5,362,4.9,9,21358
07-Mar-17,Mar-17,11,EMP-16,Supervisor-3,62,7,316,4.9,9,19592
07-Mar-17,Mar-17,11,EMP-17,Supervisor-3,56,14,392,6.9,9,21952
07-Mar-17,Mar-17,11,EMP-18,Supervisor-3,60,26,401,9,9,24060
07-Mar-17,Mar-17,11,EMP-19,Supervisor-3,32,20,402,9,9,12864
07-Mar-17,Mar-17,11,EMP-20,Supervisor-3,63,23,544,5.9,9,34272
08-Mar-17,Mar-17,11,EMP-1,Supervisor-1,50,26,468,5.9,9,23400
08-Mar-17,Mar-17,11,EMP-2,Supervisor-1,43,14,416,4.9,9,17888
08-Mar-17,Mar-17,11,EMP-3,Supervisor-1,50,9,569,6.9,9,28450
08-Mar-17,Mar-17,11,EMP-4,Supervisor-1,40,22,558,7.8,9,22320
08-Mar-17,Mar-17,11,EMP-5,Supervisor-1,54,0,578,7.8,9,31212
08-Mar-17,Mar-17,11,EMP-6,Supervisor-2,62,23,465,7.8,9,28830
08-Mar-17,Mar-17,11,EMP-7,Supervisor-2,42,23,369,4.9,9,15498
08-Mar-17,Mar-17,11,EMP-8,Supervisor-2,46,26,368,8.8,9,16928
08-Mar-17,Mar-17,11,EMP-9,Supervisor-2,69,21,537,4.9,9,37053
08-Mar-17,Mar-17,11,EMP-10,Supervisor-2,63,15,589,7.8,9,37107
08-Mar-17,Mar-17,11,EMP-11,Supervisor-2,37,9,333,6.9,9,12321
08-Mar-17,Mar-17,11,EMP-12,Supervisor-2,45,6,389,6.9,9,17505
08-Mar-17,Mar-17,11,EMP-13,Supervisor-2,47,16,589,9,9,27683
08-Mar-17,Mar-17,11,EMP-14,Supervisor-2,66,26,466,4.9,9,30756
08-Mar-17,Mar-17,11,EMP-15,Supervisor-3,62,0,325,6.9,9,20150
08-Mar-17,Mar-17,11,EMP-16,Supervisor-3,67,14,560,9,9,37520
08-Mar-17,Mar-17,11,EMP-17,Supervisor-3,39,11,498,5.9,9,19422
08-Mar-17,Mar-17,11,EMP-18,Supervisor-3,35,6,484,4.9,9,16940
08-Mar-17,Mar-17,11,EMP-19,Supervisor-3,56,27,402,7.8,9,22512
08-Mar-17,Mar-17,11,EMP-20,Supervisor-3,57,18,583,9,9,33231
09-Mar-17,Mar-17,11,EMP-1,Supervisor-1,51,27,447,8.8,9,22797
09-Mar-17,Mar-17,11,EMP-2,Supervisor-1,52,22,413,4.9,9,21476
09-Mar-17,Mar-17,11,EMP-3,Supervisor-1,52,24,458,6.9,9,23816
09-Mar-17,Mar-17,11,EMP-4,Supervisor-1,63,17,387,9,9,24381
09-Mar-17,Mar-17,11,EMP-5,Supervisor-1,53,17,319,4.9,9,16907
09-Mar-17,Mar-17,11,EMP-6,Supervisor-2,57,19,554,5.9,9,31578
09-Mar-17,Mar-17,11,EMP-7,Supervisor-2,54,26,545,6.9,9,29430
09-Mar-17,Mar-17,11,EMP-8,Supervisor-2,58,14,550,4.9,9,31900
09-Mar-17,Mar-17,11,EMP-9,Supervisor-2,44,18,545,4.9,9,23980
09-Mar-17,Mar-17,11,EMP-10,Supervisor-2,68,11,305,4.9,9,20740
09-Mar-17,Mar-17,11,EMP-11,Supervisor-2,49,19,306,4.9,9,14994
09-Mar-17,Mar-17,11,EMP-12,Supervisor-2,30,26,496,7.8,9,14880
09-Mar-17,Mar-17,11,EMP-13,Supervisor-2,55,27,434,5.9,9,23870
09-Mar-17,Mar-17,11,EMP-14,Supervisor-2,59,17,593,8.8,9,34987
09-Mar-17,Mar-17,11,EMP-15,Supervisor-3,66,26,597,4.9,9,39402
09-Mar-17,Mar-17,11,EMP-16,Supervisor-3,70,25,451,9,9,31570
09-Mar-17,Mar-17,11,EMP-17,Supervisor-3,42,10,363,7.8,9,15246
09-Mar-17,Mar-17,11,EMP-18,Supervisor-3,62,14,508,5.9,9,31496
09-Mar-17,Mar-17,11,EMP-19,Supervisor-3,70,20,318,8.8,9,22260
09-Mar-17,Mar-17,11,EMP-20,Supervisor-3,69,6,525,6.9,9,36225
10-Mar-17,Mar-17,11,EMP-1,Supervisor-1,46,21,346,4.9,9,15916
10-Mar-17,Mar-17,11,EMP-2,Supervisor-1,67,19,328,7.8,9,21976
10-Mar-17,Mar-17,11,EMP-3,Supervisor-1,51,13,427,7.8,9,21777
10-Mar-17,Mar-17,11,EMP-4,Supervisor-1,54,19,437,4.9,9,23598
10-Mar-17,Mar-17,11,EMP-5,Supervisor-1,58,27,557,7.8,9,32306
10-Mar-17,Mar-17,11,EMP-6,Supervisor-2,51,11,508,6.9,9,25908
10-Mar-17,Mar-17,11,EMP-7,Supervisor-2,46,5,575,8.8,9,26450
10-Mar-17,Mar-17,11,EMP-8,Supervisor-2,43,22,337,8.8,9,14491
10-Mar-17,Mar-17,11,EMP-9,Supervisor-2,48,10,414,9,9,19872
10-Mar-17,Mar-17,11,EMP-10,Supervisor-2,64,26,467,5.9,9,29888
10-Mar-17,Mar-17,11,EMP-11,Supervisor-2,40,24,350,5.9,9,14000
10-Mar-17,Mar-17,11,EMP-12,Supervisor-2,63,27,470,8.8,9,29610
10-Mar-17,Mar-17,11,EMP-13,Supervisor-2,37,22,504,9,9,18648
10-Mar-17,Mar-17,11,EMP-14,Supervisor-2,55,7,600,7.8,9,33000
10-Mar-17,Mar-17,11,EMP-15,Supervisor-3,58,16,373,9,9,21634
10-Mar-17,Mar-17,11,EMP-16,Supervisor-3,31,12,525,6.9,9,16275
10-Mar-17,Mar-17,11,EMP-17,Supervisor-3,56,7,479,9,9,26824
10-Mar-17,Mar-17,11,EMP-18,Supervisor-3,34,17,346,4.9,9,11764
10-Mar-17,Mar-17,11,EMP-19,Supervisor-3,47,14,430,8.8,9,20210
10-Mar-17,Mar-17,11,EMP-20,Supervisor-3,62,26,413,8.8,9,25606
11-Mar-17,Mar-17,11,EMP-1,Supervisor-1,33,21,309,5.9,9,10197
11-Mar-17,Mar-17,11,EMP-2,Supervisor-1,57,8,471,8.8,9,26847
11-Mar-17,Mar-17,11,EMP-3,Supervisor-1,65,7,344,9,9,22360
11-Mar-17,Mar-17,11,EMP-4,Supervisor-1,43,18,519,9,9,22317
11-Mar-17,Mar-17,11,EMP-5,Supervisor-1,57,13,410,6.9,9,23370
11-Mar-17,Mar-17,11,EMP-6,Supervisor-2,45,10,311,5.9,9,13995
11-Mar-17,Mar-17,11,EMP-7,Supervisor-2,48,22,580,6.9,9,27840
11-Mar-17,Mar-17,11,EMP-8,Supervisor-2,30,18,502,8.8,9,15060
11-Mar-17,Mar-17,11,EMP-9,Supervisor-2,49,22,332,5.9,9,16268
11-Mar-17,Mar-17,11,EMP-10,Supervisor-2,63,10,500,8.8,9,31500
11-Mar-17,Mar-17,11,EMP-11,Supervisor-2,44,22,522,8.8,9,22968
11-Mar-17,Mar-17,11,EMP-12,Supervisor-2,35,9,444,6.9,9,15540
11-Mar-17,Mar-17,11,EMP-13,Supervisor-2,38,0,440,5.9,9,16720
11-Mar-17,Mar-17,11,EMP-14,Supervisor-2,69,15,423,5.9,9,29187
11-Mar-17,Mar-17,11,EMP-15,Supervisor-3,43,8,371,9,9,15953
11-Mar-17,Mar-17,11,EMP-16,Supervisor-3,58,13,496,4.9,9,28768
11-Mar-17,Mar-17,11,EMP-17,Supervisor-3,56,14,349,9,9,19544
11-Mar-17,Mar-17,11,EMP-18,Supervisor-3,61,10,577,9,9,35197
11-Mar-17,Mar-17,11,EMP-19,Supervisor-3,69,9,571,7.8,9,39399
11-Mar-17,Mar-17,11,EMP-20,Supervisor-3,31,18,314,6.9,9,9734
12-Mar-17,Mar-17,11,EMP-1,Supervisor-1,59,6,409,4.9,9,24131
12-Mar-17,Mar-17,11,EMP-2,Supervisor-1,37,25,324,9,9,11988
12-Mar-17,Mar-17,11,EMP-3,Supervisor-1,31,7,509,4.9,9,15779
12-Mar-17,Mar-17,11,EMP-4,Supervisor-1,59,25,411,9,9,24249
12-Mar-17,Mar-17,11,EMP-5,Supervisor-1,70,11,536,7.8,9,37520
12-Mar-17,Mar-17,11,EMP-6,Supervisor-2,40,17,511,6.9,9,20440
12-Mar-17,Mar-17,11,EMP-7,Supervisor-2,35,10,443,7.8,9,15505
12-Mar-17,Mar-17,11,EMP-8,Supervisor-2,62,19,448,7.8,9,27776
12-Mar-17,Mar-17,11,EMP-9,Supervisor-2,45,12,318,4.9,9,14310
12-Mar-17,Mar-17,11,EMP-10,Supervisor-2,50,17,599,4.9,9,29950
12-Mar-17,Mar-17,11,EMP-11,Supervisor-2,51,17,305,8.8,9,15555
12-Mar-17,Mar-17,11,EMP-12,Supervisor-2,40,15,387,6.9,9,15480
12-Mar-17,Mar-17,11,EMP-13,Supervisor-2,70,5,425,8.8,9,29750
12-Mar-17,Mar-17,11,EMP-14,Supervisor-2,36,26,330,6.9,9,11880
12-Mar-17,Mar-17,11,EMP-15,Supervisor-3,36,16,536,4.9,9,19296
12-Mar-17,Mar-17,11,EMP-16,Supervisor-3,63,14,355,8.8,9,22365
12-Mar-17,Mar-17,11,EMP-17,Supervisor-3,61,11,306,4.9,9,18666
12-Mar-17,Mar-17,11,EMP-18,Supervisor-3,46,7,551,6.9,9,25346
12-Mar-17,Mar-17,11,EMP-19,Supervisor-3,70,13,476,6.9,9,33320
12-Mar-17,Mar-17,11,EMP-20,Supervisor-3,48,26,600,7.8,9,28800
13-Mar-17,Mar-17,12,EMP-1,Supervisor-1,34,22,371,5.9,9,12614
13-Mar-17,Mar-17,12,EMP-2,Supervisor-1,63,25,315,5.9,9,19845
13-Mar-17,Mar-17,12,EMP-3,Supervisor-1,69,20,401,7.8,9,27669
13-Mar-17,Mar-17,12,EMP-4,Supervisor-1,70,16,387,4.9,9,27090
13-Mar-17,Mar-17,12,EMP-5,Supervisor-1,37,21,538,7.8,9,19906
13-Mar-17,Mar-17,12,EMP-6,Supervisor-2,47,19,429,9,9,20163
13-Mar-17,Mar-17,12,EMP-7,Supervisor-2,67,13,359,9,9,24053
13-Mar-17,Mar-17,12,EMP-8,Supervisor-2,30,21,441,7.8,9,13230
13-Mar-17,Mar-17,12,EMP-9,Supervisor-2,68,5,314,4.9,9,21352
13-Mar-17,Mar-17,12,EMP-10,Supervisor-2,30,9,586,8.8,9,17580
13-Mar-17,Mar-17,12,EMP-11,Supervisor-2,36,26,510,7.8,9,18360
13-Mar-17,Mar-17,12,EMP-12,Supervisor-2,35,11,362,5.9,9,12670
13-Mar-17,Mar-17,12,EMP-13,Supervisor-2,70,16,489,8.8,9,34230
13-Mar-17,Mar-17,12,EMP-14,Supervisor-2,61,0,415,7.8,9,25315
13-Mar-17,Mar-17,12,EMP-15,Supervisor-3,32,26,319,8.8,9,10208
13-Mar-17,Mar-17,12,EMP-16,Supervisor-3,69,19,428,6.9,9,29532
13-Mar-17,Mar-17,12,EMP-17,Supervisor-3,47,9,516,6.9,9,24252
13-Mar-17,Mar-17,12,EMP-18,Supervisor-3,47,0,347,8.8,9,16309
13-Mar-17,Mar-17,12,EMP-19,Supervisor-3,42,17,525,5.9,9,22050
13-Mar-17,Mar-17,12,EMP-20,Supervisor-3,33,6,573,7.8,9,18909
14-Mar-17,Mar-17,12,EMP-1,Supervisor-1,31,14,600,9,9,18600
14-Mar-17,Mar-17,12,EMP-2,Supervisor-1,52,16,478,7.8,9,24856
14-Mar-17,Mar-17,12,EMP-3,Supervisor-1,61,12,533,9,9,32513
14-Mar-17,Mar-17,12,EMP-4,Supervisor-1,53,0,440,4.9,9,23320
14-Mar-17,Mar-17,12,EMP-5,Supervisor-1,39,26,315,6.9,9,12285
14-Mar-17,Mar-17,12,EMP-6,Supervisor-2,41,26,538,7.8,9,22058
14-Mar-17,Mar-17,12,EMP-7,Supervisor-2,70,7,334,8.8,9,23380
14-Mar-17,Mar-17,12,EMP-8,Supervisor-2,56,8,483,9,9,27048
14-Mar-17,Mar-17,12,EMP-9,Supervisor-2,70,14,337,7.8,9,23590
14-Mar-17,Mar-17,12,EMP-10,Supervisor-2,69,15,576,8.8,9,39744
14-Mar-17,Mar-17,12,EMP-11,Supervisor-2,45,26,522,4.9,9,23490
14-Mar-17,Mar-17,12,EMP-12,Supervisor-2,52,27,474,4.9,9,24648
14-Mar-17,Mar-17,12,EMP-13,Supervisor-2,67,6,370,9,9,24790
14-Mar-17,Mar-17,12,EMP-14,Supervisor-2,36,5,368,9,9,13248
14-Mar-17,Mar-17,12,EMP-15,Supervisor-3,68,18,534,6.9,9,36312
14-Mar-17,Mar-17,12,EMP-16,Supervisor-3,51,10,319,6.9,9,16269
14-Mar-17,Mar-17,12,EMP-17,Supervisor-3,42,13,412,4.9,9,17304
14-Mar-17,Mar-17,12,EMP-18,Supervisor-3,70,17,530,9,9,37100
14-Mar-17,Mar-17,12,EMP-19,Supervisor-3,61,6,457,4.9,9,27877
14-Mar-17,Mar-17,12,EMP-20,Supervisor-3,64,16,452,9,9,28928
15-Mar-17,Mar-17,12,EMP-1,Supervisor-1,49,16,441,6.9,9,21609
15-Mar-17,Mar-17,12,EMP-2,Supervisor-1,64,16,500,7.8,9,32000
15-Mar-17,Mar-17,12,EMP-3,Supervisor-1,48,27,600,6.9,9,28800
15-Mar-17,Mar-17,12,EMP-4,Supervisor-1,56,9,312,4.9,9,17472
15-Mar-17,Mar-17,12,EMP-5,Supervisor-1,41,24,495,5.9,9,20295
15-Mar-17,Mar-17,12,EMP-6,Supervisor-2,39,16,475,7.8,9,18525
15-Mar-17,Mar-17,12,EMP-7,Supervisor-2,70,27,535,8.8,9,37450
15-Mar-17,Mar-17,12,EMP-8,Supervisor-2,47,6,405,8.8,9,19035
15-Mar-17,Mar-17,12,EMP-9,Supervisor-2,54,10,321,6.9,9,17334
15-Mar-17,Mar-17,12,EMP-10,Supervisor-2,52,5,577,6.9,9,30004
15-Mar-17,Mar-17,12,EMP-11,Supervisor-2,61,8,563,7.8,9,34343
15-Mar-17,Mar-17,12,EMP-12,Supervisor-2,38,27,302,6.9,9,11476
15-Mar-17,Mar-17,12,EMP-13,Supervisor-2,37,9,372,5.9,9,13764
15-Mar-17,Mar-17,12,EMP-14,Supervisor-2,35,14,306,6.9,9,10710
15-Mar-17,Mar-17,12,EMP-15,Supervisor-3,30,19,584,4.9,9,17520
15-Mar-17,Mar-17,12,EMP-16,Supervisor-3,30,18,556,6.9,9,16680
15-Mar-17,Mar-17,12,EMP-17,Supervisor-3,35,9,470,8.8,9,16450
15-Mar-17,Mar-17,12,EMP-18,Supervisor-3,57,19,328,7.8,9,18696
15-Mar-17,Mar-17,12,EMP-19,Supervisor-3,49,9,508,6.9,9,24892
15-Mar-17,Mar-17,12,EMP-20,Supervisor-3,63,14,459,9,9,28917
16-Mar-17,Mar-17,12,EMP-1,Supervisor-1,57,8,450,4.9,9,25650
16-Mar-17,Mar-17,12,EMP-2,Supervisor-1,51,27,529,5.9,9,26979
16-Mar-17,Mar-17,12,EMP-3,Supervisor-1,45,18,592,4.9,9,26640
16-Mar-17,Mar-17,12,EMP-4,Supervisor-1,54,15,520,6.9,9,28080
16-Mar-17,Mar-17,12,EMP-5,Supervisor-1,54,25,586,4.9,9,31644
16-Mar-17,Mar-17,12,EMP-6,Supervisor-2,56,22,525,9,9,29400
16-Mar-17,Mar-17,12,EMP-7,Supervisor-2,58,15,496,4.9,9,28768
16-Mar-17,Mar-17,12,EMP-8,Supervisor-2,36,24,527,9,9,18972
16-Mar-17,Mar-17,12,EMP-9,Supervisor-2,54,22,342,5.9,9,18468
16-Mar-17,Mar-17,12,EMP-10,Supervisor-2,53,11,597,5.9,9,31641
16-Mar-17,Mar-17,12,EMP-11,Supervisor-2,36,8,359,7.8,9,12924
16-Mar-17,Mar-17,12,EMP-12,Supervisor-2,44,16,379,8.8,9,16676
16-Mar-17,Mar-17,12,EMP-13,Supervisor-2,45,7,511,4.9,9,22995
16-Mar-17,Mar-17,12,EMP-14,Supervisor-2,42,14,442,5.9,9,18564
16-Mar-17,Mar-17,12,EMP-15,Supervisor-3,47,27,478,5.9,9,22466
16-Mar-17,Mar-17,12,EMP-16,Supervisor-3,41,8,443,5.9,9,18163
16-Mar-17,Mar-17,12,EMP-17,Supervisor-3,44,13,473,6.9,9,20812
16-Mar-17,Mar-17,12,EMP-18,Supervisor-3,34,18,496,7.8,9,16864
16-Mar-17,Mar-17,12,EMP-19,Supervisor-3,54,9,567,7.8,9,30618
16-Mar-17,Mar-17,12,EMP-20,Supervisor-3,70,21,599,9,9,41930
17-Mar-17,Mar-17,12,EMP-1,Supervisor-1,57,17,538,4.9,9,30666
17-Mar-17,Mar-17,12,EMP-2,Supervisor-1,55,18,545,8.8,9,29975
17-Mar-17,Mar-17,12,EMP-3,Supervisor-1,39,7,368,5.9,9,14352
17-Mar-17,Mar-17,12,EMP-4,Supervisor-1,52,7,576,8.8,9,29952
17-Mar-17,Mar-17,12,EMP-5,Supervisor-1,62,15,373,7.8,9,23126
17-Mar-17,Mar-17,12,EMP-6,Supervisor-2,70,27,500,6.9,9,35000
17-Mar-17,Mar-17,12,EMP-7,Supervisor-2,48,0,450,4.9,9,21600
17-Mar-17,Mar-17,12,EMP-8,Supervisor-2,43,11,499,8.8,9,21457
17-Mar-17,Mar-17,12,EMP-9,Supervisor-2,65,13,418,6.9,9,27170
17-Mar-17,Mar-17,12,EMP-10,Supervisor-2,58,20,540,4.9,9,31320
17-Mar-17,Mar-17,12,EMP-11,Supervisor-2,62,24,556,7.8,9,34472
17-Mar-17,Mar-17,12,EMP-12,Supervisor-2,69,7,444,9,9,30636
17-Mar-17,Mar-17,12,EMP-13,Supervisor-2,57,15,546,7.8,9,31122
17-Mar-17,Mar-17,12,EMP-14,Supervisor-2,62,27,336,4.9,9,20832
17-Mar-17,Mar-17,12,EMP-15,Supervisor-3,44,7,490,7.8,9,21560
17-Mar-17,Mar-17,12,EMP-16,Supervisor-3,33,5,424,4.9,9,13992
17-Mar-17,Mar-17,12,EMP-17,Supervisor-3,70,21,362,5.9,9,25340
17-Mar-17,Mar-17,12,EMP-18,Supervisor-3,36,15,473,9,9,17028
17-Mar-17,Mar-17,12,EMP-19,Supervisor-3,30,16,511,5.9,9,15330
17-Mar-17,Mar-17,12,EMP-20,Supervisor-3,49,20,519,6.9,9,25431
18-Mar-17,Mar-17,12,EMP-1,Supervisor-1,69,23,566,6.9,9,39054
18-Mar-17,Mar-17,12,EMP-2,Supervisor-1,51,5,523,4.9,9,26673
18-Mar-17,Mar-17,12,EMP-3,Supervisor-1,61,16,510,7.8,9,31110
18-Mar-17,Mar-17,12,EMP-4,Supervisor-1,36,22,349,8.8,9,12564
18-Mar-17,Mar-17,12,EMP-5,Supervisor-1,54,26,475,6.9,9,25650
18-Mar-17,Mar-17,12,EMP-6,Supervisor-2,46,24,433,5.9,9,19918
18-Mar-17,Mar-17,12,EMP-7,Supervisor-2,67,13,489,9,9,32763
18-Mar-17,Mar-17,12,EMP-8,Supervisor-2,37,20,552,9,9,20424
18-Mar-17,Mar-17,12,EMP-9,Supervisor-2,64,8,539,6.9,9,34496
18-Mar-17,Mar-17,12,EMP-10,Supervisor-2,36,26,569,7.8,9,20484
18-Mar-17,Mar-17,12,EMP-11,Supervisor-2,46,12,310,4.9,9,14260
18-Mar-17,Mar-17,12,EMP-12,Supervisor-2,49,8,384,6.9,9,18816
18-Mar-17,Mar-17,12,EMP-13,Supervisor-2,32,8,453,8.8,9,14496
18-Mar-17,Mar-17,12,EMP-14,Supervisor-2,31,17,462,4.9,9,14322
18-Mar-17,Mar-17,12,EMP-15,Supervisor-3,54,27,413,7.8,9,22302
18-Mar-17,Mar-17,12,EMP-16,Supervisor-3,49,15,306,5.9,9,14994
18-Mar-17,Mar-17,12,EMP-17,Supervisor-3,49,19,474,9,9,23226
18-Mar-17,Mar-17,12,EMP-18,Supervisor-3,61,13,576,7.8,9,35136
18-Mar-17,Mar-17,12,EMP-19,Supervisor-3,62,19,453,9,9,28086
18-Mar-17,Mar-17,12,EMP-20,Supervisor-3,59,13,385,8.8,9,22715
19-Mar-17,Mar-17,12,EMP-1,Supervisor-1,67,23,489,7.8,9,32763
19-Mar-17,Mar-17,12,EMP-2,Supervisor-1,41,17,442,4.9,9,18122
19-Mar-17,Mar-17,12,EMP-3,Supervisor-1,40,8,597,9,9,23880
19-Mar-17,Mar-17,12,EMP-4,Supervisor-1,56,18,306,5.9,9,17136
19-Mar-17,Mar-17,12,EMP-5,Supervisor-1,64,23,384,5.9,9,24576
19-Mar-17,Mar-17,12,EMP-6,Supervisor-2,47,21,339,6.9,9,15933
19-Mar-17,Mar-17,12,EMP-7,Supervisor-2,63,20,307,4.9,9,19341
19-Mar-17,Mar-17,12,EMP-8,Supervisor-2,50,21,352,8.8,9,17600
19-Mar-17,Mar-17,12,EMP-9,Supervisor-2,70,7,475,9,9,33250
19-Mar-17,Mar-17,12,EMP-10,Supervisor-2,45,22,537,6.9,9,24165
19-Mar-17,Mar-17,12,EMP-11,Supervisor-2,56,5,325,4.9,9,18200
19-Mar-17,Mar-17,12,EMP-12,Supervisor-2,61,20,404,7.8,9,24644
19-Mar-17,Mar-17,12,EMP-13,Supervisor-2,57,27,541,7.8,9,30837
19-Mar-17,Mar-17,12,EMP-14,Supervisor-2,59,21,484,8.8,9,28556
19-Mar-17,Mar-17,12,EMP-15,Supervisor-3,44,19,339,4.9,9,14916
19-Mar-17,Mar-17,12,EMP-16,Supervisor-3,60,19,561,9,9,33660
19-Mar-17,Mar-17,12,EMP-17,Supervisor-3,61,16,424,9,9,25864
19-Mar-17,Mar-17,12,EMP-18,Supervisor-3,57,17,382,9,9,21774
19-Mar-17,Mar-17,12,EMP-19,Supervisor-3,52,23,372,8.8,9,19344
19-Mar-17,Mar-17,12,EMP-20,Supervisor-3,37,18,474,6.9,9,17538
20-Mar-17,Mar-17,13,EMP-1,Supervisor-1,53,22,542,7.8,9,28726
20-Mar-17,Mar-17,13,EMP-2,Supervisor-1,70,24,378,5.9,9,26460
20-Mar-17,Mar-17,13,EMP-3,Supervisor-1,51,14,596,9,9,30396
20-Mar-17,Mar-17,13,EMP-4,Supervisor-1,37,23,437,6.9,9,16169
20-Mar-17,Mar-17,13,EMP-5,Supervisor-1,33,5,405,9,9,13365
20-Mar-17,Mar-17,13,EMP-6,Supervisor-2,38,21,513,8.8,9,19494
20-Mar-17,Mar-17,13,EMP-7,Supervisor-2,58,21,340,5.9,9,19720
20-Mar-17,Mar-17,13,EMP-8,Supervisor-2,52,16,560,8.8,9,29120
20-Mar-17,Mar-17,13,EMP-9,Supervisor-2,34,27,392,9,9,13328
20-Mar-17,Mar-17,13,EMP-10,Supervisor-2,41,24,479,8.8,9,19639
20-Mar-17,Mar-17,13,EMP-11,Supervisor-2,41,7,365,7.8,9,14965
20-Mar-17,Mar-17,13,EMP-12,Supervisor-2,36,24,451,5.9,9,16236
20-Mar-17,Mar-17,13,EMP-13,Supervisor-2,61,21,548,9,9,33428
20-Mar-17,Mar-17,13,EMP-14,Supervisor-2,48,22,574,9,9,27552
20-Mar-17,Mar-17,13,EMP-15,Supervisor-3,58,24,305,6.9,9,17690
20-Mar-17,Mar-17,13,EMP-16,Supervisor-3,40,22,342,8.8,9,13680
20-Mar-17,Mar-17,13,EMP-17,Supervisor-3,51,25,571,4.9,9,29121
20-Mar-17,Mar-17,13,EMP-18,Supervisor-3,43,26,534,7.8,9,22962
20-Mar-17,Mar-17,13,EMP-19,Supervisor-3,61,18,447,8.8,9,27267
20-Mar-17,Mar-17,13,EMP-20,Supervisor-3,45,20,494,5.9,9,22230
21-Mar-17,Mar-17,13,EMP-1,Supervisor-1,35,10,392,4.9,9,13720
21-Mar-17,Mar-17,13,EMP-2,Supervisor-1,42,14,558,4.9,9,23436
21-Mar-17,Mar-17,13,EMP-3,Supervisor-1,54,14,379,8.8,9,20466
21-Mar-17,Mar-17,13,EMP-4,Supervisor-1,55,12,417,9,9,22935
21-Mar-17,Mar-17,13,EMP-5,Supervisor-1,63,22,470,8.8,9,29610
21-Mar-17,Mar-17,13,EMP-6,Supervisor-2,36,8,384,7.8,9,13824
21-Mar-17,Mar-17,13,EMP-7,Supervisor-2,56,13,370,7.8,9,20720
21-Mar-17,Mar-17,13,EMP-8,Supervisor-2,56,14,512,5.9,9,28672
21-Mar-17,Mar-17,13,EMP-9,Supervisor-2,46,9,594,7.8,9,27324
21-Mar-17,Mar-17,13,EMP-10,Supervisor-2,46,5,485,5.9,9,22310
21-Mar-17,Mar-17,13,EMP-11,Supervisor-2,65,10,389,7.8,9,25285
21-Mar-17,Mar-17,13,EMP-12,Supervisor-2,69,21,465,4.9,9,32085
21-Mar-17,Mar-17,13,EMP-13,Supervisor-2,70,6,315,8.8,9,22050
21-Mar-17,Mar-17,13,EMP-14,Supervisor-2,42,22,582,4.9,9,24444
21-Mar-17,Mar-17,13,EMP-15,Supervisor-3,58,21,512,7.8,9,29696
21-Mar-17,Mar-17,13,EMP-16,Supervisor-3,60,27,473,7.8,9,28380
21-Mar-17,Mar-17,13,EMP-17,Supervisor-3,70,17,303,9,9,21210
21-Mar-17,Mar-17,13,EMP-18,Supervisor-3,58,27,383,6.9,9,22214
21-Mar-17,Mar-17,13,EMP-19,Supervisor-3,67,20,538,9,9,36046
21-Mar-17,Mar-17,13,EMP-20,Supervisor-3,32,7,391,8.8,9,12512
22-Mar-17,Mar-17,13,EMP-1,Supervisor-1,60,9,585,7.8,9,35100
22-Mar-17,Mar-17,13,EMP-2,Supervisor-1,65,6,313,9,9,20345
22-Mar-17,Mar-17,13,EMP-3,Supervisor-1,56,17,547,4.9,9,30632
22-Mar-17,Mar-17,13,EMP-4,Supervisor-1,70,10,457,5.9,9,31990
22-Mar-17,Mar-17,13,EMP-5,Supervisor-1,32,0,349,5.9,9,11168
22-Mar-17,Mar-17,13,EMP-6,Supervisor-2,69,26,589,9,9,40641
22-Mar-17,Mar-17,13,EMP-7,Supervisor-2,38,9,425,6.9,9,16150
22-Mar-17,Mar-17,13,EMP-8,Supervisor-2,57,22,576,8.8,9,32832
22-Mar-17,Mar-17,13,EMP-9,Supervisor-2,37,8,368,5.9,9,13616
22-Mar-17,Mar-17,13,EMP-10,Supervisor-2,42,5,440,7.8,9,18480
22-Mar-17,Mar-17,13,EMP-11,Supervisor-2,43,18,472,6.9,9,20296
22-Mar-17,Mar-17,13,EMP-12,Supervisor-2,37,6,490,9,9,18130
22-Mar-17,Mar-17,13,EMP-13,Supervisor-2,70,18,436,8.8,9,30520
22-Mar-17,Mar-17,13,EMP-14,Supervisor-2,55,16,326,8.8,9,17930
22-Mar-17,Mar-17,13,EMP-15,Supervisor-3,62,22,370,5.9,9,22940
22-Mar-17,Mar-17,13,EMP-16,Supervisor-3,59,26,476,4.9,9,28084
22-Mar-17,Mar-17,13,EMP-17,Supervisor-3,37,21,372,8.8,9,13764
22-Mar-17,Mar-17,13,EMP-18,Supervisor-3,41,7,360,4.9,9,14760
22-Mar-17,Mar-17,13,EMP-19,Supervisor-3,48,11,590,7.8,9,28320
22-Mar-17,Mar-17,13,EMP-20,Supervisor-3,53,0,421,5.9,9,22313
23-Mar-17,Mar-17,13,EMP-1,Supervisor-1,62,9,543,8.8,9,33666
23-Mar-17,Mar-17,13,EMP-2,Supervisor-1,60,5,433,8.8,9,25980
23-Mar-17,Mar-17,13,EMP-3,Supervisor-1,60,21,470,5.9,9,28200
23-Mar-17,Mar-17,13,EMP-4,Supervisor-1,39,16,377,5.9,9,14703
23-Mar-17,Mar-17,13,EMP-5,Supervisor-1,47,9,589,8.8,9,27683
23-Mar-17,Mar-17,13,EMP-6,Supervisor-2,32,14,502,4.9,9,16064
23-Mar-17,Mar-17,13,EMP-7,Supervisor-2,65,24,560,5.9,9,36400
23-Mar-17,Mar-17,13,EMP-8,Supervisor-2,48,7,351,8.8,9,16848
23-Mar-17,Mar-17,13,EMP-9,Supervisor-2,40,20,340,6.9,9,13600
23-Mar-17,Mar-17,13,EMP-10,Supervisor-2,52,6,326,5.9,9,16952
23-Mar-17,Mar-17,13,EMP-11,Supervisor-2,66,21,541,4.9,9,35706
23-Mar-17,Mar-17,13,EMP-12,Supervisor-2,64,10,544,9,9,34816
23-Mar-17,Mar-17,13,EMP-13,Supervisor-2,58,0,460,5.9,9,26680
23-Mar-17,Mar-17,13,EMP-14,Supervisor-2,60,20,305,6.9,9,18300
23-Mar-17,Mar-17,13,EMP-15,Supervisor-3,34,25,568,6.9,9,19312
23-Mar-17,Mar-17,13,EMP-16,Supervisor-3,70,13,432,7.8,9,30240
23-Mar-17,Mar-17,13,EMP-17,Supervisor-3,31,6,490,4.9,9,15190
23-Mar-17,Mar-17,13,EMP-18,Supervisor-3,35,26,391,9,9,13685
23-Mar-17,Mar-17,13,EMP-19,Supervisor-3,45,15,531,4.9,9,23895
23-Mar-17,Mar-17,13,EMP-20,Supervisor-3,53,0,379,8.8,9,20087
24-Mar-17,Mar-17,13,EMP-1,Supervisor-1,40,20,464,9,9,18560
24-Mar-17,Mar-17,13,EMP-2,Supervisor-1,30,0,335,9,9,10050
24-Mar-17,Mar-17,13,EMP-3,Supervisor-1,60,22,361,9,9,21660
24-Mar-17,Mar-17,13,EMP-4,Supervisor-1,52,18,572,7.8,9,29744
24-Mar-17,Mar-17,13,EMP-5,Supervisor-1,57,20,570,4.9,9,32490
24-Mar-17,Mar-17,13,EMP-6,Supervisor-2,50,18,412,5.9,9,20600
24-Mar-17,Mar-17,13,EMP-7,Supervisor-2,41,22,508,7.8,9,20828
24-Mar-17,Mar-17,13,EMP-8,Supervisor-2,50,14,551,8.8,9,27550
24-Mar-17,Mar-17,13,EMP-9,Supervisor-2,33,6,506,5.9,9,16698
24-Mar-17,Mar-17,13,EMP-10,Supervisor-2,36,13,548,5.9,9,19728
24-Mar-17,Mar-17,13,EMP-11,Supervisor-2,67,21,546,8.8,9,36582
24-Mar-17,Mar-17,13,EMP-12,Supervisor-2,44,14,382,8.8,9,16808
24-Mar-17,Mar-17,13,EMP-13,Supervisor-2,32,11,309,4.9,9,9888
24-Mar-17,Mar-17,13,EMP-14,Supervisor-2,57,25,409,6.9,9,23313
24-Mar-17,Mar-17,13,EMP-15,Supervisor-3,41,13,466,8.8,9,19106
24-Mar-17,Mar-17,13,EMP-16,Supervisor-3,49,7,591,5.9,9,28959
24-Mar-17,Mar-17,13,EMP-17,Supervisor-3,31,11,437,8.8,9,13547
24-Mar-17,Mar-17,13,EMP-18,Supervisor-3,53,19,508,9,9,26924
24-Mar-17,Mar-17,13,EMP-19,Supervisor-3,32,9,427,9,9,13664
24-Mar-17,Mar-17,13,EMP-20,Supervisor-3,31,21,595,9,9,18445
25-Mar-17,Mar-17,13,EMP-1,Supervisor-1,33,26,343,6.9,9,11319
25-Mar-17,Mar-17,13,EMP-2,Supervisor-1,40,22,386,8.8,9,15440
25-Mar-17,Mar-17,13,EMP-3,Supervisor-1,43,12,352,8.8,9,15136
25-Mar-17,Mar-17,13,EMP-4,Supervisor-1,54,22,399,4.9,9,21546
25-Mar-17,Mar-17,13,EMP-5,Supervisor-1,48,16,334,9,9,16032
25-Mar-17,Mar-17,13,EMP-6,Supervisor-2,40,13,407,5.9,9,16280
25-Mar-17,Mar-17,13,EMP-7,Supervisor-2,67,0,492,4.9,9,32964
25-Mar-17,Mar-17,13,EMP-8,Supervisor-2,70,27,575,5.9,9,40250
25-Mar-17,Mar-17,13,EMP-9,Supervisor-2,68,20,585,7.8,9,39780
25-Mar-17,Mar-17,13,EMP-10,Supervisor-2,63,0,443,9,9,27909
25-Mar-17,Mar-17,13,EMP-11,Supervisor-2,40,5,536,4.9,9,21440
25-Mar-17,Mar-17,13,EMP-12,Supervisor-2,57,11,326,7.8,9,18582
25-Mar-17,Mar-17,13,EMP-13,Supervisor-2,55,24,544,4.9,9,29920
25-Mar-17,Mar-17,13,EMP-14,Supervisor-2,31,27,504,4.9,9,15624
25-Mar-17,Mar-17,13,EMP-15,Supervisor-3,55,13,469,9,9,25795
25-Mar-17,Mar-17,13,EMP-16,Supervisor-3,52,18,464,8.8,9,24128
25-Mar-17,Mar-17,13,EMP-17,Supervisor-3,62,8,346,8.8,9,21452
25-Mar-17,Mar-17,13,EMP-18,Supervisor-3,43,5,597,8.8,9,25671
25-Mar-17,Mar-17,13,EMP-19,Supervisor-3,30,10,414,8.8,9,12420
25-Mar-17,Mar-17,13,EMP-20,Supervisor-3,51,21,331,4.9,9,16881
26-Mar-17,Mar-17,13,EMP-1,Supervisor-1,40,24,538,9,9,21520
26-Mar-17,Mar-17,13,EMP-2,Supervisor-1,38,10,393,7.8,9,14934
26-Mar-17,Mar-17,13,EMP-3,Supervisor-1,68,8,463,9,9,31484
26-Mar-17,Mar-17,13,EMP-4,Supervisor-1,41,25,465,9,9,19065
26-Mar-17,Mar-17,13,EMP-5,Supervisor-1,46,10,557,4.9,9,25622
26-Mar-17,Mar-17,13,EMP-6,Supervisor-2,33,13,416,8.8,9,13728
26-Mar-17,Mar-17,13,EMP-7,Supervisor-2,69,6,321,7.8,9,22149
26-Mar-17,Mar-17,13,EMP-8,Supervisor-2,54,17,420,9,9,22680
26-Mar-17,Mar-17,13,EMP-9,Supervisor-2,48,20,584,8.8,9,28032
26-Mar-17,Mar-17,13,EMP-10,Supervisor-2,37,14,323,8.8,9,11951
26-Mar-17,Mar-17,13,EMP-11,Supervisor-2,41,13,511,9,9,20951
26-Mar-17,Mar-17,13,EMP-12,Supervisor-2,56,20,371,7.8,9,20776
26-Mar-17,Mar-17,13,EMP-13,Supervisor-2,31,21,514,8.8,9,15934
26-Mar-17,Mar-17,13,EMP-14,Supervisor-2,58,22,397,8.8,9,23026
26-Mar-17,Mar-17,13,EMP-15,Supervisor-3,61,16,427,5.9,9,26047
26-Mar-17,Mar-17,13,EMP-16,Supervisor-3,57,5,587,6.9,9,33459
26-Mar-17,Mar-17,13,EMP-17,Supervisor-3,31,26,558,4.9,9,17298
26-Mar-17,Mar-17,13,EMP-18,Supervisor-3,44,20,595,9,9,26180
26-Mar-17,Mar-17,13,EMP-19,Supervisor-3,30,11,433,5.9,9,12990
26-Mar-17,Mar-17,13,EMP-20,Supervisor-3,36,14,525,6.9,9,18900
27-Mar-17,Mar-17,14,EMP-1,Supervisor-1,42,18,320,9,9,13440
27-Mar-17,Mar-17,14,EMP-2,Supervisor-1,58,15,431,9,9,24998
27-Mar-17,Mar-17,14,EMP-3,Supervisor-1,70,22,378,6.9,9,26460
27-Mar-17,Mar-17,14,EMP-4,Supervisor-1,58,7,533,6.9,9,30914
27-Mar-17,Mar-17,14,EMP-5,Supervisor-1,30,19,398,9,9,11940
27-Mar-17,Mar-17,14,EMP-6,Supervisor-2,66,17,443,8.8,9,29238
27-Mar-17,Mar-17,14,EMP-7,Supervisor-2,35,15,349,4.9,9,12215
27-Mar-17,Mar-17,14,EMP-8,Supervisor-2,59,25,570,4.9,9,33630
27-Mar-17,Mar-17,14,EMP-9,Supervisor-2,56,25,421,4.9,9,23576
27-Mar-17,Mar-17,14,EMP-10,Supervisor-2,67,10,460,9,9,30820
27-Mar-17,Mar-17,14,EMP-11,Supervisor-2,36,27,497,7.8,9,17892
27-Mar-17,Mar-17,14,EMP-12,Supervisor-2,60,24,302,9,9,18120
27-Mar-17,Mar-17,14,EMP-13,Supervisor-2,58,14,543,5.9,9,31494
27-Mar-17,Mar-17,14,EMP-14,Supervisor-2,56,20,526,6.9,9,29456
27-Mar-17,Mar-17,14,EMP-15,Supervisor-3,53,15,537,7.8,9,28461
27-Mar-17,Mar-17,14,EMP-16,Supervisor-3,65,9,364,4.9,9,23660
27-Mar-17,Mar-17,14,EMP-17,Supervisor-3,49,0,482,8.8,9,23618
27-Mar-17,Mar-17,14,EMP-18,Supervisor-3,44,19,543,8.8,9,23892
27-Mar-17,Mar-17,14,EMP-19,Supervisor-3,42,5,441,8.8,9,18522
27-Mar-17,Mar-17,14,EMP-20,Supervisor-3,48,19,325,5.9,9,15600
28-Mar-17,Mar-17,14,EMP-1,Supervisor-1,56,20,508,5.9,9,28448
28-Mar-17,Mar-17,14,EMP-2,Supervisor-1,43,25,373,8.8,9,16039
28-Mar-17,Mar-17,14,EMP-3,Supervisor-1,56,10,445,5.9,9,24920
28-Mar-17,Mar-17,14,EMP-4,Supervisor-1,67,15,325,9,9,21775
28-Mar-17,Mar-17,14,EMP-5,Supervisor-1,47,20,571,5.9,9,26837
28-Mar-17,Mar-17,14,EMP-6,Supervisor-2,67,25,506,8.8,9,33902
28-Mar-17,Mar-17,14,EMP-7,Supervisor-2,41,18,482,7.8,9,19762
28-Mar-17,Mar-17,14,EMP-8,Supervisor-2,48,17,419,5.9,9,20112
28-Mar-17,Mar-17,14,EMP-9,Supervisor-2,70,19,412,9,9,28840
28-Mar-17,Mar-17,14,EMP-10,Supervisor-2,70,10,536,9,9,37520
28-Mar-17,Mar-17,14,EMP-11,Supervisor-2,38,0,403,6.9,9,15314
28-Mar-17,Mar-17,14,EMP-12,Supervisor-2,32,20,495,6.9,9,15840
28-Mar-17,Mar-17,14,EMP-13,Supervisor-2,49,10,405,5.9,9,19845
28-Mar-17,Mar-17,14,EMP-14,Supervisor-2,59,14,576,6.9,9,33984
28-Mar-17,Mar-17,14,EMP-15,Supervisor-3,50,21,343,6.9,9,17150
28-Mar-17,Mar-17,14,EMP-16,Supervisor-3,40,13,431,5.9,9,17240
28-Mar-17,Mar-17,14,EMP-17,Supervisor-3,54,8,419,4.9,9,22626
28-Mar-17,Mar-17,14,EMP-18,Supervisor-3,33,20,484,6.9,9,15972
28-Mar-17,Mar-17,14,EMP-19,Supervisor-3,48,14,537,9,9,25776
28-Mar-17,Mar-17,14,EMP-20,Supervisor-3,59,12,588,4.9,9,34692
29-Mar-17,Mar-17,14,EMP-1,Supervisor-1,41,25,304,4.9,9,12464
29-Mar-17,Mar-17,14,EMP-2,Supervisor-1,42,8,372,6.9,9,15624
29-Mar-17,Mar-17,14,EMP-3,Supervisor-1,50,17,428,4.9,9,21400
29-Mar-17,Mar-17,14,EMP-4,Supervisor-1,34,25,484,5.9,9,16456
29-Mar-17,Mar-17,14,EMP-5,Supervisor-1,51,8,306,4.9,9,15606
29-Mar-17,Mar-17,14,EMP-6,Supervisor-2,59,9,549,7.8,9,32391
29-Mar-17,Mar-17,14,EMP-7,Supervisor-2,31,27,588,8.8,9,18228
29-Mar-17,Mar-17,14,EMP-8,Supervisor-2,59,13,302,5.9,9,17818
29-Mar-17,Mar-17,14,EMP-9,Supervisor-2,57,24,301,6.9,9,17157
29-Mar-17,Mar-17,14,EMP-10,Supervisor-2,44,13,543,9,9,23892
29-Mar-17,Mar-17,14,EMP-11,Supervisor-2,58,24,372,5.9,9,21576
29-Mar-17,Mar-17,14,EMP-12,Supervisor-2,35,16,524,5.9,9,18340
29-Mar-17,Mar-17,14,EMP-13,Supervisor-2,36,25,431,9,9,15516
29-Mar-17,Mar-17,14,EMP-14,Supervisor-2,59,23,538,9,9,31742
29-Mar-17,Mar-17,14,EMP-15,Supervisor-3,55,16,425,5.9,9,23375
29-Mar-17,Mar-17,14,EMP-16,Supervisor-3,60,10,425,9,9,25500
29-Mar-17,Mar-17,14,EMP-17,Supervisor-3,52,25,463,7.8,9,24076
29-Mar-17,Mar-17,14,EMP-18,Supervisor-3,51,5,580,4.9,9,29580
29-Mar-17,Mar-17,14,EMP-19,Supervisor-3,51,19,361,8.8,9,18411
29-Mar-17,Mar-17,14,EMP-20,Supervisor-3,62,21,335,7.8,9,20770
30-Mar-17,Mar-17,14,EMP-1,Supervisor-1,34,15,465,9,9,15810
30-Mar-17,Mar-17,14,EMP-2,Supervisor-1,42,19,564,7.8,9,23688
30-Mar-17,Mar-17,14,EMP-3,Supervisor-1,67,7,570,9,9,38190
30-Mar-17,Mar-17,14,EMP-4,Supervisor-1,44,17,441,9,9,19404
30-Mar-17,Mar-17,14,EMP-5,Supervisor-1,38,20,376,8.8,9,14288
30-Mar-17,Mar-17,14,EMP-6,Supervisor-2,57,27,443,4.9,9,25251
30-Mar-17,Mar-17,14,EMP-7,Supervisor-2,64,16,451,6.9,9,28864
30-Mar-17,Mar-17,14,EMP-8,Supervisor-2,42,16,568,7.8,9,23856
30-Mar-17,Mar-17,14,EMP-9,Supervisor-2,53,27,588,9,9,31164
30-Mar-17,Mar-17,14,EMP-10,Supervisor-2,56,17,532,8.8,9,29792
30-Mar-17,Mar-17,14,EMP-11,Supervisor-2,30,13,447,8.8,9,13410
30-Mar-17,Mar-17,14,EMP-12,Supervisor-2,36,16,321,5.9,9,11556
30-Mar-17,Mar-17,14,EMP-13,Supervisor-2,39,0,375,4.9,9,14625
30-Mar-17,Mar-17,14,EMP-14,Supervisor-2,69,18,512,6.9,9,35328
30-Mar-17,Mar-17,14,EMP-15,Supervisor-3,36,6,361,7.8,9,12996
30-Mar-17,Mar-17,14,EMP-16,Supervisor-3,54,11,556,8.8,9,30024
30-Mar-17,Mar-17,14,EMP-17,Supervisor-3,57,16,570,4.9,9,32490
30-Mar-17,Mar-17,14,EMP-18,Supervisor-3,63,21,380,4.9,9,23940
30-Mar-17,Mar-17,14,EMP-19,Supervisor-3,37,0,339,5.9,9,12543
30-Mar-17,Mar-17,14,EMP-20,Supervisor-3,44,6,538,8.8,9,23672
31-Mar-17,Mar-17,14,EMP-1,Supervisor-1,54,19,390,9,9,21060
31-Mar-17,Mar-17,14,EMP-2,Supervisor-1,63,20,359,6.9,9,22617
31-Mar-17,Mar-17,14,EMP-3,Supervisor-1,61,17,574,7.8,9,35014
31-Mar-17,Mar-17,14,EMP-4,Supervisor-1,33,10,351,7.8,9,11583
31-Mar-17,Mar-17,14,EMP-5,Supervisor-1,51,27,340,6.9,9,17340
31-Mar-17,Mar-17,14,EMP-6,Supervisor-2,38,22,389,5.9,9,14782
31-Mar-17,Mar-17,14,EMP-7,Supervisor-2,57,21,366,5.9,9,20862
31-Mar-17,Mar-17,14,EMP-8,Supervisor-2,59,21,432,8.8,9,25488
31-Mar-17,Mar-17,14,EMP-9,Supervisor-2,40,26,396,5.9,9,15840
31-Mar-17,Mar-17,14,EMP-10,Supervisor-2,38,25,574,6.9,9,21812
31-Mar-17,Mar-17,14,EMP-11,Supervisor-2,56,14,493,6.9,9,27608
31-Mar-17,Mar-17,14,EMP-12,Supervisor-2,56,11,485,6.9,9,27160
31-Mar-17,Mar-17,14,EMP-13,Supervisor-2,59,20,413,4.9,9,24367
31-Mar-17,Mar-17,14,EMP-14,Supervisor-2,38,24,422,9,9,16036
31-Mar-17,Mar-17,14,EMP-15,Supervisor-3,61,13,541,4.9,9,33001
31-Mar-17,Mar-17,14,EMP-16,Supervisor-3,51,22,362,9,9,18462
31-Mar-17,Mar-17,14,EMP-17,Supervisor-3,50,9,470,8.8,9,23500
31-Mar-17,Mar-17,14,EMP-18,Supervisor-3,44,0,406,9,9,17864
31-Mar-17,Mar-17,14,EMP-19,Supervisor-3,30,14,409,7.8,9,12270
31-Mar-17,Mar-17,14,EMP-20,Supervisor-3,58,23,469,9,9,27202
01-Apr-17,Apr-17,14,EMP-1,Supervisor-1,64,22,356,7.8,9,22784
01-Apr-17,Apr-17,14,EMP-2,Supervisor-1,51,17,409,4.9,9,20859
01-Apr-17,Apr-17,14,EMP-3,Supervisor-1,43,21,420,9,9,18060
01-Apr-17,Apr-17,14,EMP-4,Supervisor-1,67,25,507,5.9,9,33969
01-Apr-17,Apr-17,14,EMP-5,Supervisor-1,55,13,339,7.8,9,18645
01-Apr-17,Apr-17,14,EMP-6,Supervisor-2,43,12,510,9,9,21930
01-Apr-17,Apr-17,14,EMP-7,Supervisor-2,62,26,443,6.9,9,27466
01-Apr-17,Apr-17,14,EMP-8,Supervisor-2,34,6,486,4.9,9,16524
01-Apr-17,Apr-17,14,EMP-9,Supervisor-2,53,7,397,8.8,9,21041
01-Apr-17,Apr-17,14,EMP-10,Supervisor-2,48,14,416,8.8,9,19968
01-Apr-17,Apr-17,14,EMP-11,Supervisor-2,51,8,359,7.8,9,18309
01-Apr-17,Apr-17,14,EMP-12,Supervisor-2,49,16,372,4.9,9,18228
01-Apr-17,Apr-17,14,EMP-13,Supervisor-2,56,10,524,5.9,9,29344
01-Apr-17,Apr-17,14,EMP-14,Supervisor-2,47,6,496,9,9,23312
01-Apr-17,Apr-17,14,EMP-15,Supervisor-3,67,11,499,5.9,9,33433
01-Apr-17,Apr-17,14,EMP-16,Supervisor-3,42,20,435,7.8,9,18270
01-Apr-17,Apr-17,14,EMP-17,Supervisor-3,41,17,308,4.9,9,12628
01-Apr-17,Apr-17,14,EMP-18,Supervisor-3,31,14,370,8.8,9,11470
01-Apr-17,Apr-17,14,EMP-19,Supervisor-3,36,6,392,5.9,9,14112
01-Apr-17,Apr-17,14,EMP-20,Supervisor-3,64,12,548,8.8,9,35072
02-Apr-17,Apr-17,14,EMP-1,Supervisor-1,70,20,469,6.9,9,32830
02-Apr-17,Apr-17,14,EMP-2,Supervisor-1,35,22,414,9,9,14490
02-Apr-17,Apr-17,14,EMP-3,Supervisor-1,62,20,454,5.9,9,28148
02-Apr-17,Apr-17,14,EMP-4,Supervisor-1,66,25,496,6.9,9,32736
02-Apr-17,Apr-17,14,EMP-5,Supervisor-1,62,10,514,9,9,31868
02-Apr-17,Apr-17,14,EMP-6,Supervisor-2,60,13,301,5.9,9,18060
02-Apr-17,Apr-17,14,EMP-7,Supervisor-2,37,10,330,7.8,9,12210
02-Apr-17,Apr-17,14,EMP-8,Supervisor-2,65,22,518,8.8,9,33670
02-Apr-17,Apr-17,14,EMP-9,Supervisor-2,31,18,335,9,9,10385
02-Apr-17,Apr-17,14,EMP-10,Supervisor-2,45,19,571,5.9,9,25695
02-Apr-17,Apr-17,14,EMP-11,Supervisor-2,59,7,421,8.8,9,24839
02-Apr-17,Apr-17,14,EMP-12,Supervisor-2,69,8,399,8.8,9,27531
02-Apr-17,Apr-17,14,EMP-13,Supervisor-2,62,13,357,9,9,22134
02-Apr-17,Apr-17,14,EMP-14,Supervisor-2,66,24,528,4.9,9,34848
02-Apr-17,Apr-17,14,EMP-15,Supervisor-3,50,24,524,6.9,9,26200
02-Apr-17,Apr-17,14,EMP-16,Supervisor-3,58,5,519,7.8,9,30102
02-Apr-17,Apr-17,14,EMP-17,Supervisor-3,37,27,576,4.9,9,21312
02-Apr-17,Apr-17,14,EMP-18,Supervisor-3,68,21,544,7.8,9,36992
02-Apr-17,Apr-17,14,EMP-19,Supervisor-3,39,11,303,6.9,9,11817
02-Apr-17,Apr-17,14,EMP-20,Supervisor-3,58,7,566,7.8,9,32828
03-Apr-17,Apr-17,15,EMP-1,Supervisor-1,34,10,505,5.9,9,17170
03-Apr-17,Apr-17,15,EMP-2,Supervisor-1,33,24,528,9,9,17424
03-Apr-17,Apr-17,15,EMP-3,Supervisor-1,40,20,406,6.9,9,16240
03-Apr-17,Apr-17,15,EMP-4,Supervisor-1,56,16,396,9,9,22176
03-Apr-17,Apr-17,15,EMP-5,Supervisor-1,57,18,572,5.9,9,32604
03-Apr-17,Apr-17,15,EMP-6,Supervisor-2,49,0,547,8.8,9,26803
03-Apr-17,Apr-17,15,EMP-7,Supervisor-2,67,10,550,5.9,9,36850
03-Apr-17,Apr-17,15,EMP-8,Supervisor-2,35,20,475,4.9,9,16625
03-Apr-17,Apr-17,15,EMP-9,Supervisor-2,47,7,320,7.8,9,15040
03-Apr-17,Apr-17,15,EMP-10,Supervisor-2,39,21,478,5.9,9,18642
03-Apr-17,Apr-17,15,EMP-11,Supervisor-2,42,25,461,5.9,9,19362
03-Apr-17,Apr-17,15,EMP-12,Supervisor-2,70,15,553,7.8,9,38710
03-Apr-17,Apr-17,15,EMP-13,Supervisor-2,69,22,334,6.9,9,23046
03-Apr-17,Apr-17,15,EMP-14,Supervisor-2,38,13,567,5.9,9,21546
03-Apr-17,Apr-17,15,EMP-15,Supervisor-3,34,22,590,8.8,9,20060
03-Apr-17,Apr-17,15,EMP-16,Supervisor-3,40,25,382,5.9,9,15280
03-Apr-17,Apr-17,15,EMP-17,Supervisor-3,69,26,467,4.9,9,32223
03-Apr-17,Apr-17,15,EMP-18,Supervisor-3,37,8,350,6.9,9,12950
03-Apr-17,Apr-17,15,EMP-19,Supervisor-3,30,27,305,9,9,9150
03-Apr-17,Apr-17,15,EMP-20,Supervisor-3,51,5,455,4.9,9,23205
04-Apr-17,Apr-17,15,EMP-1,Supervisor-1,60,24,421,6.9,9,25260
04-Apr-17,Apr-17,15,EMP-2,Supervisor-1,32,14,574,9,9,18368
04-Apr-17,Apr-17,15,EMP-3,Supervisor-1,30,21,355,6.9,9,10650
04-Apr-17,Apr-17,15,EMP-4,Supervisor-1,66,17,415,4.9,9,27390
04-Apr-17,Apr-17,15,EMP-5,Supervisor-1,56,0,563,5.9,9,31528
04-Apr-17,Apr-17,15,EMP-6,Supervisor-2,52,16,454,9,9,23608
04-Apr-17,Apr-17,15,EMP-7,Supervisor-2,30,17,501,7.8,9,15030
04-Apr-17,Apr-17,15,EMP-8,Supervisor-2,42,8,444,8.8,9,18648
04-Apr-17,Apr-17,15,EMP-9,Supervisor-2,31,8,595,4.9,9,18445
04-Apr-17,Apr-17,15,EMP-10,Supervisor-2,38,10,345,7.8,9,13110
04-Apr-17,Apr-17,15,EMP-11,Supervisor-2,54,21,425,5.9,9,22950
04-Apr-17,Apr-17,15,EMP-12,Supervisor-2,57,13,406,6.9,9,23142
04-Apr-17,Apr-17,15,EMP-13,Supervisor-2,40,14,325,7.8,9,13000
04-Apr-17,Apr-17,15,EMP-14,Supervisor-2,39,26,399,8.8,9,15561
04-Apr-17,Apr-17,15,EMP-15,Supervisor-3,45,24,315,6.9,9,14175
04-Apr-17,Apr-17,15,EMP-16,Supervisor-3,30,18,376,8.8,9,11280
04-Apr-17,Apr-17,15,EMP-17,Supervisor-3,41,7,530,4.9,9,21730
04-Apr-17,Apr-17,15,EMP-18,Supervisor-3,56,18,464,6.9,9,25984
04-Apr-17,Apr-17,15,EMP-19,Supervisor-3,62,0,485,6.9,9,30070
04-Apr-17,Apr-17,15,EMP-20,Supervisor-3,66,14,481,6.9,9,31746
05-Apr-17,Apr-17,15,EMP-1,Supervisor-1,70,14,558,5.9,9,39060
05-Apr-17,Apr-17,15,EMP-2,Supervisor-1,70,16,402,5.9,9,28140
05-Apr-17,Apr-17,15,EMP-3,Supervisor-1,36,8,301,8.8,9,10836
05-Apr-17,Apr-17,15,EMP-4,Supervisor-1,39,19,422,4.9,9,16458
05-Apr-17,Apr-17,15,EMP-5,Supervisor-1,38,7,532,9,9,20216
05-Apr-17,Apr-17,15,EMP-6,Supervisor-2,61,25,564,9,9,34404
05-Apr-17,Apr-17,15,EMP-7,Supervisor-2,65,25,527,4.9,9,34255
05-Apr-17,Apr-17,15,EMP-8,Supervisor-2,49,15,418,9,9,20482
05-Apr-17,Apr-17,15,EMP-9,Supervisor-2,66,5,584,6.9,9,38544
05-Apr-17,Apr-17,15,EMP-10,Supervisor-2,64,10,451,7.8,9,28864
05-Apr-17,Apr-17,15,EMP-11,Supervisor-2,37,24,415,4.9,9,15355
05-Apr-17,Apr-17,15,EMP-12,Supervisor-2,35,10,530,9,9,18550
05-Apr-17,Apr-17,15,EMP-13,Supervisor-2,35,16,304,9,9,10640
05-Apr-17,Apr-17,15,EMP-14,Supervisor-2,67,21,365,4.9,9,24455
05-Apr-17,Apr-17,15,EMP-15,Supervisor-3,66,21,558,6.9,9,36828
05-Apr-17,Apr-17,15,EMP-16,Supervisor-3,67,21,541,7.8,9,36247
05-Apr-17,Apr-17,15,EMP-17,Supervisor-3,36,0,598,5.9,9,21528
05-Apr-17,Apr-17,15,EMP-18,Supervisor-3,54,14,527,7.8,9,28458
05-Apr-17,Apr-17,15,EMP-19,Supervisor-3,47,7,529,7.8,9,24863
05-Apr-17,Apr-17,15,EMP-20,Supervisor-3,41,16,469,8.8,9,19229
06-Apr-17,Apr-17,15,EMP-1,Supervisor-1,64,24,459,4.9,9,29376
06-Apr-17,Apr-17,15,EMP-2,Supervisor-1,61,10,464,8.8,9,28304
06-Apr-17,Apr-17,15,EMP-3,Supervisor-1,30,18,330,7.8,9,9900
06-Apr-17,Apr-17,15,EMP-4,Supervisor-1,66,11,306,6.9,9,20196
06-Apr-17,Apr-17,15,EMP-5,Supervisor-1,33,23,564,7.8,9,18612
06-Apr-17,Apr-17,15,EMP-6,Supervisor-2,41,27,521,6.9,9,21361
06-Apr-17,Apr-17,15,EMP-7,Supervisor-2,35,14,465,5.9,9,16275
06-Apr-17,Apr-17,15,EMP-8,Supervisor-2,67,7,577,7.8,9,38659
06-Apr-17,Apr-17,15,EMP-9,Supervisor-2,35,6,338,4.9,9,11830
06-Apr-17,Apr-17,15,EMP-10,Supervisor-2,40,10,548,9,9,21920
06-Apr-17,Apr-17,15,EMP-11,Supervisor-2,43,22,320,7.8,9,13760
06-Apr-17,Apr-17,15,EMP-12,Supervisor-2,40,9,324,9,9,12960
06-Apr-17,Apr-17,15,EMP-13,Supervisor-2,53,16,466,8.8,9,24698
06-Apr-17,Apr-17,15,EMP-14,Supervisor-2,67,7,365,6.9,9,24455
06-Apr-17,Apr-17,15,EMP-15,Supervisor-3,70,9,414,9,9,28980
06-Apr-17,Apr-17,15,EMP-16,Supervisor-3,51,12,306,5.9,9,15606
06-Apr-17,Apr-17,15,EMP-17,Supervisor-3,34,14,421,9,9,14314
06-Apr-17,Apr-17,15,EMP-18,Supervisor-3,58,10,311,9,9,18038
06-Apr-17,Apr-17,15,EMP-19,Supervisor-3,34,26,515,7.8,9,17510
06-Apr-17,Apr-17,15,EMP-20,Supervisor-3,36,24,325,5.9,9,11700
07-Apr-17,Apr-17,15,EMP-1,Supervisor-1,61,27,529,7.8,9,32269
07-Apr-17,Apr-17,15,EMP-2,Supervisor-1,70,23,489,7.8,9,34230
07-Apr-17,Apr-17,15,EMP-3,Supervisor-1,31,23,475,4.9,9,14725
07-Apr-17,Apr-17,15,EMP-4,Supervisor-1,65,14,332,5.9,9,21580
07-Apr-17,Apr-17,15,EMP-5,Supervisor-1,57,6,307,8.8,9,17499
07-Apr-17,Apr-17,15,EMP-6,Supervisor-2,41,15,583,9,9,23903
07-Apr-17,Apr-17,15,EMP-7,Supervisor-2,30,24,384,6.9,9,11520
07-Apr-17,Apr-17,15,EMP-8,Supervisor-2,55,23,315,6.9,9,17325
07-Apr-17,Apr-17,15,EMP-9,Supervisor-2,50,22,365,6.9,9,18250
07-Apr-17,Apr-17,15,EMP-10,Supervisor-2,42,24,567,4.9,9,23814
07-Apr-17,Apr-17,15,EMP-11,Supervisor-2,34,19,586,9,9,19924
07-Apr-17,Apr-17,15,EMP-12,Supervisor-2,52,23,318,4.9,9,16536
07-Apr-17,Apr-17,15,EMP-13,Supervisor-2,40,19,451,8.8,9,18040
07-Apr-17,Apr-17,15,EMP-14,Supervisor-2,69,0,424,9,9,29256
07-Apr-17,Apr-17,15,EMP-15,Supervisor-3,42,18,342,9,9,14364
07-Apr-17,Apr-17,15,EMP-16,Supervisor-3,62,12,445,9,9,27590
07-Apr-17,Apr-17,15,EMP-17,Supervisor-3,69,26,453,7.8,9,31257
07-Apr-17,Apr-17,15,EMP-18,Supervisor-3,65,26,425,5.9,9,27625
07-Apr-17,Apr-17,15,EMP-19,Supervisor-3,52,22,600,6.9,9,31200
07-Apr-17,Apr-17,15,EMP-20,Supervisor-3,41,11,534,5.9,9,21894
08-Apr-17,Apr-17,15,EMP-1,Supervisor-1,66,24,385,7.8,9,25410
08-Apr-17,Apr-17,15,EMP-2,Supervisor-1,49,21,599,5.9,9,29351
08-Apr-17,Apr-17,15,EMP-3,Supervisor-1,62,26,407,8.8,9,25234
08-Apr-17,Apr-17,15,EMP-4,Supervisor-1,46,20,489,5.9,9,22494
08-Apr-17,Apr-17,15,EMP-5,Supervisor-1,64,9,500,8.8,9,32000
08-Apr-17,Apr-17,15,EMP-6,Supervisor-2,32,16,361,9,9,11552
08-Apr-17,Apr-17,15,EMP-7,Supervisor-2,54,20,355,7.8,9,19170
08-Apr-17,Apr-17,15,EMP-8,Supervisor-2,55,23,411,7.8,9,22605
08-Apr-17,Apr-17,15,EMP-9,Supervisor-2,47,9,529,7.8,9,24863
08-Apr-17,Apr-17,15,EMP-10,Supervisor-2,49,24,535,9,9,26215
08-Apr-17,Apr-17,15,EMP-11,Supervisor-2,39,10,426,6.9,9,16614
08-Apr-17,Apr-17,15,EMP-12,Supervisor-2,63,20,361,4.9,9,22743
08-Apr-17,Apr-17,15,EMP-13,Supervisor-2,66,27,323,7.8,9,21318
08-Apr-17,Apr-17,15,EMP-14,Supervisor-2,36,9,358,6.9,9,12888
08-Apr-17,Apr-17,15,EMP-15,Supervisor-3,63,12,599,6.9,9,37737
08-Apr-17,Apr-17,15,EMP-16,Supervisor-3,61,13,392,5.9,9,23912
08-Apr-17,Apr-17,15,EMP-17,Supervisor-3,55,11,479,9,9,26345
08-Apr-17,Apr-17,15,EMP-18,Supervisor-3,54,19,441,8.8,9,23814
08-Apr-17,Apr-17,15,EMP-19,Supervisor-3,32,14,472,5.9,9,15104
08-Apr-17,Apr-17,15,EMP-20,Supervisor-3,62,6,341,4.9,9,21142
09-Apr-17,Apr-17,15,EMP-1,Supervisor-1,58,9,376,6.9,9,21808
09-Apr-17,Apr-17,15,EMP-2,Supervisor-1,67,27,412,6.9,9,27604
09-Apr-17,Apr-17,15,EMP-3,Supervisor-1,34,10,419,7.8,9,14246
09-Apr-17,Apr-17,15,EMP-4,Supervisor-1,46,13,443,7.8,9,20378
09-Apr-17,Apr-17,15,EMP-5,Supervisor-1,32,24,456,8.8,9,14592
09-Apr-17,Apr-17,15,EMP-6,Supervisor-2,36,26,525,7.8,9,18900
09-Apr-17,Apr-17,15,EMP-7,Supervisor-2,69,6,423,9,9,29187
09-Apr-17,Apr-17,15,EMP-8,Supervisor-2,44,26,315,7.8,9,13860
09-Apr-17,Apr-17,15,EMP-9,Supervisor-2,36,25,478,4.9,9,17208
09-Apr-17,Apr-17,15,EMP-10,Supervisor-2,50,24,569,7.8,9,28450
09-Apr-17,Apr-17,15,EMP-11,Supervisor-2,52,21,554,8.8,9,28808
09-Apr-17,Apr-17,15,EMP-12,Supervisor-2,46,8,509,7.8,9,23414
09-Apr-17,Apr-17,15,EMP-13,Supervisor-2,30,19,325,8.8,9,9750
09-Apr-17,Apr-17,15,EMP-14,Supervisor-2,70,5,397,8.8,9,27790
09-Apr-17,Apr-17,15,EMP-15,Supervisor-3,47,23,526,8.8,9,24722
09-Apr-17,Apr-17,15,EMP-16,Supervisor-3,60,12,370,9,9,22200
09-Apr-17,Apr-17,15,EMP-17,Supervisor-3,40,22,455,7.8,9,18200
09-Apr-17,Apr-17,15,EMP-18,Supervisor-3,51,21,465,5.9,9,23715
09-Apr-17,Apr-17,15,EMP-19,Supervisor-3,54,20,577,6.9,9,31158
09-Apr-17,Apr-17,15,EMP-20,Supervisor-3,45,13,585,4.9,9,26325
10-Apr-17,Apr-17,16,EMP-1,Supervisor-1,66,13,359,7.8,9,23694
10-Apr-17,Apr-17,16,EMP-2,Supervisor-1,66,20,552,9,9,36432
10-Apr-17,Apr-17,16,EMP-3,Supervisor-1,61,15,446,6.9,9,27206
10-Apr-17,Apr-17,16,EMP-4,Supervisor-1,59,20,566,4.9,9,33394
10-Apr-17,Apr-17,16,EMP-5,Supervisor-1,48,5,369,8.8,9,17712
10-Apr-17,Apr-17,16,EMP-6,Supervisor-2,44,20,577,6.9,9,25388
10-Apr-17,Apr-17,16,EMP-7,Supervisor-2,66,11,586,4.9,9,38676
10-Apr-17,Apr-17,16,EMP-8,Supervisor-2,49,20,354,9,9,17346
10-Apr-17,Apr-17,16,EMP-9,Supervisor-2,49,21,540,9,9,26460
10-Apr-17,Apr-17,16,EMP-10,Supervisor-2,68,11,329,4.9,9,22372
10-Apr-17,Apr-17,16,EMP-11,Supervisor-2,34,6,431,6.9,9,14654
10-Apr-17,Apr-17,16,EMP-12,Supervisor-2,38,19,429,5.9,9,16302
10-Apr-17,Apr-17,16,EMP-13,Supervisor-2,45,13,367,7.8,9,16515
10-Apr-17,Apr-17,16,EMP-14,Supervisor-2,44,14,441,5.9,9,19404
10-Apr-17,Apr-17,16,EMP-15,Supervisor-3,66,26,352,8.8,9,23232
10-Apr-17,Apr-17,16,EMP-16,Supervisor-3,53,9,510,5.9,9,27030
10-Apr-17,Apr-17,16,EMP-17,Supervisor-3,67,14,551,5.9,9,36917
10-Apr-17,Apr-17,16,EMP-18,Supervisor-3,54,18,410,9,9,22140
10-Apr-17,Apr-17,16,EMP-19,Supervisor-3,70,16,500,4.9,9,35000
10-Apr-17,Apr-17,16,EMP-20,Supervisor-3,38,10,485,9,9,18430
11-Apr-17,Apr-17,16,EMP-1,Supervisor-1,47,18,559,7.8,9,26273
11-Apr-17,Apr-17,16,EMP-2,Supervisor-1,66,22,431,6.9,9,28446
11-Apr-17,Apr-17,16,EMP-3,Supervisor-1,51,19,397,4.9,9,20247
11-Apr-17,Apr-17,16,EMP-4,Supervisor-1,64,11,505,4.9,9,32320
11-Apr-17,Apr-17,16,EMP-5,Supervisor-1,34,10,461,9,9,15674
11-Apr-17,Apr-17,16,EMP-6,Supervisor-2,36,0,568,8.8,9,20448
11-Apr-17,Apr-17,16,EMP-7,Supervisor-2,41,18,425,8.8,9,17425
11-Apr-17,Apr-17,16,EMP-8,Supervisor-2,47,24,358,7.8,9,16826
11-Apr-17,Apr-17,16,EMP-9,Supervisor-2,43,15,333,9,9,14319
11-Apr-17,Apr-17,16,EMP-10,Supervisor-2,44,5,585,6.9,9,25740
11-Apr-17,Apr-17,16,EMP-11,Supervisor-2,63,25,559,5.9,9,35217
11-Apr-17,Apr-17,16,EMP-12,Supervisor-2,62,27,360,7.8,9,22320
11-Apr-17,Apr-17,16,EMP-13,Supervisor-2,51,27,393,5.9,9,20043
11-Apr-17,Apr-17,16,EMP-14,Supervisor-2,56,20,569,8.8,9,31864
11-Apr-17,Apr-17,16,EMP-15,Supervisor-3,68,10,309,7.8,9,21012
11-Apr-17,Apr-17,16,EMP-16,Supervisor-3,57,11,489,7.8,9,27873
11-Apr-17,Apr-17,16,EMP-17,Supervisor-3,61,21,580,7.8,9,35380
11-Apr-17,Apr-17,16,EMP-18,Supervisor-3,64,12,496,9,9,31744
11-Apr-17,Apr-17,16,EMP-19,Supervisor-3,32,17,317,5.9,9,10144
11-Apr-17,Apr-17,16,EMP-20,Supervisor-3,35,20,307,7.8,9,10745
12-Apr-17,Apr-17,16,EMP-1,Supervisor-1,33,11,515,4.9,9,16995
12-Apr-17,Apr-17,16,EMP-2,Supervisor-1,63,17,326,6.9,9,20538
12-Apr-17,Apr-17,16,EMP-3,Supervisor-1,58,6,570,4.9,9,33060
12-Apr-17,Apr-17,16,EMP-4,Supervisor-1,44,25,537,9,9,23628
12-Apr-17,Apr-17,16,EMP-5,Supervisor-1,41,18,364,4.9,9,14924
12-Apr-17,Apr-17,16,EMP-6,Supervisor-2,52,5,546,6.9,9,28392
12-Apr-17,Apr-17,16,EMP-7,Supervisor-2,44,24,382,5.9,9,16808
12-Apr-17,Apr-17,16,EMP-8,Supervisor-2,64,7,584,6.9,9,37376
12-Apr-17,Apr-17,16,EMP-9,Supervisor-2,68,13,316,5.9,9,21488
12-Apr-17,Apr-17,16,EMP-10,Supervisor-2,54,17,313,8.8,9,16902
12-Apr-17,Apr-17,16,EMP-11,Supervisor-2,49,13,485,8.8,9,23765
12-Apr-17,Apr-17,16,EMP-12,Supervisor-2,37,10,382,4.9,9,14134
12-Apr-17,Apr-17,16,EMP-13,Supervisor-2,55,22,434,7.8,9,23870
12-Apr-17,Apr-17,16,EMP-14,Supervisor-2,40,15,551,4.9,9,22040
12-Apr-17,Apr-17,16,EMP-15,Supervisor-3,39,7,414,5.9,9,16146
12-Apr-17,Apr-17,16,EMP-16,Supervisor-3,61,5,422,6.9,9,25742
12-Apr-17,Apr-17,16,EMP-17,Supervisor-3,50,9,398,7.8,9,19900
12-Apr-17,Apr-17,16,EMP-18,Supervisor-3,47,11,310,8.8,9,14570
12-Apr-17,Apr-17,16,EMP-19,Supervisor-3,47,10,309,6.9,9,14523
12-Apr-17,Apr-17,16,EMP-20,Supervisor-3,52,6,405,4.9,9,21060
13-Apr-17,Apr-17,16,EMP-1,Supervisor-1,63,15,473,6.9,9,29799
13-Apr-17,Apr-17,16,EMP-2,Supervisor-1,43,10,562,9,9,24166
13-Apr-17,Apr-17,16,EMP-3,Supervisor-1,66,27,599,4.9,9,39534
13-Apr-17,Apr-17,16,EMP-4,Supervisor-1,37,12,557,6.9,9,20609
13-Apr-17,Apr-17,16,EMP-5,Supervisor-1,58,25,586,6.9,9,33988
13-Apr-17,Apr-17,16,EMP-6,Supervisor-2,38,15,467,9,9,17746
13-Apr-17,Apr-17,16,EMP-7,Supervisor-2,49,25,545,9,9,26705
13-Apr-17,Apr-17,16,EMP-8,Supervisor-2,34,11,526,7.8,9,17884
13-Apr-17,Apr-17,16,EMP-9,Supervisor-2,69,9,345,6.9,9,23805
13-Apr-17,Apr-17,16,EMP-10,Supervisor-2,55,7,475,5.9,9,26125
13-Apr-17,Apr-17,16,EMP-11,Supervisor-2,45,14,588,6.9,9,26460
13-Apr-17,Apr-17,16,EMP-12,Supervisor-2,69,21,443,5.9,9,30567
13-Apr-17,Apr-17,16,EMP-13,Supervisor-2,31,8,399,6.9,9,12369
13-Apr-17,Apr-17,16,EMP-14,Supervisor-2,53,27,454,7.8,9,24062
13-Apr-17,Apr-17,16,EMP-15,Supervisor-3,62,12,306,7.8,9,18972
13-Apr-17,Apr-17,16,EMP-16,Supervisor-3,47,10,397,7.8,9,18659
13-Apr-17,Apr-17,16,EMP-17,Supervisor-3,51,18,376,5.9,9,19176
13-Apr-17,Apr-17,16,EMP-18,Supervisor-3,30,7,398,4.9,9,11940
13-Apr-17,Apr-17,16,EMP-19,Supervisor-3,49,9,600,9,9,29400
13-Apr-17,Apr-17,16,EMP-20,Supervisor-3,62,6,385,6.9,9,23870
14-Apr-17,Apr-17,16,EMP-1,Supervisor-1,36,16,403,6.9,9,14508
14-Apr-17,Apr-17,16,EMP-2,Supervisor-1,66,7,454,9,9,29964
14-Apr-17,Apr-17,16,EMP-3,Supervisor-1,56,23,402,5.9,9,22512
14-Apr-17,Apr-17,16,EMP-4,Supervisor-1,58,11,373,8.8,9,21634
14-Apr-17,Apr-17,16,EMP-5,Supervisor-1,59,13,559,8.8,9,32981
14-Apr-17,Apr-17,16,EMP-6,Supervisor-2,64,12,378,8.8,9,24192
14-Apr-17,Apr-17,16,EMP-7,Supervisor-2,62,12,469,5.9,9,29078
14-Apr-17,Apr-17,16,EMP-8,Supervisor-2,37,27,389,4.9,9,14393
14-Apr-17,Apr-17,16,EMP-9,Supervisor-2,42,10,321,7.8,9,13482
14-Apr-17,Apr-17,16,EMP-10,Supervisor-2,67,13,420,8.8,9,28140
14-Apr-17,Apr-17,16,EMP-11,Supervisor-2,60,20,413,9,9,24780
14-Apr-17,Apr-17,16,EMP-12,Supervisor-2,66,5,381,5.9,9,25146
14-Apr-17,Apr-17,16,EMP-13,Supervisor-2,31,7,510,9,9,15810
14-Apr-17,Apr-17,16,EMP-14,Supervisor-2,41,16,331,8.8,9,13571
14-Apr-17,Apr-17,16,EMP-15,Supervisor-3,62,25,422,8.8,9,26164
14-Apr-17,Apr-17,16,EMP-16,Supervisor-3,58,19,302,5.9,9,17516
14-Apr-17,Apr-17,16,EMP-17,Supervisor-3,47,6,582,7.8,9,27354
14-Apr-17,Apr-17,16,EMP-18,Supervisor-3,31,16,358,7.8,9,11098
14-Apr-17,Apr-17,16,EMP-19,Supervisor-3,40,8,506,6.9,9,20240
14-Apr-17,Apr-17,16,EMP-20,Supervisor-3,34,8,320,8.8,9,10880
15-Apr-17,Apr-17,16,EMP-1,Supervisor-1,39,13,467,5.9,9,18213
15-Apr-17,Apr-17,16,EMP-2,Supervisor-1,34,10,345,6.9,9,11730
15-Apr-17,Apr-17,16,EMP-3,Supervisor-1,54,0,568,6.9,9,30672
15-Apr-17,Apr-17,16,EMP-4,Supervisor-1,58,5,479,4.9,9,27782
15-Apr-17,Apr-17,16,EMP-5,Supervisor-1,50,13,532,5.9,9,26600
15-Apr-17,Apr-17,16,EMP-6,Supervisor-2,41,13,520,5.9,9,21320
15-Apr-17,Apr-17,16,EMP-7,Supervisor-2,31,9,360,4.9,9,11160
15-Apr-17,Apr-17,16,EMP-8,Supervisor-2,65,9,315,4.9,9,20475
15-Apr-17,Apr-17,16,EMP-9,Supervisor-2,69,14,543,9,9,37467
15-Apr-17,Apr-17,16,EMP-10,Supervisor-2,39,21,475,5.9,9,18525
15-Apr-17,Apr-17,16,EMP-11,Supervisor-2,47,6,511,7.8,9,24017
15-Apr-17,Apr-17,16,EMP-12,Supervisor-2,41,26,314,6.9,9,12874
15-Apr-17,Apr-17,16,EMP-13,Supervisor-2,36,9,313,5.9,9,11268
15-Apr-17,Apr-17,16,EMP-14,Supervisor-2,36,5,418,6.9,9,15048
15-Apr-17,Apr-17,16,EMP-15,Supervisor-3,61,0,451,4.9,9,27511
15-Apr-17,Apr-17,16,EMP-16,Supervisor-3,42,26,324,9,9,13608
15-Apr-17,Apr-17,16,EMP-17,Supervisor-3,49,11,585,9,9,28665
15-Apr-17,Apr-17,16,EMP-18,Supervisor-3,36,7,379,5.9,9,13644
15-Apr-17,Apr-17,16,EMP-19,Supervisor-3,41,14,444,6.9,9,18204
15-Apr-17,Apr-17,16,EMP-20,Supervisor-3,41,6,437,9,9,17917
16-Apr-17,Apr-17,16,EMP-1,Supervisor-1,41,6,511,5.9,9,20951
16-Apr-17,Apr-17,16,EMP-2,Supervisor-1,61,18,581,8.8,9,35441
16-Apr-17,Apr-17,16,EMP-3,Supervisor-1,41,24,475,4.9,9,19475
16-Apr-17,Apr-17,16,EMP-4,Supervisor-1,52,24,561,5.9,9,29172
16-Apr-17,Apr-17,16,EMP-5,Supervisor-1,50,26,590,7.8,9,29500
16-Apr-17,Apr-17,16,EMP-6,Supervisor-2,48,9,362,4.9,9,17376
16-Apr-17,Apr-17,16,EMP-7,Supervisor-2,52,20,358,9,9,18616
16-Apr-17,Apr-17,16,EMP-8,Supervisor-2,70,26,495,4.9,9,34650
16-Apr-17,Apr-17,16,EMP-9,Supervisor-2,65,9,583,9,9,37895
16-Apr-17,Apr-17,16,EMP-10,Supervisor-2,57,25,391,7.8,9,22287
16-Apr-17,Apr-17,16,EMP-11,Supervisor-2,69,16,399,6.9,9,27531
16-Apr-17,Apr-17,16,EMP-12,Supervisor-2,38,18,490,4.9,9,18620
16-Apr-17,Apr-17,16,EMP-13,Supervisor-2,54,25,342,7.8,9,18468
16-Apr-17,Apr-17,16,EMP-14,Supervisor-2,64,11,320,6.9,9,20480
16-Apr-17,Apr-17,16,EMP-15,Supervisor-3,48,26,385,6.9,9,18480
16-Apr-17,Apr-17,16,EMP-16,Supervisor-3,43,26,494,5.9,9,21242
16-Apr-17,Apr-17,16,EMP-17,Supervisor-3,49,6,479,8.8,9,23471
16-Apr-17,Apr-17,16,EMP-18,Supervisor-3,34,6,400,6.9,9,13600
16-Apr-17,Apr-17,16,EMP-19,Supervisor-3,40,25,536,8.8,9,21440
16-Apr-17,Apr-17,16,EMP-20,Supervisor-3,34,26,502,4.9,9,17068
17-Apr-17,Apr-17,17,EMP-1,Supervisor-1,42,12,468,8.8,9,19656
17-Apr-17,Apr-17,17,EMP-2,Supervisor-1,60,8,446,6.9,9,26760
17-Apr-17,Apr-17,17,EMP-3,Supervisor-1,63,25,421,9,9,26523
17-Apr-17,Apr-17,17,EMP-4,Supervisor-1,67,26,583,7.8,9,39061
17-Apr-17,Apr-17,17,EMP-5,Supervisor-1,57,11,527,8.8,9,30039
17-Apr-17,Apr-17,17,EMP-6,Supervisor-2,42,8,573,7.8,9,24066
17-Apr-17,Apr-17,17,EMP-7,Supervisor-2,68,19,457,5.9,9,31076
17-Apr-17,Apr-17,17,EMP-8,Supervisor-2,39,23,390,9,9,15210
17-Apr-17,Apr-17,17,EMP-9,Supervisor-2,42,25,543,4.9,9,22806
17-Apr-17,Apr-17,17,EMP-10,Supervisor-2,40,21,522,5.9,9,20880
17-Apr-17,Apr-17,17,EMP-11,Supervisor-2,57,25,336,6.9,9,19152
17-Apr-17,Apr-17,17,EMP-12,Supervisor-2,50,0,493,7.8,9,24650
17-Apr-17,Apr-17,17,EMP-13,Supervisor-2,41,11,422,5.9,9,17302
17-Apr-17,Apr-17,17,EMP-14,Supervisor-2,64,13,509,8.8,9,32576
17-Apr-17,Apr-17,17,EMP-15,Supervisor-3,54,6,515,8.8,9,27810
17-Apr-17,Apr-17,17,EMP-16,Supervisor-3,58,6,308,5.9,9,17864
17-Apr-17,Apr-17,17,EMP-17,Supervisor-3,52,12,303,4.9,9,15756
17-Apr-17,Apr-17,17,EMP-18,Supervisor-3,59,8,586,8.8,9,34574
17-Apr-17,Apr-17,17,EMP-19,Supervisor-3,57,23,404,7.8,9,23028
17-Apr-17,Apr-17,17,EMP-20,Supervisor-3,39,15,310,6.9,9,12090
18-Apr-17,Apr-17,17,EMP-1,Supervisor-1,37,11,324,7.8,9,11988
18-Apr-17,Apr-17,17,EMP-2,Supervisor-1,51,15,369,8.8,9,18819
18-Apr-17,Apr-17,17,EMP-3,Supervisor-1,35,6,460,4.9,9,16100
18-Apr-17,Apr-17,17,EMP-4,Supervisor-1,50,5,374,9,9,18700
18-Apr-17,Apr-17,17,EMP-5,Supervisor-1,41,27,450,4.9,9,18450
18-Apr-17,Apr-17,17,EMP-6,Supervisor-2,34,13,597,7.8,9,20298
18-Apr-17,Apr-17,17,EMP-7,Supervisor-2,58,12,483,4.9,9,28014
18-Apr-17,Apr-17,17,EMP-8,Supervisor-2,62,10,311,6.9,9,19282
18-Apr-17,Apr-17,17,EMP-9,Supervisor-2,70,21,338,7.8,9,23660
18-Apr-17,Apr-17,17,EMP-10,Supervisor-2,37,15,326,5.9,9,12062
18-Apr-17,Apr-17,17,EMP-11,Supervisor-2,37,5,564,7.8,9,20868
18-Apr-17,Apr-17,17,EMP-12,Supervisor-2,68,23,569,7.8,9,38692
18-Apr-17,Apr-17,17,EMP-13,Supervisor-2,34,7,499,5.9,9,16966
18-Apr-17,Apr-17,17,EMP-14,Supervisor-2,56,26,579,4.9,9,32424
18-Apr-17,Apr-17,17,EMP-15,Supervisor-3,54,15,312,9,9,16848
18-Apr-17,Apr-17,17,EMP-16,Supervisor-3,63,8,301,7.8,9,18963
18-Apr-17,Apr-17,17,EMP-17,Supervisor-3,54,7,600,4.9,9,32400
18-Apr-17,Apr-17,17,EMP-18,Supervisor-3,66,18,540,6.9,9,35640
18-Apr-17,Apr-17,17,EMP-19,Supervisor-3,54,10,416,8.8,9,22464
18-Apr-17,Apr-17,17,EMP-20,Supervisor-3,37,13,410,9,9,15170
19-Apr-17,Apr-17,17,EMP-1,Supervisor-1,68,26,376,8.8,9,25568
19-Apr-17,Apr-17,17,EMP-2,Supervisor-1,40,22,431,7.8,9,17240
19-Apr-17,Apr-17,17,EMP-3,Supervisor-1,67,16,483,5.9,9,32361
19-Apr-17,Apr-17,17,EMP-4,Supervisor-1,49,12,450,6.9,9,22050
19-Apr-17,Apr-17,17,EMP-5,Supervisor-1,36,20,422,6.9,9,15192
19-Apr-17,Apr-17,17,EMP-6,Supervisor-2,37,27,309,6.9,9,11433
19-Apr-17,Apr-17,17,EMP-7,Supervisor-2,68,15,405,4.9,9,27540
19-Apr-17,Apr-17,17,EMP-8,Supervisor-2,49,20,552,6.9,9,27048
19-Apr-17,Apr-17,17,EMP-9,Supervisor-2,42,10,300,4.9,9,12600
19-Apr-17,Apr-17,17,EMP-10,Supervisor-2,56,18,332,8.8,9,18592
19-Apr-17,Apr-17,17,EMP-11,Supervisor-2,40,9,300,8.8,9,12000
19-Apr-17,Apr-17,17,EMP-12,Supervisor-2,34,8,429,5.9,9,14586
19-Apr-17,Apr-17,17,EMP-13,Supervisor-2,36,10,303,9,9,10908
19-Apr-17,Apr-17,17,EMP-14,Supervisor-2,48,26,308,9,9,14784
19-Apr-17,Apr-17,17,EMP-15,Supervisor-3,69,5,592,9,9,40848
19-Apr-17,Apr-17,17,EMP-16,Supervisor-3,57,6,514,8.8,9,29298
19-Apr-17,Apr-17,17,EMP-17,Supervisor-3,57,19,524,6.9,9,29868
19-Apr-17,Apr-17,17,EMP-18,Supervisor-3,48,0,587,6.9,9,28176
19-Apr-17,Apr-17,17,EMP-19,Supervisor-3,62,22,535,4.9,9,33170
19-Apr-17,Apr-17,17,EMP-20,Supervisor-3,62,19,526,7.8,9,32612
20-Apr-17,Apr-17,17,EMP-1,Supervisor-1,45,17,325,5.9,9,14625
20-Apr-17,Apr-17,17,EMP-2,Supervisor-1,55,25,326,7.8,9,17930
20-Apr-17,Apr-17,17,EMP-3,Supervisor-1,45,26,344,6.9,9,15480
20-Apr-17,Apr-17,17,EMP-4,Supervisor-1,54,27,501,5.9,9,27054
20-Apr-17,Apr-17,17,EMP-5,Supervisor-1,31,13,372,4.9,9,11532
20-Apr-17,Apr-17,17,EMP-6,Supervisor-2,40,0,386,8.8,9,15440
20-Apr-17,Apr-17,17,EMP-7,Supervisor-2,57,6,403,4.9,9,22971
20-Apr-17,Apr-17,17,EMP-8,Supervisor-2,54,0,559,9,9,30186
20-Apr-17,Apr-17,17,EMP-9,Supervisor-2,32,7,489,5.9,9,15648
20-Apr-17,Apr-17,17,EMP-10,Supervisor-2,64,17,497,8.8,9,31808
20-Apr-17,Apr-17,17,EMP-11,Supervisor-2,65,15,536,9,9,34840
20-Apr-17,Apr-17,17,EMP-12,Supervisor-2,63,18,311,5.9,9,19593
20-Apr-17,Apr-17,17,EMP-13,Supervisor-2,40,6,348,6.9,9,13920
20-Apr-17,Apr-17,17,EMP-14,Supervisor-2,43,12,399,6.9,9,17157
20-Apr-17,Apr-17,17,EMP-15,Supervisor-3,38,17,516,6.9,9,19608
20-Apr-17,Apr-17,17,EMP-16,Supervisor-3,70,14,550,6.9,9,38500
20-Apr-17,Apr-17,17,EMP-17,Supervisor-3,36,13,345,4.9,9,12420
20-Apr-17,Apr-17,17,EMP-18,Supervisor-3,36,7,568,4.9,9,20448
20-Apr-17,Apr-17,17,EMP-19,Supervisor-3,49,14,341,5.9,9,16709
20-Apr-17,Apr-17,17,EMP-20,Supervisor-3,40,27,329,6.9,9,13160
21-Apr-17,Apr-17,17,EMP-1,Supervisor-1,45,13,505,6.9,9,22725
21-Apr-17,Apr-17,17,EMP-2,Supervisor-1,38,18,598,7.8,9,22724
21-Apr-17,Apr-17,17,EMP-3,Supervisor-1,37,20,507,4.9,9,18759
21-Apr-17,Apr-17,17,EMP-4,Supervisor-1,69,16,300,5.9,9,20700
21-Apr-17,Apr-17,17,EMP-5,Supervisor-1,58,25,594,8.8,9,34452
21-Apr-17,Apr-17,17,EMP-6,Supervisor-2,59,17,422,7.8,9,24898
21-Apr-17,Apr-17,17,EMP-7,Supervisor-2,37,12,369,8.8,9,13653
21-Apr-17,Apr-17,17,EMP-8,Supervisor-2,50,13,511,6.9,9,25550
21-Apr-17,Apr-17,17,EMP-9,Supervisor-2,35,0,334,6.9,9,11690
21-Apr-17,Apr-17,17,EMP-10,Supervisor-2,47,22,419,7.8,9,19693
21-Apr-17,Apr-17,17,EMP-11,Supervisor-2,56,25,450,4.9,9,25200
21-Apr-17,Apr-17,17,EMP-12,Supervisor-2,57,21,410,8.8,9,23370
21-Apr-17,Apr-17,17,EMP-13,Supervisor-2,43,11,300,8.8,9,12900
21-Apr-17,Apr-17,17,EMP-14,Supervisor-2,70,24,312,9,9,21840
21-Apr-17,Apr-17,17,EMP-15,Supervisor-3,36,20,410,5.9,9,14760
21-Apr-17,Apr-17,17,EMP-16,Supervisor-3,30,23,335,4.9,9,10050
21-Apr-17,Apr-17,17,EMP-17,Supervisor-3,65,9,314,6.9,9,20410
21-Apr-17,Apr-17,17,EMP-18,Supervisor-3,32,10,451,9,9,14432
21-Apr-17,Apr-17,17,EMP-19,Supervisor-3,64,20,370,9,9,23680
21-Apr-17,Apr-17,17,EMP-20,Supervisor-3,33,27,463,5.9,9,15279
22-Apr-17,Apr-17,17,EMP-1,Supervisor-1,38,13,522,9,9,19836
22-Apr-17,Apr-17,17,EMP-2,Supervisor-1,41,6,593,9,9,24313
22-Apr-17,Apr-17,17,EMP-3,Supervisor-1,50,20,317,9,9,15850
22-Apr-17,Apr-17,17,EMP-4,Supervisor-1,69,16,316,8.8,9,21804
22-Apr-17,Apr-17,17,EMP-5,Supervisor-1,60,0,363,9,9,21780
22-Apr-17,Apr-17,17,EMP-6,Supervisor-2,49,16,300,9,9,14700
22-Apr-17,Apr-17,17,EMP-7,Supervisor-2,53,21,317,6.9,9,16801
22-Apr-17,Apr-17,17,EMP-8,Supervisor-2,56,0,458,9,9,25648
22-Apr-17,Apr-17,17,EMP-9,Supervisor-2,41,11,567,4.9,9,23247
22-Apr-17,Apr-17,17,EMP-10,Supervisor-2,53,26,551,8.8,9,29203
22-Apr-17,Apr-17,17,EMP-11,Supervisor-2,57,0,553,6.9,9,31521
22-Apr-17,Apr-17,17,EMP-12,Supervisor-2,57,27,388,6.9,9,22116
22-Apr-17,Apr-17,17,EMP-13,Supervisor-2,57,17,402,9,9,22914
22-Apr-17,Apr-17,17,EMP-14,Supervisor-2,53,21,349,8.8,9,18497
22-Apr-17,Apr-17,17,EMP-15,Supervisor-3,63,9,457,5.9,9,28791
22-Apr-17,Apr-17,17,EMP-16,Supervisor-3,58,9,374,8.8,9,21692
22-Apr-17,Apr-17,17,EMP-17,Supervisor-3,54,16,552,7.8,9,29808
22-Apr-17,Apr-17,17,EMP-18,Supervisor-3,50,13,445,9,9,22250
22-Apr-17,Apr-17,17,EMP-19,Supervisor-3,38,10,432,8.8,9,16416
22-Apr-17,Apr-17,17,EMP-20,Supervisor-3,50,22,464,7.8,9,23200
23-Apr-17,Apr-17,17,EMP-1,Supervisor-1,68,27,451,4.9,9,30668
23-Apr-17,Apr-17,17,EMP-2,Supervisor-1,63,9,423,6.9,9,26649
23-Apr-17,Apr-17,17,EMP-3,Supervisor-1,70,26,569,7.8,9,39830
23-Apr-17,Apr-17,17,EMP-4,Supervisor-1,33,25,392,7.8,9,12936
23-Apr-17,Apr-17,17,EMP-5,Supervisor-1,32,27,308,9,9,9856
23-Apr-17,Apr-17,17,EMP-6,Supervisor-2,67,9,335,9,9,22445
23-Apr-17,Apr-17,17,EMP-7,Supervisor-2,34,24,522,6.9,9,17748
23-Apr-17,Apr-17,17,EMP-8,Supervisor-2,60,12,441,6.9,9,26460
23-Apr-17,Apr-17,17,EMP-9,Supervisor-2,51,11,511,4.9,9,26061
23-Apr-17,Apr-17,17,EMP-10,Supervisor-2,46,23,467,7.8,9,21482
23-Apr-17,Apr-17,17,EMP-11,Supervisor-2,61,23,383,7.8,9,23363
23-Apr-17,Apr-17,17,EMP-12,Supervisor-2,60,14,400,9,9,24000
23-Apr-17,Apr-17,17,EMP-13,Supervisor-2,54,10,490,9,9,26460
23-Apr-17,Apr-17,17,EMP-14,Supervisor-2,52,8,498,7.8,9,25896
23-Apr-17,Apr-17,17,EMP-15,Supervisor-3,69,5,463,7.8,9,31947
23-Apr-17,Apr-17,17,EMP-16,Supervisor-3,35,16,325,7.8,9,11375
23-Apr-17,Apr-17,17,EMP-17,Supervisor-3,45,26,469,4.9,9,21105
23-Apr-17,Apr-17,17,EMP-18,Supervisor-3,70,22,307,7.8,9,21490
23-Apr-17,Apr-17,17,EMP-19,Supervisor-3,38,15,456,5.9,9,17328
23-Apr-17,Apr-17,17,EMP-20,Supervisor-3,43,25,551,8.8,9,23693
24-Apr-17,Apr-17,18,EMP-1,Supervisor-1,61,14,422,6.9,9,25742
24-Apr-17,Apr-17,18,EMP-2,Supervisor-1,68,24,371,7.8,9,25228
24-Apr-17,Apr-17,18,EMP-3,Supervisor-1,39,23,373,5.9,9,14547
24-Apr-17,Apr-17,18,EMP-4,Supervisor-1,41,22,428,4.9,9,17548
24-Apr-17,Apr-17,18,EMP-5,Supervisor-1,49,0,337,4.9,9,16513
24-Apr-17,Apr-17,18,EMP-6,Supervisor-2,49,20,578,8.8,9,28322
24-Apr-17,Apr-17,18,EMP-7,Supervisor-2,43,20,477,5.9,9,20511
24-Apr-17,Apr-17,18,EMP-8,Supervisor-2,44,20,483,7.8,9,21252
24-Apr-17,Apr-17,18,EMP-9,Supervisor-2,70,10,525,4.9,9,36750
24-Apr-17,Apr-17,18,EMP-10,Supervisor-2,66,17,348,8.8,9,22968
24-Apr-17,Apr-17,18,EMP-11,Supervisor-2,42,6,475,8.8,9,19950
24-Apr-17,Apr-17,18,EMP-12,Supervisor-2,68,18,530,8.8,9,36040
24-Apr-17,Apr-17,18,EMP-13,Supervisor-2,56,19,516,9,9,28896
24-Apr-17,Apr-17,18,EMP-14,Supervisor-2,49,19,353,4.9,9,17297
24-Apr-17,Apr-17,18,EMP-15,Supervisor-3,35,20,524,4.9,9,18340
24-Apr-17,Apr-17,18,EMP-16,Supervisor-3,53,14,301,8.8,9,15953
24-Apr-17,Apr-17,18,EMP-17,Supervisor-3,36,8,403,9,9,14508
24-Apr-17,Apr-17,18,EMP-18,Supervisor-3,38,25,576,8.8,9,21888
24-Apr-17,Apr-17,18,EMP-19,Supervisor-3,32,22,591,7.8,9,18912
24-Apr-17,Apr-17,18,EMP-20,Supervisor-3,51,27,575,8.8,9,29325
25-Apr-17,Apr-17,18,EMP-1,Supervisor-1,31,20,596,8.8,9,18476
25-Apr-17,Apr-17,18,EMP-2,Supervisor-1,63,8,353,9,9,22239
25-Apr-17,Apr-17,18,EMP-3,Supervisor-1,45,20,359,4.9,9,16155
25-Apr-17,Apr-17,18,EMP-4,Supervisor-1,34,27,418,7.8,9,14212
25-Apr-17,Apr-17,18,EMP-5,Supervisor-1,45,18,506,7.8,9,22770
25-Apr-17,Apr-17,18,EMP-6,Supervisor-2,49,23,521,9,9,25529
25-Apr-17,Apr-17,18,EMP-7,Supervisor-2,64,5,421,8.8,9,26944
25-Apr-17,Apr-17,18,EMP-8,Supervisor-2,33,13,525,8.8,9,17325
25-Apr-17,Apr-17,18,EMP-9,Supervisor-2,40,27,322,6.9,9,12880
25-Apr-17,Apr-17,18,EMP-10,Supervisor-2,45,14,389,5.9,9,17505
25-Apr-17,Apr-17,18,EMP-11,Supervisor-2,52,27,325,4.9,9,16900
25-Apr-17,Apr-17,18,EMP-12,Supervisor-2,61,6,561,7.8,9,34221
25-Apr-17,Apr-17,18,EMP-13,Supervisor-2,62,9,356,5.9,9,22072
25-Apr-17,Apr-17,18,EMP-14,Supervisor-2,69,16,409,7.8,9,28221
25-Apr-17,Apr-17,18,EMP-15,Supervisor-3,36,11,339,6.9,9,12204
25-Apr-17,Apr-17,18,EMP-16,Supervisor-3,66,25,311,8.8,9,20526
25-Apr-17,Apr-17,18,EMP-17,Supervisor-3,51,6,595,5.9,9,30345
25-Apr-17,Apr-17,18,EMP-18,Supervisor-3,68,22,596,7.8,9,40528
25-Apr-17,Apr-17,18,EMP-19,Supervisor-3,32,14,389,5.9,9,12448
25-Apr-17,Apr-17,18,EMP-20,Supervisor-3,30,6,470,6.9,9,14100
26-Apr-17,Apr-17,18,EMP-1,Supervisor-1,49,20,535,9,9,26215
26-Apr-17,Apr-17,18,EMP-2,Supervisor-1,50,16,498,6.9,9,24900
26-Apr-17,Apr-17,18,EMP-3,Supervisor-1,47,25,542,4.9,9,25474
26-Apr-17,Apr-17,18,EMP-4,Supervisor-1,32,11,485,9,9,15520
26-Apr-17,Apr-17,18,EMP-5,Supervisor-1,33,17,401,7.8,9,13233
26-Apr-17,Apr-17,18,EMP-6,Supervisor-2,46,19,333,9,9,15318
26-Apr-17,Apr-17,18,EMP-7,Supervisor-2,50,16,437,9,9,21850
26-Apr-17,Apr-17,18,EMP-8,Supervisor-2,34,15,420,7.8,9,14280
26-Apr-17,Apr-17,18,EMP-9,Supervisor-2,45,12,471,4.9,9,21195
26-Apr-17,Apr-17,18,EMP-10,Supervisor-2,67,11,337,9,9,22579
26-Apr-17,Apr-17,18,EMP-11,Supervisor-2,63,22,581,5.9,9,36603
26-Apr-17,Apr-17,18,EMP-12,Supervisor-2,51,10,549,9,9,27999
26-Apr-17,Apr-17,18,EMP-13,Supervisor-2,31,27,460,8.8,9,14260
26-Apr-17,Apr-17,18,EMP-14,Supervisor-2,55,7,393,6.9,9,21615
26-Apr-17,Apr-17,18,EMP-15,Supervisor-3,48,0,446,5.9,9,21408
26-Apr-17,Apr-17,18,EMP-16,Supervisor-3,40,9,409,6.9,9,16360
26-Apr-17,Apr-17,18,EMP-17,Supervisor-3,65,7,375,9,9,24375
26-Apr-17,Apr-17,18,EMP-18,Supervisor-3,66,21,591,9,9,39006
26-Apr-17,Apr-17,18,EMP-19,Supervisor-3,42,20,559,4.9,9,23478
26-Apr-17,Apr-17,18,EMP-20,Supervisor-3,51,21,544,8.8,9,27744
27-Apr-17,Apr-17,18,EMP-1,Supervisor-1,36,7,431,4.9,9,15516
27-Apr-17,Apr-17,18,EMP-2,Supervisor-1,58,18,327,4.9,9,18966
27-Apr-17,Apr-17,18,EMP-3,Supervisor-1,50,21,494,6.9,9,24700
27-Apr-17,Apr-17,18,EMP-4,Supervisor-1,54,5,322,9,9,17388
27-Apr-17,Apr-17,18,EMP-5,Supervisor-1,61,17,451,7.8,9,27511
27-Apr-17,Apr-17,18,EMP-6,Supervisor-2,38,8,535,8.8,9,20330
27-Apr-17,Apr-17,18,EMP-7,Supervisor-2,53,21,572,4.9,9,30316
27-Apr-17,Apr-17,18,EMP-8,Supervisor-2,40,7,313,4.9,9,12520
27-Apr-17,Apr-17,18,EMP-9,Supervisor-2,56,18,419,6.9,9,23464
27-Apr-17,Apr-17,18,EMP-10,Supervisor-2,69,23,444,5.9,9,30636
27-Apr-17,Apr-17,18,EMP-11,Supervisor-2,30,9,482,7.8,9,14460
27-Apr-17,Apr-17,18,EMP-12,Supervisor-2,65,27,316,4.9,9,20540
27-Apr-17,Apr-17,18,EMP-13,Supervisor-2,54,6,446,8.8,9,24084
27-Apr-17,Apr-17,18,EMP-14,Supervisor-2,38,0,534,7.8,9,20292
27-Apr-17,Apr-17,18,EMP-15,Supervisor-3,57,14,530,7.8,9,30210
27-Apr-17,Apr-17,18,EMP-16,Supervisor-3,45,18,554,6.9,9,24930
27-Apr-17,Apr-17,18,EMP-17,Supervisor-3,42,13,432,5.9,9,18144
27-Apr-17,Apr-17,18,EMP-18,Supervisor-3,46,16,409,4.9,9,18814
27-Apr-17,Apr-17,18,EMP-19,Supervisor-3,37,6,491,8.8,9,18167
27-Apr-17,Apr-17,18,EMP-20,Supervisor-3,69,26,529,4.9,9,36501
28-Apr-17,Apr-17,18,EMP-1,Supervisor-1,57,6,418,8.8,9,23826
28-Apr-17,Apr-17,18,EMP-2,Supervisor-1,54,18,392,4.9,9,21168
28-Apr-17,Apr-17,18,EMP-3,Supervisor-1,55,14,313,9,9,17215
28-Apr-17,Apr-17,18,EMP-4,Supervisor-1,33,27,576,5.9,9,19008
28-Apr-17,Apr-17,18,EMP-5,Supervisor-1,61,17,492,5.9,9,30012
28-Apr-17,Apr-17,18,EMP-6,Supervisor-2,40,10,489,8.8,9,19560
28-Apr-17,Apr-17,18,EMP-7,Supervisor-2,67,24,556,4.9,9,37252
28-Apr-17,Apr-17,18,EMP-8,Supervisor-2,64,16,599,7.8,9,38336
28-Apr-17,Apr-17,18,EMP-9,Supervisor-2,70,17,365,4.9,9,25550
28-Apr-17,Apr-17,18,EMP-10,Supervisor-2,43,11,398,8.8,9,17114
28-Apr-17,Apr-17,18,EMP-11,Supervisor-2,37,19,461,5.9,9,17057
28-Apr-17,Apr-17,18,EMP-12,Supervisor-2,43,26,369,4.9,9,15867
28-Apr-17,Apr-17,18,EMP-13,Supervisor-2,62,21,549,4.9,9,34038
28-Apr-17,Apr-17,18,EMP-14,Supervisor-2,58,17,319,7.8,9,18502
28-Apr-17,Apr-17,18,EMP-15,Supervisor-3,48,15,329,9,9,15792
28-Apr-17,Apr-17,18,EMP-16,Supervisor-3,62,5,487,5.9,9,30194
28-Apr-17,Apr-17,18,EMP-17,Supervisor-3,62,13,395,9,9,24490
28-Apr-17,Apr-17,18,EMP-18,Supervisor-3,43,11,466,5.9,9,20038
28-Apr-17,Apr-17,18,EMP-19,Supervisor-3,66,16,437,7.8,9,28842
28-Apr-17,Apr-17,18,EMP-20,Supervisor-3,36,17,548,8.8,9,19728
29-Apr-17,Apr-17,18,EMP-1,Supervisor-1,56,0,555,7.8,9,31080
29-Apr-17,Apr-17,18,EMP-2,Supervisor-1,64,22,538,9,9,34432
29-Apr-17,Apr-17,18,EMP-3,Supervisor-1,33,14,429,6.9,9,14157
29-Apr-17,Apr-17,18,EMP-4,Supervisor-1,38,25,547,6.9,9,20786
29-Apr-17,Apr-17,18,EMP-5,Supervisor-1,48,21,337,6.9,9,16176
29-Apr-17,Apr-17,18,EMP-6,Supervisor-2,70,6,492,6.9,9,34440
29-Apr-17,Apr-17,18,EMP-7,Supervisor-2,49,9,516,8.8,9,25284
29-Apr-17,Apr-17,18,EMP-8,Supervisor-2,53,27,511,8.8,9,27083
29-Apr-17,Apr-17,18,EMP-9,Supervisor-2,61,8,411,9,9,25071
29-Apr-17,Apr-17,18,EMP-10,Supervisor-2,30,21,516,7.8,9,15480
29-Apr-17,Apr-17,18,EMP-11,Supervisor-2,67,21,568,4.9,9,38056
29-Apr-17,Apr-17,18,EMP-12,Supervisor-2,52,9,525,4.9,9,27300
29-Apr-17,Apr-17,18,EMP-13,Supervisor-2,42,16,428,8.8,9,17976
29-Apr-17,Apr-17,18,EMP-14,Supervisor-2,70,15,457,9,9,31990
29-Apr-17,Apr-17,18,EMP-15,Supervisor-3,46,14,421,9,9,19366
29-Apr-17,Apr-17,18,EMP-16,Supervisor-3,55,14,561,8.8,9,30855
29-Apr-17,Apr-17,18,EMP-17,Supervisor-3,69,5,537,6.9,9,37053
29-Apr-17,Apr-17,18,EMP-18,Supervisor-3,39,17,403,8.8,9,15717
29-Apr-17,Apr-17,18,EMP-19,Supervisor-3,60,20,312,5.9,9,18720
29-Apr-17,Apr-17,18,EMP-20,Supervisor-3,54,15,378,9,9,20412
30-Apr-17,Apr-17,18,EMP-1,Supervisor-1,31,18,498,4.9,9,15438
30-Apr-17,Apr-17,18,EMP-2,Supervisor-1,40,9,587,4.9,9,23480
30-Apr-17,Apr-17,18,EMP-3,Supervisor-1,66,20,321,4.9,9,21186
30-Apr-17,Apr-17,18,EMP-4,Supervisor-1,36,20,383,7.8,9,13788
30-Apr-17,Apr-17,18,EMP-5,Supervisor-1,65,20,466,5.9,9,30290
30-Apr-17,Apr-17,18,EMP-6,Supervisor-2,45,16,325,9,9,14625
30-Apr-17,Apr-17,18,EMP-7,Supervisor-2,30,13,435,7.8,9,13050
30-Apr-17,Apr-17,18,EMP-8,Supervisor-2,67,5,391,4.9,9,26197
30-Apr-17,Apr-17,18,EMP-9,Supervisor-2,55,7,396,8.8,9,21780
30-Apr-17,Apr-17,18,EMP-10,Supervisor-2,32,23,304,6.9,9,9728
30-Apr-17,Apr-17,18,EMP-11,Supervisor-2,47,12,414,8.8,9,19458
30-Apr-17,Apr-17,18,EMP-12,Supervisor-2,41,6,350,8.8,9,14350
30-Apr-17,Apr-17,18,EMP-13,Supervisor-2,37,17,426,4.9,9,15762
30-Apr-17,Apr-17,18,EMP-14,Supervisor-2,34,23,494,9,9,16796
30-Apr-17,Apr-17,18,EMP-15,Supervisor-3,62,6,578,6.9,9,35836
30-Apr-17,Apr-17,18,EMP-16,Supervisor-3,55,12,417,7.8,9,22935
30-Apr-17,Apr-17,18,EMP-17,Supervisor-3,39,12,386,5.9,9,15054
30-Apr-17,Apr-17,18,EMP-18,Supervisor-3,39,11,435,5.9,9,16965
30-Apr-17,Apr-17,18,EMP-19,Supervisor-3,66,11,481,8.8,9,31746
30-Apr-17,Apr-17,18,EMP-20,Supervisor-3,52,19,531,4.9,9,27612
01-May-17,May-17,19,EMP-1,Supervisor-1,49,23,359,6.9,9,17591
01-May-17,May-17,19,EMP-2,Supervisor-1,65,11,536,9,9,34840
01-May-17,May-17,19,EMP-3,Supervisor-1,34,17,437,4.9,9,14858
01-May-17,May-17,19,EMP-4,Supervisor-1,40,17,453,4.9,9,18120
01-May-17,May-17,19,EMP-5,Supervisor-1,46,10,463,7.8,9,21298
01-May-17,May-17,19,EMP-6,Supervisor-2,48,24,387,8.8,9,18576
01-May-17,May-17,19,EMP-7,Supervisor-2,31,10,435,6.9,9,13485
01-May-17,May-17,19,EMP-8,Supervisor-2,59,9,460,8.8,9,27140
01-May-17,May-17,19,EMP-9,Supervisor-2,43,23,351,5.9,9,15093
01-May-17,May-17,19,EMP-10,Supervisor-2,53,12,557,7.8,9,29521
01-May-17,May-17,19,EMP-11,Supervisor-2,42,5,322,5.9,9,13524
01-May-17,May-17,19,EMP-12,Supervisor-2,39,18,395,4.9,9,15405
01-May-17,May-17,19,EMP-13,Supervisor-2,68,14,521,8.8,9,35428
01-May-17,May-17,19,EMP-14,Supervisor-2,54,27,432,6.9,9,23328
01-May-17,May-17,19,EMP-15,Supervisor-3,56,11,346,5.9,9,19376
01-May-17,May-17,19,EMP-16,Supervisor-3,55,25,534,7.8,9,29370
01-May-17,May-17,19,EMP-17,Supervisor-3,39,17,487,9,9,18993
01-May-17,May-17,19,EMP-18,Supervisor-3,64,15,531,7.8,9,33984
01-May-17,May-17,19,EMP-19,Supervisor-3,41,19,526,6.9,9,21566
01-May-17,May-17,19,EMP-20,Supervisor-3,56,0,531,6.9,9,29736
02-May-17,May-17,19,EMP-1,Supervisor-1,68,27,468,6.9,9,31824
02-May-17,May-17,19,EMP-2,Supervisor-1,38,23,416,6.9,9,15808
02-May-17,May-17,19,EMP-3,Supervisor-1,56,18,468,7.8,9,26208
02-May-17,May-17,19,EMP-4,Supervisor-1,64,16,513,7.8,9,32832
02-May-17,May-17,19,EMP-5,Supervisor-1,39,18,323,7.8,9,12597
02-May-17,May-17,19,EMP-6,Supervisor-2,39,12,314,6.9,9,12246
02-May-17,May-17,19,EMP-7,Supervisor-2,35,15,483,7.8,9,16905
02-May-17,May-17,19,EMP-8,Supervisor-2,69,20,407,4.9,9,28083
02-May-17,May-17,19,EMP-9,Supervisor-2,47,7,444,8.8,9,20868
02-May-17,May-17,19,EMP-10,Supervisor-2,70,8,385,9,9,26950
02-May-17,May-17,19,EMP-11,Supervisor-2,61,8,343,9,9,20923
02-May-17,May-17,19,EMP-12,Supervisor-2,51,27,439,7.8,9,22389
02-May-17,May-17,19,EMP-13,Supervisor-2,37,27,492,5.9,9,18204
02-May-17,May-17,19,EMP-14,Supervisor-2,34,23,373,5.9,9,12682
02-May-17,May-17,19,EMP-15,Supervisor-3,47,24,484,9,9,22748
02-May-17,May-17,19,EMP-16,Supervisor-3,70,27,452,4.9,9,31640
02-May-17,May-17,19,EMP-17,Supervisor-3,55,20,445,7.8,9,24475
02-May-17,May-17,19,EMP-18,Supervisor-3,65,16,453,7.8,9,29445
02-May-17,May-17,19,EMP-19,Supervisor-3,68,7,500,7.8,9,34000
02-May-17,May-17,19,EMP-20,Supervisor-3,43,13,565,7.8,9,24295
03-May-17,May-17,19,EMP-1,Supervisor-1,42,15,511,6.9,9,21462
03-May-17,May-17,19,EMP-2,Supervisor-1,56,17,456,5.9,9,25536
03-May-17,May-17,19,EMP-3,Supervisor-1,59,10,590,8.8,9,34810
03-May-17,May-17,19,EMP-4,Supervisor-1,46,21,374,9,9,17204
03-May-17,May-17,19,EMP-5,Supervisor-1,30,21,409,9,9,12270
03-May-17,May-17,19,EMP-6,Supervisor-2,68,6,331,9,9,22508
03-May-17,May-17,19,EMP-7,Supervisor-2,49,18,428,8.8,9,20972
03-May-17,May-17,19,EMP-8,Supervisor-2,53,22,406,9,9,21518
03-May-17,May-17,19,EMP-9,Supervisor-2,64,25,330,9,9,21120
03-May-17,May-17,19,EMP-10,Supervisor-2,57,26,419,8.8,9,23883
03-May-17,May-17,19,EMP-11,Supervisor-2,68,15,498,7.8,9,33864
03-May-17,May-17,19,EMP-12,Supervisor-2,58,12,428,5.9,9,24824
03-May-17,May-17,19,EMP-13,Supervisor-2,42,9,320,7.8,9,13440
03-May-17,May-17,19,EMP-14,Supervisor-2,59,13,302,4.9,9,17818
03-May-17,May-17,19,EMP-15,Supervisor-3,69,16,359,6.9,9,24771
03-May-17,May-17,19,EMP-16,Supervisor-3,35,18,302,8.8,9,10570
03-May-17,May-17,19,EMP-17,Supervisor-3,60,12,595,8.8,9,35700
03-May-17,May-17,19,EMP-18,Supervisor-3,47,20,319,8.8,9,14993
03-May-17,May-17,19,EMP-19,Supervisor-3,70,8,357,8.8,9,24990
03-May-17,May-17,19,EMP-20,Supervisor-3,43,24,421,8.8,9,18103
04-May-17,May-17,19,EMP-1,Supervisor-1,69,7,403,6.9,9,27807
04-May-17,May-17,19,EMP-2,Supervisor-1,53,5,387,7.8,9,20511
04-May-17,May-17,19,EMP-3,Supervisor-1,66,0,351,9,9,23166
04-May-17,May-17,19,EMP-4,Supervisor-1,69,23,456,8.8,9,31464
04-May-17,May-17,19,EMP-5,Supervisor-1,65,15,564,4.9,9,36660
04-May-17,May-17,19,EMP-6,Supervisor-2,61,19,327,8.8,9,19947
04-May-17,May-17,19,EMP-7,Supervisor-2,54,23,597,6.9,9,32238
04-May-17,May-17,19,EMP-8,Supervisor-2,41,6,371,5.9,9,15211
04-May-17,May-17,19,EMP-9,Supervisor-2,70,20,516,8.8,9,36120
04-May-17,May-17,19,EMP-10,Supervisor-2,51,8,496,5.9,9,25296
04-May-17,May-17,19,EMP-11,Supervisor-2,59,8,329,4.9,9,19411
04-May-17,May-17,19,EMP-12,Supervisor-2,34,7,486,7.8,9,16524
04-May-17,May-17,19,EMP-13,Supervisor-2,43,12,318,6.9,9,13674
04-May-17,May-17,19,EMP-14,Supervisor-2,31,25,401,8.8,9,12431
04-May-17,May-17,19,EMP-15,Supervisor-3,62,17,559,5.9,9,34658
04-May-17,May-17,19,EMP-16,Supervisor-3,32,22,414,5.9,9,13248
04-May-17,May-17,19,EMP-17,Supervisor-3,30,6,579,6.9,9,17370
04-May-17,May-17,19,EMP-18,Supervisor-3,37,20,442,5.9,9,16354
04-May-17,May-17,19,EMP-19,Supervisor-3,32,21,594,6.9,9,19008
04-May-17,May-17,19,EMP-20,Supervisor-3,31,20,439,6.9,9,13609
05-May-17,May-17,19,EMP-1,Supervisor-1,42,24,577,9,9,24234
05-May-17,May-17,19,EMP-2,Supervisor-1,70,12,312,4.9,9,21840
05-May-17,May-17,19,EMP-3,Supervisor-1,51,9,467,9,9,23817
05-May-17,May-17,19,EMP-4,Supervisor-1,30,13,342,4.9,9,10260
05-May-17,May-17,19,EMP-5,Supervisor-1,56,24,387,5.9,9,21672
05-May-17,May-17,19,EMP-6,Supervisor-2,65,5,430,9,9,27950
05-May-17,May-17,19,EMP-7,Supervisor-2,68,15,434,6.9,9,29512
05-May-17,May-17,19,EMP-8,Supervisor-2,59,10,525,6.9,9,30975
05-May-17,May-17,19,EMP-9,Supervisor-2,52,5,352,9,9,18304
05-May-17,May-17,19,EMP-10,Supervisor-2,60,17,452,6.9,9,27120
05-May-17,May-17,19,EMP-11,Supervisor-2,64,23,347,6.9,9,22208
05-May-17,May-17,19,EMP-12,Supervisor-2,63,27,499,4.9,9,31437
05-May-17,May-17,19,EMP-13,Supervisor-2,64,27,472,9,9,30208
05-May-17,May-17,19,EMP-14,Supervisor-2,53,7,558,9,9,29574
05-May-17,May-17,19,EMP-15,Supervisor-3,45,9,484,8.8,9,21780
05-May-17,May-17,19,EMP-16,Supervisor-3,43,16,406,6.9,9,17458
05-May-17,May-17,19,EMP-17,Supervisor-3,30,5,578,6.9,9,17340
05-May-17,May-17,19,EMP-18,Supervisor-3,63,17,494,4.9,9,31122
05-May-17,May-17,19,EMP-19,Supervisor-3,57,7,494,9,9,28158
05-May-17,May-17,19,EMP-20,Supervisor-3,47,11,462,9,9,21714
06-May-17,May-17,19,EMP-1,Supervisor-1,43,19,326,7.8,9,14018
06-May-17,May-17,19,EMP-2,Supervisor-1,33,7,521,7.8,9,17193
06-May-17,May-17,19,EMP-3,Supervisor-1,61,27,469,4.9,9,28609
06-May-17,May-17,19,EMP-4,Supervisor-1,41,12,379,7.8,9,15539
06-May-17,May-17,19,EMP-5,Supervisor-1,44,9,438,9,9,19272
06-May-17,May-17,19,EMP-6,Supervisor-2,57,6,318,4.9,9,18126
06-May-17,May-17,19,EMP-7,Supervisor-2,49,26,512,6.9,9,25088
06-May-17,May-17,19,EMP-8,Supervisor-2,39,23,326,6.9,9,12714
06-May-17,May-17,19,EMP-9,Supervisor-2,65,27,579,7.8,9,37635
06-May-17,May-17,19,EMP-10,Supervisor-2,50,10,302,7.8,9,15100
06-May-17,May-17,19,EMP-11,Supervisor-2,65,14,595,6.9,9,38675
06-May-17,May-17,19,EMP-12,Supervisor-2,48,16,308,7.8,9,14784
06-May-17,May-17,19,EMP-13,Supervisor-2,40,26,446,5.9,9,17840
06-May-17,May-17,19,EMP-14,Supervisor-2,40,9,324,8.8,9,12960
06-May-17,May-17,19,EMP-15,Supervisor-3,46,5,560,7.8,9,25760
06-May-17,May-17,19,EMP-16,Supervisor-3,57,0,461,9,9,26277
06-May-17,May-17,19,EMP-17,Supervisor-3,48,16,310,9,9,14880
06-May-17,May-17,19,EMP-18,Supervisor-3,57,27,366,7.8,9,20862
06-May-17,May-17,19,EMP-19,Supervisor-3,39,23,330,7.8,9,12870
06-May-17,May-17,19,EMP-20,Supervisor-3,54,10,369,5.9,9,19926
07-May-17,May-17,19,EMP-1,Supervisor-1,37,23,336,4.9,9,12432
07-May-17,May-17,19,EMP-2,Supervisor-1,40,13,571,9,9,22840
07-May-17,May-17,19,EMP-3,Supervisor-1,30,19,326,8.8,9,9780
07-May-17,May-17,19,EMP-4,Supervisor-1,49,19,381,4.9,9,18669
07-May-17,May-17,19,EMP-5,Supervisor-1,42,26,504,7.8,9,21168
07-May-17,May-17,19,EMP-6,Supervisor-2,44,13,311,5.9,9,13684
07-May-17,May-17,19,EMP-7,Supervisor-2,30,24,526,8.8,9,15780
07-May-17,May-17,19,EMP-8,Supervisor-2,66,16,360,7.8,9,23760
07-May-17,May-17,19,EMP-9,Supervisor-2,70,15,593,6.9,9,41510
07-May-17,May-17,19,EMP-10,Supervisor-2,59,0,548,9,9,32332
07-May-17,May-17,19,EMP-11,Supervisor-2,54,18,466,5.9,9,25164
07-May-17,May-17,19,EMP-12,Supervisor-2,49,10,504,7.8,9,24696
07-May-17,May-17,19,EMP-13,Supervisor-2,59,23,449,8.8,9,26491
07-May-17,May-17,19,EMP-14,Supervisor-2,58,26,362,5.9,9,20996
07-May-17,May-17,19,EMP-15,Supervisor-3,50,15,569,4.9,9,28450
07-May-17,May-17,19,EMP-16,Supervisor-3,51,13,339,7.8,9,17289
07-May-17,May-17,19,EMP-17,Supervisor-3,31,5,521,7.8,9,16151
07-May-17,May-17,19,EMP-18,Supervisor-3,57,20,441,9,9,25137
07-May-17,May-17,19,EMP-19,Supervisor-3,66,10,370,5.9,9,24420
07-May-17,May-17,19,EMP-20,Supervisor-3,52,6,369,4.9,9,19188
08-May-17,May-17,20,EMP-1,Supervisor-1,64,18,496,5.9,9,31744
08-May-17,May-17,20,EMP-2,Supervisor-1,61,27,396,5.9,9,24156
08-May-17,May-17,20,EMP-3,Supervisor-1,53,5,331,4.9,9,17543
08-May-17,May-17,20,EMP-4,Supervisor-1,48,12,504,9,9,24192
08-May-17,May-17,20,EMP-5,Supervisor-1,51,9,384,9,9,19584
08-May-17,May-17,20,EMP-6,Supervisor-2,38,9,550,8.8,9,20900
08-May-17,May-17,20,EMP-7,Supervisor-2,41,9,555,9,9,22755
08-May-17,May-17,20,EMP-8,Supervisor-2,64,18,359,4.9,9,22976
08-May-17,May-17,20,EMP-9,Supervisor-2,55,10,411,4.9,9,22605
08-May-17,May-17,20,EMP-10,Supervisor-2,40,0,339,6.9,9,13560
08-May-17,May-17,20,EMP-11,Supervisor-2,39,18,424,9,9,16536
08-May-17,May-17,20,EMP-12,Supervisor-2,65,22,387,9,9,25155
08-May-17,May-17,20,EMP-13,Supervisor-2,49,15,345,5.9,9,16905
08-May-17,May-17,20,EMP-14,Supervisor-2,37,5,358,7.8,9,13246
08-May-17,May-17,20,EMP-15,Supervisor-3,54,16,549,8.8,9,29646
08-May-17,May-17,20,EMP-16,Supervisor-3,45,11,515,7.8,9,23175
08-May-17,May-17,20,EMP-17,Supervisor-3,58,11,342,9,9,19836
08-May-17,May-17,20,EMP-18,Supervisor-3,61,22,372,8.8,9,22692
08-May-17,May-17,20,EMP-19,Supervisor-3,53,7,351,5.9,9,18603
08-May-17,May-17,20,EMP-20,Supervisor-3,51,10,519,8.8,9,26469
09-May-17,May-17,20,EMP-1,Supervisor-1,35,9,447,7.8,9,15645
09-May-17,May-17,20,EMP-2,Supervisor-1,70,10,360,4.9,9,25200
09-May-17,May-17,20,EMP-3,Supervisor-1,45,7,472,7.8,9,21240
09-May-17,May-17,20,EMP-4,Supervisor-1,61,22,468,6.9,9,28548
09-May-17,May-17,20,EMP-5,Supervisor-1,47,7,458,5.9,9,21526
09-May-17,May-17,20,EMP-6,Supervisor-2,50,18,541,9,9,27050
09-May-17,May-17,20,EMP-7,Supervisor-2,69,27,551,7.8,9,38019
09-May-17,May-17,20,EMP-8,Supervisor-2,46,24,491,6.9,9,22586
09-May-17,May-17,20,EMP-9,Supervisor-2,38,8,324,8.8,9,12312
09-May-17,May-17,20,EMP-10,Supervisor-2,42,11,573,7.8,9,24066
09-May-17,May-17,20,EMP-11,Supervisor-2,39,26,301,5.9,9,11739
09-May-17,May-17,20,EMP-12,Supervisor-2,46,8,600,7.8,9,27600
09-May-17,May-17,20,EMP-13,Supervisor-2,50,21,307,6.9,9,15350
09-May-17,May-17,20,EMP-14,Supervisor-2,59,11,529,7.8,9,31211
09-May-17,May-17,20,EMP-15,Supervisor-3,50,25,451,8.8,9,22550
09-May-17,May-17,20,EMP-16,Supervisor-3,48,17,466,6.9,9,22368
09-May-17,May-17,20,EMP-17,Supervisor-3,66,10,510,6.9,9,33660
09-May-17,May-17,20,EMP-18,Supervisor-3,59,27,359,6.9,9,21181
09-May-17,May-17,20,EMP-19,Supervisor-3,30,22,556,4.9,9,16680
09-May-17,May-17,20,EMP-20,Supervisor-3,33,17,315,9,9,10395
10-May-17,May-17,20,EMP-1,Supervisor-1,36,18,348,5.9,9,12528
10-May-17,May-17,20,EMP-2,Supervisor-1,50,26,562,5.9,9,28100
10-May-17,May-17,20,EMP-3,Supervisor-1,66,6,307,8.8,9,20262
10-May-17,May-17,20,EMP-4,Supervisor-1,43,5,319,7.8,9,13717
10-May-17,May-17,20,EMP-5,Supervisor-1,53,25,309,6.9,9,16377
10-May-17,May-17,20,EMP-6,Supervisor-2,53,10,360,9,9,19080
10-May-17,May-17,20,EMP-7,Supervisor-2,35,13,351,7.8,9,12285
10-May-17,May-17,20,EMP-8,Supervisor-2,57,21,483,5.9,9,27531
10-May-17,May-17,20,EMP-9,Supervisor-2,64,26,461,6.9,9,29504
10-May-17,May-17,20,EMP-10,Supervisor-2,44,12,496,7.8,9,21824
10-May-17,May-17,20,EMP-11,Supervisor-2,35,6,438,5.9,9,15330
10-May-17,May-17,20,EMP-12,Supervisor-2,66,10,590,6.9,9,38940
10-May-17,May-17,20,EMP-13,Supervisor-2,65,0,558,8.8,9,36270
10-May-17,May-17,20,EMP-14,Supervisor-2,61,22,431,7.8,9,26291
10-May-17,May-17,20,EMP-15,Supervisor-3,61,24,366,4.9,9,22326
10-May-17,May-17,20,EMP-16,Supervisor-3,67,16,407,8.8,9,27269
10-May-17,May-17,20,EMP-17,Supervisor-3,46,23,513,6.9,9,23598
10-May-17,May-17,20,EMP-18,Supervisor-3,42,25,445,9,9,18690
10-May-17,May-17,20,EMP-19,Supervisor-3,60,22,556,6.9,9,33360
10-May-17,May-17,20,EMP-20,Supervisor-3,60,13,593,6.9,9,35580
11-May-17,May-17,20,EMP-1,Supervisor-1,61,22,509,6.9,9,31049
11-May-17,May-17,20,EMP-2,Supervisor-1,48,11,382,4.9,9,18336
11-May-17,May-17,20,EMP-3,Supervisor-1,31,26,570,7.8,9,17670
11-May-17,May-17,20,EMP-4,Supervisor-1,59,18,587,7.8,9,34633
11-May-17,May-17,20,EMP-5,Supervisor-1,55,27,424,5.9,9,23320
11-May-17,May-17,20,EMP-6,Supervisor-2,62,20,320,4.9,9,19840
11-May-17,May-17,20,EMP-7,Supervisor-2,35,5,412,6.9,9,14420
11-May-17,May-17,20,EMP-8,Supervisor-2,51,5,503,8.8,9,25653
11-May-17,May-17,20,EMP-9,Supervisor-2,59,15,600,5.9,9,35400
11-May-17,May-17,20,EMP-10,Supervisor-2,35,7,591,6.9,9,20685
11-May-17,May-17,20,EMP-11,Supervisor-2,64,10,566,9,9,36224
11-May-17,May-17,20,EMP-12,Supervisor-2,43,19,350,5.9,9,15050
11-May-17,May-17,20,EMP-13,Supervisor-2,67,14,489,4.9,9,32763
11-May-17,May-17,20,EMP-14,Supervisor-2,56,18,414,5.9,9,23184
11-May-17,May-17,20,EMP-15,Supervisor-3,68,20,411,8.8,9,27948
11-May-17,May-17,20,EMP-16,Supervisor-3,35,20,506,8.8,9,17710
11-May-17,May-17,20,EMP-17,Supervisor-3,51,23,348,8.8,9,17748
11-May-17,May-17,20,EMP-18,Supervisor-3,64,10,384,8.8,9,24576
11-May-17,May-17,20,EMP-19,Supervisor-3,52,16,374,5.9,9,19448
11-May-17,May-17,20,EMP-20,Supervisor-3,56,23,444,9,9,24864
12-May-17,May-17,20,EMP-1,Supervisor-1,31,22,520,9,9,16120
12-May-17,May-17,20,EMP-2,Supervisor-1,56,17,583,5.9,9,32648
12-May-17,May-17,20,EMP-3,Supervisor-1,37,15,465,7.8,9,17205
12-May-17,May-17,20,EMP-4,Supervisor-1,35,24,302,5.9,9,10570
12-May-17,May-17,20,EMP-5,Supervisor-1,52,21,514,5.9,9,26728
12-May-17,May-17,20,EMP-6,Supervisor-2,65,11,447,8.8,9,29055
12-May-17,May-17,20,EMP-7,Supervisor-2,43,22,491,6.9,9,21113
12-May-17,May-17,20,EMP-8,Supervisor-2,59,8,582,9,9,34338
12-May-17,May-17,20,EMP-9,Supervisor-2,47,27,443,8.8,9,20821
12-May-17,May-17,20,EMP-10,Supervisor-2,38,23,488,7.8,9,18544
12-May-17,May-17,20,EMP-11,Supervisor-2,56,15,444,7.8,9,24864
12-May-17,May-17,20,EMP-12,Supervisor-2,66,9,352,5.9,9,23232
12-May-17,May-17,20,EMP-13,Supervisor-2,45,24,456,8.8,9,20520
12-May-17,May-17,20,EMP-14,Supervisor-2,69,0,421,9,9,29049
12-May-17,May-17,20,EMP-15,Supervisor-3,49,23,406,6.9,9,19894
12-May-17,May-17,20,EMP-16,Supervisor-3,67,6,343,7.8,9,22981
12-May-17,May-17,20,EMP-17,Supervisor-3,38,5,579,7.8,9,22002
12-May-17,May-17,20,EMP-18,Supervisor-3,58,18,360,4.9,9,20880
12-May-17,May-17,20,EMP-19,Supervisor-3,49,14,391,8.8,9,19159
12-May-17,May-17,20,EMP-20,Supervisor-3,69,14,510,5.9,9,35190
13-May-17,May-17,20,EMP-1,Supervisor-1,57,18,526,9,9,29982
13-May-17,May-17,20,EMP-2,Supervisor-1,47,25,366,4.9,9,17202
13-May-17,May-17,20,EMP-3,Supervisor-1,44,14,523,6.9,9,23012
13-May-17,May-17,20,EMP-4,Supervisor-1,53,23,300,9,9,15900
13-May-17,May-17,20,EMP-5,Supervisor-1,36,25,410,7.8,9,14760
13-May-17,May-17,20,EMP-6,Supervisor-2,53,25,444,5.9,9,23532
13-May-17,May-17,20,EMP-7,Supervisor-2,69,17,354,6.9,9,24426
13-May-17,May-17,20,EMP-8,Supervisor-2,49,17,504,5.9,9,24696
13-May-17,May-17,20,EMP-9,Supervisor-2,41,8,497,8.8,9,20377
13-May-17,May-17,20,EMP-10,Supervisor-2,64,13,445,6.9,9,28480
13-May-17,May-17,20,EMP-11,Supervisor-2,70,18,579,5.9,9,40530
13-May-17,May-17,20,EMP-12,Supervisor-2,42,26,426,9,9,17892
13-May-17,May-17,20,EMP-13,Supervisor-2,41,10,301,7.8,9,12341
13-May-17,May-17,20,EMP-14,Supervisor-2,49,27,422,4.9,9,20678
13-May-17,May-17,20,EMP-15,Supervisor-3,31,6,427,5.9,9,13237
13-May-17,May-17,20,EMP-16,Supervisor-3,61,20,391,8.8,9,23851
13-May-17,May-17,20,EMP-17,Supervisor-3,55,23,418,5.9,9,22990
13-May-17,May-17,20,EMP-18,Supervisor-3,58,17,343,7.8,9,19894
13-May-17,May-17,20,EMP-19,Supervisor-3,46,27,337,8.8,9,15502
13-May-17,May-17,20,EMP-20,Supervisor-3,64,15,406,7.8,9,25984
14-May-17,May-17,20,EMP-1,Supervisor-1,57,13,401,5.9,9,22857
14-May-17,May-17,20,EMP-2,Supervisor-1,58,13,596,9,9,34568
14-May-17,May-17,20,EMP-3,Supervisor-1,67,10,558,6.9,9,37386
14-May-17,May-17,20,EMP-4,Supervisor-1,60,15,548,9,9,32880
14-May-17,May-17,20,EMP-5,Supervisor-1,69,9,320,9,9,22080
14-May-17,May-17,20,EMP-6,Supervisor-2,38,0,351,7.8,9,13338
14-May-17,May-17,20,EMP-7,Supervisor-2,39,10,417,5.9,9,16263
14-May-17,May-17,20,EMP-8,Supervisor-2,62,8,548,4.9,9,33976
14-May-17,May-17,20,EMP-9,Supervisor-2,43,24,544,9,9,23392
14-May-17,May-17,20,EMP-10,Supervisor-2,47,8,301,7.8,9,14147
14-May-17,May-17,20,EMP-11,Supervisor-2,40,10,373,8.8,9,14920
14-May-17,May-17,20,EMP-12,Supervisor-2,50,17,400,8.8,9,20000
14-May-17,May-17,20,EMP-13,Supervisor-2,35,10,493,4.9,9,17255
14-May-17,May-17,20,EMP-14,Supervisor-2,59,23,420,6.9,9,24780
14-May-17,May-17,20,EMP-15,Supervisor-3,68,0,569,4.9,9,38692
14-May-17,May-17,20,EMP-16,Supervisor-3,69,23,304,9,9,20976
14-May-17,May-17,20,EMP-17,Supervisor-3,39,15,555,9,9,21645
14-May-17,May-17,20,EMP-18,Supervisor-3,31,17,325,7.8,9,10075
14-May-17,May-17,20,EMP-19,Supervisor-3,63,5,391,4.9,9,24633
14-May-17,May-17,20,EMP-20,Supervisor-3,55,26,336,8.8,9,18480
15-May-17,May-17,21,EMP-1,Supervisor-1,62,17,525,7.8,9,32550
15-May-17,May-17,21,EMP-2,Supervisor-1,69,20,452,4.9,9,31188
15-May-17,May-17,21,EMP-3,Supervisor-1,63,19,589,6.9,9,37107
15-May-17,May-17,21,EMP-4,Supervisor-1,31,26,502,5.9,9,15562
15-May-17,May-17,21,EMP-5,Supervisor-1,31,5,586,6.9,9,18166
15-May-17,May-17,21,EMP-6,Supervisor-2,50,5,519,8.8,9,25950
15-May-17,May-17,21,EMP-7,Supervisor-2,58,0,300,5.9,9,17400
15-May-17,May-17,21,EMP-8,Supervisor-2,63,11,496,8.8,9,31248
15-May-17,May-17,21,EMP-9,Supervisor-2,53,10,549,4.9,9,29097
15-May-17,May-17,21,EMP-10,Supervisor-2,66,16,594,5.9,9,39204
15-May-17,May-17,21,EMP-11,Supervisor-2,45,18,546,6.9,9,24570
15-May-17,May-17,21,EMP-12,Supervisor-2,59,14,418,8.8,9,24662
15-May-17,May-17,21,EMP-13,Supervisor-2,66,23,534,5.9,9,35244
15-May-17,May-17,21,EMP-14,Supervisor-2,66,20,584,6.9,9,38544
15-May-17,May-17,21,EMP-15,Supervisor-3,39,8,379,8.8,9,14781
15-May-17,May-17,21,EMP-16,Supervisor-3,33,23,503,4.9,9,16599
15-May-17,May-17,21,EMP-17,Supervisor-3,63,6,403,7.8,9,25389
15-May-17,May-17,21,EMP-18,Supervisor-3,35,8,355,6.9,9,12425
15-May-17,May-17,21,EMP-19,Supervisor-3,42,27,336,5.9,9,14112
15-May-17,May-17,21,EMP-20,Supervisor-3,48,16,499,8.8,9,23952
16-May-17,May-17,21,EMP-1,Supervisor-1,48,0,381,9,9,18288
16-May-17,May-17,21,EMP-2,Supervisor-1,31,24,482,5.9,9,14942
16-May-17,May-17,21,EMP-3,Supervisor-1,63,12,521,9,9,32823
16-May-17,May-17,21,EMP-4,Supervisor-1,33,9,541,8.8,9,17853
16-May-17,May-17,21,EMP-5,Supervisor-1,32,13,325,8.8,9,10400
16-May-17,May-17,21,EMP-6,Supervisor-2,60,24,563,9,9,33780
16-May-17,May-17,21,EMP-7,Supervisor-2,30,15,438,5.9,9,13140
16-May-17,May-17,21,EMP-8,Supervisor-2,67,13,489,5.9,9,32763
16-May-17,May-17,21,EMP-9,Supervisor-2,55,0,501,4.9,9,27555
16-May-17,May-17,21,EMP-10,Supervisor-2,63,17,501,4.9,9,31563
16-May-17,May-17,21,EMP-11,Supervisor-2,65,17,479,4.9,9,31135
16-May-17,May-17,21,EMP-12,Supervisor-2,35,12,339,9,9,11865
16-May-17,May-17,21,EMP-13,Supervisor-2,33,8,320,6.9,9,10560
16-May-17,May-17,21,EMP-14,Supervisor-2,62,7,423,8.8,9,26226
16-May-17,May-17,21,EMP-15,Supervisor-3,32,15,593,9,9,18976
16-May-17,May-17,21,EMP-16,Supervisor-3,58,10,560,5.9,9,32480
16-May-17,May-17,21,EMP-17,Supervisor-3,56,11,396,4.9,9,22176
16-May-17,May-17,21,EMP-18,Supervisor-3,50,10,579,5.9,9,28950
16-May-17,May-17,21,EMP-19,Supervisor-3,55,22,364,9,9,20020
16-May-17,May-17,21,EMP-20,Supervisor-3,48,21,461,6.9,9,22128
17-May-17,May-17,21,EMP-1,Supervisor-1,57,23,570,4.9,9,32490
17-May-17,May-17,21,EMP-2,Supervisor-1,44,27,565,4.9,9,24860
17-May-17,May-17,21,EMP-3,Supervisor-1,69,0,529,4.9,9,36501
17-May-17,May-17,21,EMP-4,Supervisor-1,30,10,429,7.8,9,12870
17-May-17,May-17,21,EMP-5,Supervisor-1,41,19,499,8.8,9,20459
17-May-17,May-17,21,EMP-6,Supervisor-2,45,8,404,6.9,9,18180
17-May-17,May-17,21,EMP-7,Supervisor-2,49,0,537,5.9,9,26313
17-May-17,May-17,21,EMP-8,Supervisor-2,44,8,555,4.9,9,24420
17-May-17,May-17,21,EMP-9,Supervisor-2,37,16,388,4.9,9,14356
17-May-17,May-17,21,EMP-10,Supervisor-2,67,0,575,7.8,9,38525
17-May-17,May-17,21,EMP-11,Supervisor-2,53,8,483,9,9,25599
17-May-17,May-17,21,EMP-12,Supervisor-2,52,21,339,9,9,17628
17-May-17,May-17,21,EMP-13,Supervisor-2,54,13,370,9,9,19980
17-May-17,May-17,21,EMP-14,Supervisor-2,40,12,498,8.8,9,19920
17-May-17,May-17,21,EMP-15,Supervisor-3,37,20,314,9,9,11618
17-May-17,May-17,21,EMP-16,Supervisor-3,38,14,478,8.8,9,18164
17-May-17,May-17,21,EMP-17,Supervisor-3,52,13,346,9,9,17992
17-May-17,May-17,21,EMP-18,Supervisor-3,48,23,407,5.9,9,19536
17-May-17,May-17,21,EMP-19,Supervisor-3,63,9,557,6.9,9,35091
17-May-17,May-17,21,EMP-20,Supervisor-3,45,9,434,7.8,9,19530
18-May-17,May-17,21,EMP-1,Supervisor-1,44,14,416,9,9,18304
18-May-17,May-17,21,EMP-2,Supervisor-1,52,14,401,9,9,20852
18-May-17,May-17,21,EMP-3,Supervisor-1,31,22,515,4.9,9,15965
18-May-17,May-17,21,EMP-4,Supervisor-1,63,10,524,9,9,33012
18-May-17,May-17,21,EMP-5,Supervisor-1,56,14,347,4.9,9,19432
18-May-17,May-17,21,EMP-6,Supervisor-2,38,13,508,7.8,9,19304
18-May-17,May-17,21,EMP-7,Supervisor-2,60,15,443,7.8,9,26580
18-May-17,May-17,21,EMP-8,Supervisor-2,36,18,486,7.8,9,17496
18-May-17,May-17,21,EMP-9,Supervisor-2,63,20,549,7.8,9,34587
18-May-17,May-17,21,EMP-10,Supervisor-2,60,18,310,8.8,9,18600
18-May-17,May-17,21,EMP-11,Supervisor-2,55,17,309,9,9,16995
18-May-17,May-17,21,EMP-12,Supervisor-2,60,15,371,8.8,9,22260
18-May-17,May-17,21,EMP-13,Supervisor-2,41,5,319,8.8,9,13079
18-May-17,May-17,21,EMP-14,Supervisor-2,44,17,374,8.8,9,16456
18-May-17,May-17,21,EMP-15,Supervisor-3,70,11,349,7.8,9,24430
18-May-17,May-17,21,EMP-16,Supervisor-3,31,24,330,5.9,9,10230
18-May-17,May-17,21,EMP-17,Supervisor-3,47,27,445,6.9,9,20915
18-May-17,May-17,21,EMP-18,Supervisor-3,56,20,563,6.9,9,31528
18-May-17,May-17,21,EMP-19,Supervisor-3,66,0,537,4.9,9,35442
18-May-17,May-17,21,EMP-20,Supervisor-3,35,27,444,9,9,15540
19-May-17,May-17,21,EMP-1,Supervisor-1,70,21,379,5.9,9,26530
19-May-17,May-17,21,EMP-2,Supervisor-1,44,0,417,5.9,9,18348
19-May-17,May-17,21,EMP-3,Supervisor-1,49,12,529,8.8,9,25921
19-May-17,May-17,21,EMP-4,Supervisor-1,48,16,343,6.9,9,16464
19-May-17,May-17,21,EMP-5,Supervisor-1,55,20,371,4.9,9,20405
19-May-17,May-17,21,EMP-6,Supervisor-2,63,13,418,4.9,9,26334
19-May-17,May-17,21,EMP-7,Supervisor-2,36,13,468,9,9,16848
19-May-17,May-17,21,EMP-8,Supervisor-2,55,12,453,4.9,9,24915
19-May-17,May-17,21,EMP-9,Supervisor-2,66,0,509,9,9,33594
19-May-17,May-17,21,EMP-10,Supervisor-2,61,25,547,8.8,9,33367
19-May-17,May-17,21,EMP-11,Supervisor-2,63,5,557,8.8,9,35091
19-May-17,May-17,21,EMP-12,Supervisor-2,49,22,315,7.8,9,15435
19-May-17,May-17,21,EMP-13,Supervisor-2,61,18,573,6.9,9,34953
19-May-17,May-17,21,EMP-14,Supervisor-2,59,24,422,6.9,9,24898
19-May-17,May-17,21,EMP-15,Supervisor-3,31,15,554,4.9,9,17174
19-May-17,May-17,21,EMP-16,Supervisor-3,35,10,513,8.8,9,17955
19-May-17,May-17,21,EMP-17,Supervisor-3,69,26,370,6.9,9,25530
19-May-17,May-17,21,EMP-18,Supervisor-3,33,5,449,5.9,9,14817
19-May-17,May-17,21,EMP-19,Supervisor-3,61,27,366,7.8,9,22326
19-May-17,May-17,21,EMP-20,Supervisor-3,34,9,598,4.9,9,20332
20-May-17,May-17,21,EMP-1,Supervisor-1,59,15,557,7.8,9,32863
20-May-17,May-17,21,EMP-2,Supervisor-1,34,13,368,5.9,9,12512
20-May-17,May-17,21,EMP-3,Supervisor-1,44,22,446,9,9,19624
20-May-17,May-17,21,EMP-4,Supervisor-1,32,18,486,7.8,9,15552
20-May-17,May-17,21,EMP-5,Supervisor-1,41,21,341,7.8,9,13981
20-May-17,May-17,21,EMP-6,Supervisor-2,35,6,346,8.8,9,12110
20-May-17,May-17,21,EMP-7,Supervisor-2,70,12,598,5.9,9,41860
20-May-17,May-17,21,EMP-8,Supervisor-2,70,7,554,9,9,38780
20-May-17,May-17,21,EMP-9,Supervisor-2,44,26,571,4.9,9,25124
20-May-17,May-17,21,EMP-10,Supervisor-2,45,9,430,4.9,9,19350
20-May-17,May-17,21,EMP-11,Supervisor-2,58,0,408,7.8,9,23664
20-May-17,May-17,21,EMP-12,Supervisor-2,46,6,595,6.9,9,27370
20-May-17,May-17,21,EMP-13,Supervisor-2,47,18,495,4.9,9,23265
20-May-17,May-17,21,EMP-14,Supervisor-2,61,23,387,9,9,23607
20-May-17,May-17,21,EMP-15,Supervisor-3,46,22,303,8.8,9,13938
20-May-17,May-17,21,EMP-16,Supervisor-3,60,17,588,6.9,9,35280
20-May-17,May-17,21,EMP-17,Supervisor-3,66,17,452,8.8,9,29832
20-May-17,May-17,21,EMP-18,Supervisor-3,56,6,525,4.9,9,29400
20-May-17,May-17,21,EMP-19,Supervisor-3,59,23,309,7.8,9,18231
20-May-17,May-17,21,EMP-20,Supervisor-3,31,5,496,7.8,9,15376
21-May-17,May-17,21,EMP-1,Supervisor-1,64,11,506,7.8,9,32384
21-May-17,May-17,21,EMP-2,Supervisor-1,69,14,545,4.9,9,37605
21-May-17,May-17,21,EMP-3,Supervisor-1,41,13,518,7.8,9,21238
21-May-17,May-17,21,EMP-4,Supervisor-1,44,24,550,7.8,9,24200
21-May-17,May-17,21,EMP-5,Supervisor-1,68,5,304,7.8,9,20672
21-May-17,May-17,21,EMP-6,Supervisor-2,58,18,437,6.9,9,25346
21-May-17,May-17,21,EMP-7,Supervisor-2,69,20,386,8.8,9,26634
21-May-17,May-17,21,EMP-8,Supervisor-2,50,26,370,9,9,18500
21-May-17,May-17,21,EMP-9,Supervisor-2,69,21,393,9,9,27117
21-May-17,May-17,21,EMP-10,Supervisor-2,55,15,583,4.9,9,32065
21-May-17,May-17,21,EMP-11,Supervisor-2,43,25,459,7.8,9,19737
21-May-17,May-17,21,EMP-12,Supervisor-2,40,16,466,5.9,9,18640
21-May-17,May-17,21,EMP-13,Supervisor-2,40,5,404,7.8,9,16160
21-May-17,May-17,21,EMP-14,Supervisor-2,35,27,507,6.9,9,17745
21-May-17,May-17,21,EMP-15,Supervisor-3,47,18,315,8.8,9,14805
21-May-17,May-17,21,EMP-16,Supervisor-3,40,20,468,5.9,9,18720
21-May-17,May-17,21,EMP-17,Supervisor-3,68,0,437,7.8,9,29716
21-May-17,May-17,21,EMP-18,Supervisor-3,50,5,456,4.9,9,22800
21-May-17,May-17,21,EMP-19,Supervisor-3,60,11,490,5.9,9,29400
21-May-17,May-17,21,EMP-20,Supervisor-3,30,7,473,6.9,9,14190
22-May-17,May-17,22,EMP-1,Supervisor-1,60,7,343,5.9,9,20580
22-May-17,May-17,22,EMP-2,Supervisor-1,49,17,558,4.9,9,27342
22-May-17,May-17,22,EMP-3,Supervisor-1,40,7,600,9,9,24000
22-May-17,May-17,22,EMP-4,Supervisor-1,65,6,420,9,9,27300
22-May-17,May-17,22,EMP-5,Supervisor-1,43,7,517,4.9,9,22231
22-May-17,May-17,22,EMP-6,Supervisor-2,63,24,459,8.8,9,28917
22-May-17,May-17,22,EMP-7,Supervisor-2,48,23,553,5.9,9,26544
22-May-17,May-17,22,EMP-8,Supervisor-2,38,25,399,9,9,15162
22-May-17,May-17,22,EMP-9,Supervisor-2,42,5,580,6.9,9,24360
22-May-17,May-17,22,EMP-10,Supervisor-2,39,23,341,5.9,9,13299
22-May-17,May-17,22,EMP-11,Supervisor-2,30,11,415,8.8,9,12450
22-May-17,May-17,22,EMP-12,Supervisor-2,41,6,416,8.8,9,17056
22-May-17,May-17,22,EMP-13,Supervisor-2,69,17,427,9,9,29463
22-May-17,May-17,22,EMP-14,Supervisor-2,66,20,345,4.9,9,22770
22-May-17,May-17,22,EMP-15,Supervisor-3,44,9,533,5.9,9,23452
22-May-17,May-17,22,EMP-16,Supervisor-3,41,18,384,7.8,9,15744
22-May-17,May-17,22,EMP-17,Supervisor-3,56,18,475,5.9,9,26600
22-May-17,May-17,22,EMP-18,Supervisor-3,66,11,595,9,9,39270
22-May-17,May-17,22,EMP-19,Supervisor-3,38,24,346,7.8,9,13148
22-May-17,May-17,22,EMP-20,Supervisor-3,61,14,510,7.8,9,31110
23-May-17,May-17,22,EMP-1,Supervisor-1,43,5,414,4.9,9,17802
23-May-17,May-17,22,EMP-2,Supervisor-1,56,14,570,7.8,9,31920
23-May-17,May-17,22,EMP-3,Supervisor-1,44,18,403,5.9,9,17732
23-May-17,May-17,22,EMP-4,Supervisor-1,42,23,597,5.9,9,25074
23-May-17,May-17,22,EMP-5,Supervisor-1,32,7,468,9,9,14976
23-May-17,May-17,22,EMP-6,Supervisor-2,66,25,418,7.8,9,27588
23-May-17,May-17,22,EMP-7,Supervisor-2,35,27,571,5.9,9,19985
23-May-17,May-17,22,EMP-8,Supervisor-2,37,26,438,5.9,9,16206
23-May-17,May-17,22,EMP-9,Supervisor-2,43,15,474,8.8,9,20382
23-May-17,May-17,22,EMP-10,Supervisor-2,58,22,372,9,9,21576
23-May-17,May-17,22,EMP-11,Supervisor-2,62,17,377,8.8,9,23374
23-May-17,May-17,22,EMP-12,Supervisor-2,60,8,534,7.8,9,32040
23-May-17,May-17,22,EMP-13,Supervisor-2,38,16,333,8.8,9,12654
23-May-17,May-17,22,EMP-14,Supervisor-2,34,7,362,5.9,9,12308
23-May-17,May-17,22,EMP-15,Supervisor-3,51,5,472,6.9,9,24072
23-May-17,May-17,22,EMP-16,Supervisor-3,34,19,484,5.9,9,16456
23-May-17,May-17,22,EMP-17,Supervisor-3,52,9,392,9,9,20384
23-May-17,May-17,22,EMP-18,Supervisor-3,46,25,469,4.9,9,21574
23-May-17,May-17,22,EMP-19,Supervisor-3,60,15,389,8.8,9,23340
23-May-17,May-17,22,EMP-20,Supervisor-3,52,19,376,6.9,9,19552
24-May-17,May-17,22,EMP-1,Supervisor-1,64,10,368,5.9,9,23552
24-May-17,May-17,22,EMP-2,Supervisor-1,51,21,412,5.9,9,21012
24-May-17,May-17,22,EMP-3,Supervisor-1,33,26,458,6.9,9,15114
24-May-17,May-17,22,EMP-4,Supervisor-1,33,14,326,9,9,10758
24-May-17,May-17,22,EMP-5,Supervisor-1,32,17,583,7.8,9,18656
24-May-17,May-17,22,EMP-6,Supervisor-2,46,20,307,6.9,9,14122
24-May-17,May-17,22,EMP-7,Supervisor-2,47,6,476,7.8,9,22372
24-May-17,May-17,22,EMP-8,Supervisor-2,59,0,441,6.9,9,26019
24-May-17,May-17,22,EMP-9,Supervisor-2,36,15,314,4.9,9,11304
24-May-17,May-17,22,EMP-10,Supervisor-2,49,17,373,5.9,9,18277
24-May-17,May-17,22,EMP-11,Supervisor-2,31,21,517,6.9,9,16027
24-May-17,May-17,22,EMP-12,Supervisor-2,41,21,431,8.8,9,17671
24-May-17,May-17,22,EMP-13,Supervisor-2,69,12,305,8.8,9,21045
24-May-17,May-17,22,EMP-14,Supervisor-2,32,0,371,9,9,11872
24-May-17,May-17,22,EMP-15,Supervisor-3,68,21,597,6.9,9,40596
24-May-17,May-17,22,EMP-16,Supervisor-3,31,6,529,7.8,9,16399
24-May-17,May-17,22,EMP-17,Supervisor-3,52,27,505,9,9,26260
24-May-17,May-17,22,EMP-18,Supervisor-3,70,18,429,5.9,9,30030
24-May-17,May-17,22,EMP-19,Supervisor-3,54,9,545,9,9,29430
24-May-17,May-17,22,EMP-20,Supervisor-3,49,11,457,9,9,22393
25-May-17,May-17,22,EMP-1,Supervisor-1,47,24,556,5.9,9,26132
25-May-17,May-17,22,EMP-2,Supervisor-1,54,12,367,4.9,9,19818
25-May-17,May-17,22,EMP-3,Supervisor-1,70,16,319,8.8,9,22330
25-May-17,May-17,22,EMP-4,Supervisor-1,46,6,453,4.9,9,20838
25-May-17,May-17,22,EMP-5,Supervisor-1,36,9,484,4.9,9,17424
25-May-17,May-17,22,EMP-6,Supervisor-2,35,26,420,6.9,9,14700
25-May-17,May-17,22,EMP-7,Supervisor-2,56,6,532,8.8,9,29792
25-May-17,May-17,22,EMP-8,Supervisor-2,61,23,448,5.9,9,27328
25-May-17,May-17,22,EMP-9,Supervisor-2,61,16,474,4.9,9,28914
25-May-17,May-17,22,EMP-10,Supervisor-2,53,20,320,5.9,9,16960
25-May-17,May-17,22,EMP-11,Supervisor-2,67,14,473,7.8,9,31691
25-May-17,May-17,22,EMP-12,Supervisor-2,58,18,545,8.8,9,31610
25-May-17,May-17,22,EMP-13,Supervisor-2,50,7,496,8.8,9,24800
25-May-17,May-17,22,EMP-14,Supervisor-2,37,0,473,8.8,9,17501
25-May-17,May-17,22,EMP-15,Supervisor-3,33,17,414,9,9,13662
25-May-17,May-17,22,EMP-16,Supervisor-3,64,5,393,8.8,9,25152
25-May-17,May-17,22,EMP-17,Supervisor-3,32,18,470,7.8,9,15040
25-May-17,May-17,22,EMP-18,Supervisor-3,46,19,307,4.9,9,14122
25-May-17,May-17,22,EMP-19,Supervisor-3,47,26,587,6.9,9,27589
25-May-17,May-17,22,EMP-20,Supervisor-3,52,0,449,7.8,9,23348
26-May-17,May-17,22,EMP-1,Supervisor-1,45,26,458,4.9,9,20610
26-May-17,May-17,22,EMP-2,Supervisor-1,38,21,541,6.9,9,20558
26-May-17,May-17,22,EMP-3,Supervisor-1,68,26,397,6.9,9,26996
26-May-17,May-17,22,EMP-4,Supervisor-1,53,24,551,6.9,9,29203
26-May-17,May-17,22,EMP-5,Supervisor-1,53,27,449,4.9,9,23797
26-May-17,May-17,22,EMP-6,Supervisor-2,53,23,576,8.8,9,30528
26-May-17,May-17,22,EMP-7,Supervisor-2,48,10,459,6.9,9,22032
26-May-17,May-17,22,EMP-8,Supervisor-2,63,22,300,9,9,18900
26-May-17,May-17,22,EMP-9,Supervisor-2,43,24,548,5.9,9,23564
26-May-17,May-17,22,EMP-10,Supervisor-2,36,18,532,4.9,9,19152
26-May-17,May-17,22,EMP-11,Supervisor-2,55,22,313,6.9,9,17215
26-May-17,May-17,22,EMP-12,Supervisor-2,43,25,417,9,9,17931
26-May-17,May-17,22,EMP-13,Supervisor-2,45,17,588,4.9,9,26460
26-May-17,May-17,22,EMP-14,Supervisor-2,63,24,381,5.9,9,24003
26-May-17,May-17,22,EMP-15,Supervisor-3,50,16,497,4.9,9,24850
26-May-17,May-17,22,EMP-16,Supervisor-3,56,6,508,4.9,9,28448
26-May-17,May-17,22,EMP-17,Supervisor-3,63,10,496,6.9,9,31248
26-May-17,May-17,22,EMP-18,Supervisor-3,40,18,314,8.8,9,12560
26-May-17,May-17,22,EMP-19,Supervisor-3,39,23,521,4.9,9,20319
26-May-17,May-17,22,EMP-20,Supervisor-3,44,7,400,9,9,17600
27-May-17,May-17,22,EMP-1,Supervisor-1,32,10,406,8.8,9,12992
27-May-17,May-17,22,EMP-2,Supervisor-1,65,6,316,5.9,9,20540
27-May-17,May-17,22,EMP-3,Supervisor-1,49,12,324,9,9,15876
27-May-17,May-17,22,EMP-4,Supervisor-1,70,10,497,8.8,9,34790
27-May-17,May-17,22,EMP-5,Supervisor-1,35,5,454,7.8,9,15890
27-May-17,May-17,22,EMP-6,Supervisor-2,51,6,389,4.9,9,19839
27-May-17,May-17,22,EMP-7,Supervisor-2,55,27,352,5.9,9,19360
27-May-17,May-17,22,EMP-8,Supervisor-2,33,18,466,7.8,9,15378
27-May-17,May-17,22,EMP-9,Supervisor-2,66,13,413,5.9,9,27258
27-May-17,May-17,22,EMP-10,Supervisor-2,48,23,536,8.8,9,25728
27-May-17,May-17,22,EMP-11,Supervisor-2,33,12,427,7.8,9,14091
27-May-17,May-17,22,EMP-12,Supervisor-2,37,23,494,9,9,18278
27-May-17,May-17,22,EMP-13,Supervisor-2,45,9,585,9,9,26325
27-May-17,May-17,22,EMP-14,Supervisor-2,51,9,387,9,9,19737
27-May-17,May-17,22,EMP-15,Supervisor-3,57,19,486,9,9,27702
27-May-17,May-17,22,EMP-16,Supervisor-3,34,27,326,9,9,11084
27-May-17,May-17,22,EMP-17,Supervisor-3,51,8,363,5.9,9,18513
27-May-17,May-17,22,EMP-18,Supervisor-3,39,6,528,4.9,9,20592
27-May-17,May-17,22,EMP-19,Supervisor-3,47,18,343,6.9,9,16121
27-May-17,May-17,22,EMP-20,Supervisor-3,65,12,391,6.9,9,25415
28-May-17,May-17,22,EMP-1,Supervisor-1,45,24,434,8.8,9,19530
28-May-17,May-17,22,EMP-2,Supervisor-1,59,5,427,9,9,25193
28-May-17,May-17,22,EMP-3,Supervisor-1,40,22,414,5.9,9,16560
28-May-17,May-17,22,EMP-4,Supervisor-1,68,0,577,5.9,9,39236
28-May-17,May-17,22,EMP-5,Supervisor-1,41,16,552,8.8,9,22632
28-May-17,May-17,22,EMP-6,Supervisor-2,44,11,438,8.8,9,19272
28-May-17,May-17,22,EMP-7,Supervisor-2,50,18,558,6.9,9,27900
28-May-17,May-17,22,EMP-8,Supervisor-2,53,20,543,6.9,9,28779
28-May-17,May-17,22,EMP-9,Supervisor-2,54,11,396,6.9,9,21384
28-May-17,May-17,22,EMP-10,Supervisor-2,53,21,552,7.8,9,29256
28-May-17,May-17,22,EMP-11,Supervisor-2,57,18,393,7.8,9,22401
28-May-17,May-17,22,EMP-12,Supervisor-2,31,9,467,8.8,9,14477
28-May-17,May-17,22,EMP-13,Supervisor-2,65,27,338,9,9,21970
28-May-17,May-17,22,EMP-14,Supervisor-2,60,26,423,5.9,9,25380
28-May-17,May-17,22,EMP-15,Supervisor-3,54,0,380,5.9,9,20520
28-May-17,May-17,22,EMP-16,Supervisor-3,54,9,495,6.9,9,26730
28-May-17,May-17,22,EMP-17,Supervisor-3,61,20,374,8.8,9,22814
28-May-17,May-17,22,EMP-18,Supervisor-3,53,22,587,4.9,9,31111
28-May-17,May-17,22,EMP-19,Supervisor-3,40,9,337,8.8,9,13480
28-May-17,May-17,22,EMP-20,Supervisor-3,61,8,556,9,9,33916
29-May-17,May-17,23,EMP-1,Supervisor-1,34,21,455,5.9,9,15470
29-May-17,May-17,23,EMP-2,Supervisor-1,61,13,454,8.8,9,27694
29-May-17,May-17,23,EMP-3,Supervisor-1,69,26,424,9,9,29256
29-May-17,May-17,23,EMP-4,Supervisor-1,69,26,408,7.8,9,28152
29-May-17,May-17,23,EMP-5,Supervisor-1,42,0,503,4.9,9,21126
29-May-17,May-17,23,EMP-6,Supervisor-2,57,19,402,6.9,9,22914
29-May-17,May-17,23,EMP-7,Supervisor-2,32,7,527,4.9,9,16864
29-May-17,May-17,23,EMP-8,Supervisor-2,55,16,371,4.9,9,20405
29-May-17,May-17,23,EMP-9,Supervisor-2,61,5,333,5.9,9,20313
29-May-17,May-17,23,EMP-10,Supervisor-2,52,14,593,9,9,30836
29-May-17,May-17,23,EMP-11,Supervisor-2,62,13,398,4.9,9,24676
29-May-17,May-17,23,EMP-12,Supervisor-2,33,25,536,6.9,9,17688
29-May-17,May-17,23,EMP-13,Supervisor-2,51,17,344,9,9,17544
29-May-17,May-17,23,EMP-14,Supervisor-2,58,24,593,7.8,9,34394
29-May-17,May-17,23,EMP-15,Supervisor-3,38,10,309,4.9,9,11742
29-May-17,May-17,23,EMP-16,Supervisor-3,67,0,479,6.9,9,32093
29-May-17,May-17,23,EMP-17,Supervisor-3,47,23,504,6.9,9,23688
29-May-17,May-17,23,EMP-18,Supervisor-3,64,0,371,6.9,9,23744
29-May-17,May-17,23,EMP-19,Supervisor-3,36,20,452,9,9,16272
29-May-17,May-17,23,EMP-20,Supervisor-3,58,27,383,9,9,22214
30-May-17,May-17,23,EMP-1,Supervisor-1,51,16,389,4.9,9,19839
30-May-17,May-17,23,EMP-2,Supervisor-1,34,18,588,5.9,9,19992
30-May-17,May-17,23,EMP-3,Supervisor-1,51,7,531,7.8,9,27081
30-May-17,May-17,23,EMP-4,Supervisor-1,66,9,366,7.8,9,24156
30-May-17,May-17,23,EMP-5,Supervisor-1,36,13,519,8.8,9,18684
30-May-17,May-17,23,EMP-6,Supervisor-2,45,20,444,4.9,9,19980
30-May-17,May-17,23,EMP-7,Supervisor-2,66,9,362,5.9,9,23892
30-May-17,May-17,23,EMP-8,Supervisor-2,69,22,312,5.9,9,21528
30-May-17,May-17,23,EMP-9,Supervisor-2,43,18,408,9,9,17544
30-May-17,May-17,23,EMP-10,Supervisor-2,51,27,374,5.9,9,19074
30-May-17,May-17,23,EMP-11,Supervisor-2,62,26,489,9,9,30318
30-May-17,May-17,23,EMP-12,Supervisor-2,49,0,496,9,9,24304
30-May-17,May-17,23,EMP-13,Supervisor-2,69,10,354,7.8,9,24426
30-May-17,May-17,23,EMP-14,Supervisor-2,43,22,591,8.8,9,25413
30-May-17,May-17,23,EMP-15,Supervisor-3,64,13,415,8.8,9,26560
30-May-17,May-17,23,EMP-16,Supervisor-3,51,14,585,9,9,29835
30-May-17,May-17,23,EMP-17,Supervisor-3,54,27,411,8.8,9,22194
30-May-17,May-17,23,EMP-18,Supervisor-3,34,9,391,6.9,9,13294
30-May-17,May-17,23,EMP-19,Supervisor-3,60,24,410,6.9,9,24600
30-May-17,May-17,23,EMP-20,Supervisor-3,51,27,456,6.9,9,23256
31-May-17,May-17,23,EMP-1,Supervisor-1,47,19,322,5.9,9,15134
31-May-17,May-17,23,EMP-2,Supervisor-1,65,12,346,4.9,9,22490
31-May-17,May-17,23,EMP-3,Supervisor-1,30,17,474,9,9,14220
31-May-17,May-17,23,EMP-4,Supervisor-1,30,10,521,5.9,9,15630
31-May-17,May-17,23,EMP-5,Supervisor-1,55,8,458,8.8,9,25190
31-May-17,May-17,23,EMP-6,Supervisor-2,69,13,369,8.8,9,25461
31-May-17,May-17,23,EMP-7,Supervisor-2,33,22,314,7.8,9,10362
31-May-17,May-17,23,EMP-8,Supervisor-2,63,21,521,5.9,9,32823
31-May-17,May-17,23,EMP-9,Supervisor-2,54,5,483,5.9,9,26082
31-May-17,May-17,23,EMP-10,Supervisor-2,44,14,376,5.9,9,16544
31-May-17,May-17,23,EMP-11,Supervisor-2,44,26,403,8.8,9,17732
31-May-17,May-17,23,EMP-12,Supervisor-2,55,23,315,9,9,17325
31-May-17,May-17,23,EMP-13,Supervisor-2,69,14,442,5.9,9,30498
31-May-17,May-17,23,EMP-14,Supervisor-2,58,25,535,4.9,9,31030
31-May-17,May-17,23,EMP-15,Supervisor-3,47,13,416,5.9,9,19552
31-May-17,May-17,23,EMP-16,Supervisor-3,50,16,356,7.8,9,17800
31-May-17,May-17,23,EMP-17,Supervisor-3,41,17,540,6.9,9,22140
31-May-17,May-17,23,EMP-18,Supervisor-3,63,16,584,5.9,9,36792
31-May-17,May-17,23,EMP-19,Supervisor-3,63,27,565,6.9,9,35595
31-May-17,May-17,23,EMP-20,Supervisor-3,39,11,541,4.9,9,21099
01-Jun-17,Jun-17,23,EMP-1,Supervisor-1,57,12,488,5.9,9,27816
01-Jun-17,Jun-17,23,EMP-2,Supervisor-1,63,7,316,8.8,9,19908
01-Jun-17,Jun-17,23,EMP-3,Supervisor-1,38,17,373,5.9,9,14174
01-Jun-17,Jun-17,23,EMP-4,Supervisor-1,35,8,530,9,9,18550
01-Jun-17,Jun-17,23,EMP-5,Supervisor-1,52,22,538,7.8,9,27976
01-Jun-17,Jun-17,23,EMP-6,Supervisor-2,58,7,528,9,9,30624
01-Jun-17,Jun-17,23,EMP-7,Supervisor-2,41,9,446,9,9,18286
01-Jun-17,Jun-17,23,EMP-8,Supervisor-2,52,17,408,8.8,9,21216
01-Jun-17,Jun-17,23,EMP-9,Supervisor-2,65,12,358,9,9,23270
01-Jun-17,Jun-17,23,EMP-10,Supervisor-2,57,15,403,4.9,9,22971
01-Jun-17,Jun-17,23,EMP-11,Supervisor-2,59,17,540,5.9,9,31860
01-Jun-17,Jun-17,23,EMP-12,Supervisor-2,56,17,382,8.8,9,21392
01-Jun-17,Jun-17,23,EMP-13,Supervisor-2,42,12,420,6.9,9,17640
01-Jun-17,Jun-17,23,EMP-14,Supervisor-2,42,18,492,8.8,9,20664
01-Jun-17,Jun-17,23,EMP-15,Supervisor-3,49,11,434,6.9,9,21266
01-Jun-17,Jun-17,23,EMP-16,Supervisor-3,60,16,544,5.9,9,32640
01-Jun-17,Jun-17,23,EMP-17,Supervisor-3,60,6,436,6.9,9,26160
01-Jun-17,Jun-17,23,EMP-18,Supervisor-3,47,12,502,5.9,9,23594
01-Jun-17,Jun-17,23,EMP-19,Supervisor-3,39,10,406,5.9,9,15834
01-Jun-17,Jun-17,23,EMP-20,Supervisor-3,61,19,366,5.9,9,22326
02-Jun-17,Jun-17,23,EMP-1,Supervisor-1,48,13,445,6.9,9,21360
02-Jun-17,Jun-17,23,EMP-2,Supervisor-1,51,17,471,8.8,9,24021
02-Jun-17,Jun-17,23,EMP-3,Supervisor-1,63,25,347,5.9,9,21861
02-Jun-17,Jun-17,23,EMP-4,Supervisor-1,50,9,524,6.9,9,26200
02-Jun-17,Jun-17,23,EMP-5,Supervisor-1,63,27,323,5.9,9,20349
02-Jun-17,Jun-17,23,EMP-6,Supervisor-2,48,12,556,6.9,9,26688
02-Jun-17,Jun-17,23,EMP-7,Supervisor-2,62,6,383,9,9,23746
02-Jun-17,Jun-17,23,EMP-8,Supervisor-2,59,11,565,9,9,33335
02-Jun-17,Jun-17,23,EMP-9,Supervisor-2,41,21,503,5.9,9,20623
02-Jun-17,Jun-17,23,EMP-10,Supervisor-2,38,6,371,7.8,9,14098
02-Jun-17,Jun-17,23,EMP-11,Supervisor-2,47,22,532,5.9,9,25004
02-Jun-17,Jun-17,23,EMP-12,Supervisor-2,32,19,512,5.9,9,16384
02-Jun-17,Jun-17,23,EMP-13,Supervisor-2,44,24,564,8.8,9,24816
02-Jun-17,Jun-17,23,EMP-14,Supervisor-2,30,20,531,7.8,9,15930
02-Jun-17,Jun-17,23,EMP-15,Supervisor-3,62,13,551,5.9,9,34162
02-Jun-17,Jun-17,23,EMP-16,Supervisor-3,39,23,311,8.8,9,12129
02-Jun-17,Jun-17,23,EMP-17,Supervisor-3,67,23,577,8.8,9,38659
02-Jun-17,Jun-17,23,EMP-18,Supervisor-3,57,21,417,7.8,9,23769
02-Jun-17,Jun-17,23,EMP-19,Supervisor-3,38,25,339,7.8,9,12882
02-Jun-17,Jun-17,23,EMP-20,Supervisor-3,38,7,391,9,9,14858
03-Jun-17,Jun-17,23,EMP-1,Supervisor-1,70,5,526,4.9,9,36820
03-Jun-17,Jun-17,23,EMP-2,Supervisor-1,63,23,573,7.8,9,36099
03-Jun-17,Jun-17,23,EMP-3,Supervisor-1,48,9,501,7.8,9,24048
03-Jun-17,Jun-17,23,EMP-4,Supervisor-1,54,6,525,7.8,9,28350
03-Jun-17,Jun-17,23,EMP-5,Supervisor-1,46,22,519,8.8,9,23874
03-Jun-17,Jun-17,23,EMP-6,Supervisor-2,48,13,536,7.8,9,25728
03-Jun-17,Jun-17,23,EMP-7,Supervisor-2,52,7,551,4.9,9,28652
03-Jun-17,Jun-17,23,EMP-8,Supervisor-2,34,23,527,6.9,9,17918
03-Jun-17,Jun-17,23,EMP-9,Supervisor-2,34,26,389,4.9,9,13226
03-Jun-17,Jun-17,23,EMP-10,Supervisor-2,56,24,388,8.8,9,21728
03-Jun-17,Jun-17,23,EMP-11,Supervisor-2,70,15,531,7.8,9,37170
03-Jun-17,Jun-17,23,EMP-12,Supervisor-2,33,23,535,5.9,9,17655
03-Jun-17,Jun-17,23,EMP-13,Supervisor-2,69,21,499,5.9,9,34431
03-Jun-17,Jun-17,23,EMP-14,Supervisor-2,35,18,434,7.8,9,15190
03-Jun-17,Jun-17,23,EMP-15,Supervisor-3,65,11,331,8.8,9,21515
03-Jun-17,Jun-17,23,EMP-16,Supervisor-3,55,27,572,8.8,9,31460
03-Jun-17,Jun-17,23,EMP-17,Supervisor-3,34,16,492,8.8,9,16728
03-Jun-17,Jun-17,23,EMP-18,Supervisor-3,61,14,570,4.9,9,34770
03-Jun-17,Jun-17,23,EMP-19,Supervisor-3,33,6,561,5.9,9,18513
03-Jun-17,Jun-17,23,EMP-20,Supervisor-3,50,0,336,9,9,16800
04-Jun-17,Jun-17,23,EMP-1,Supervisor-1,45,25,570,9,9,25650
04-Jun-17,Jun-17,23,EMP-2,Supervisor-1,32,19,302,6.9,9,9664
04-Jun-17,Jun-17,23,EMP-3,Supervisor-1,66,8,505,9,9,33330
04-Jun-17,Jun-17,23,EMP-4,Supervisor-1,44,22,312,8.8,9,13728
04-Jun-17,Jun-17,23,EMP-5,Supervisor-1,60,6,518,9,9,31080
04-Jun-17,Jun-17,23,EMP-6,Supervisor-2,44,7,317,5.9,9,13948
04-Jun-17,Jun-17,23,EMP-7,Supervisor-2,33,26,561,9,9,18513
04-Jun-17,Jun-17,23,EMP-8,Supervisor-2,39,24,463,6.9,9,18057
04-Jun-17,Jun-17,23,EMP-9,Supervisor-2,69,16,445,7.8,9,30705
04-Jun-17,Jun-17,23,EMP-10,Supervisor-2,32,10,460,9,9,14720
04-Jun-17,Jun-17,23,EMP-11,Supervisor-2,46,27,551,5.9,9,25346
04-Jun-17,Jun-17,23,EMP-12,Supervisor-2,69,9,318,9,9,21942
04-Jun-17,Jun-17,23,EMP-13,Supervisor-2,54,27,458,6.9,9,24732
04-Jun-17,Jun-17,23,EMP-14,Supervisor-2,39,26,486,4.9,9,18954
04-Jun-17,Jun-17,23,EMP-15,Supervisor-3,62,5,479,5.9,9,29698
04-Jun-17,Jun-17,23,EMP-16,Supervisor-3,63,21,439,5.9,9,27657
04-Jun-17,Jun-17,23,EMP-17,Supervisor-3,40,5,398,9,9,15920
04-Jun-17,Jun-17,23,EMP-18,Supervisor-3,39,5,357,8.8,9,13923
04-Jun-17,Jun-17,23,EMP-19,Supervisor-3,45,22,587,6.9,9,26415
04-Jun-17,Jun-17,23,EMP-20,Supervisor-3,60,0,510,7.8,9,30600
05-Jun-17,Jun-17,24,EMP-1,Supervisor-1,38,23,502,7.8,9,19076
05-Jun-17,Jun-17,24,EMP-2,Supervisor-1,34,11,380,7.8,9,12920
05-Jun-17,Jun-17,24,EMP-3,Supervisor-1,56,7,500,4.9,9,28000
05-Jun-17,Jun-17,24,EMP-4,Supervisor-1,70,7,399,9,9,27930
05-Jun-17,Jun-17,24,EMP-5,Supervisor-1,56,0,302,7.8,9,16912
05-Jun-17,Jun-17,24,EMP-6,Supervisor-2,69,9,533,6.9,9,36777
05-Jun-17,Jun-17,24,EMP-7,Supervisor-2,37,24,360,7.8,9,13320
05-Jun-17,Jun-17,24,EMP-8,Supervisor-2,43,11,344,4.9,9,14792
05-Jun-17,Jun-17,24,EMP-9,Supervisor-2,63,19,454,4.9,9,28602
05-Jun-17,Jun-17,24,EMP-10,Supervisor-2,42,18,357,9,9,14994
05-Jun-17,Jun-17,24,EMP-11,Supervisor-2,59,21,502,9,9,29618
05-Jun-17,Jun-17,24,EMP-12,Supervisor-2,61,24,575,5.9,9,35075
05-Jun-17,Jun-17,24,EMP-13,Supervisor-2,69,17,498,7.8,9,34362
05-Jun-17,Jun-17,24,EMP-14,Supervisor-2,46,23,450,8.8,9,20700
05-Jun-17,Jun-17,24,EMP-15,Supervisor-3,46,23,525,7.8,9,24150
05-Jun-17,Jun-17,24,EMP-16,Supervisor-3,69,16,305,8.8,9,21045
05-Jun-17,Jun-17,24,EMP-17,Supervisor-3,58,21,565,6.9,9,32770
05-Jun-17,Jun-17,24,EMP-18,Supervisor-3,64,11,591,4.9,9,37824
05-Jun-17,Jun-17,24,EMP-19,Supervisor-3,48,12,524,6.9,9,25152
05-Jun-17,Jun-17,24,EMP-20,Supervisor-3,67,15,455,6.9,9,30485
06-Jun-17,Jun-17,24,EMP-1,Supervisor-1,45,18,594,8.8,9,26730
06-Jun-17,Jun-17,24,EMP-2,Supervisor-1,48,12,593,9,9,28464
06-Jun-17,Jun-17,24,EMP-3,Supervisor-1,57,11,591,4.9,9,33687
06-Jun-17,Jun-17,24,EMP-4,Supervisor-1,67,11,302,9,9,20234
06-Jun-17,Jun-17,24,EMP-5,Supervisor-1,62,8,450,9,9,27900
06-Jun-17,Jun-17,24,EMP-6,Supervisor-2,62,13,338,7.8,9,20956
06-Jun-17,Jun-17,24,EMP-7,Supervisor-2,57,10,403,6.9,9,22971
06-Jun-17,Jun-17,24,EMP-8,Supervisor-2,60,20,586,5.9,9,35160
06-Jun-17,Jun-17,24,EMP-9,Supervisor-2,46,9,528,8.8,9,24288
06-Jun-17,Jun-17,24,EMP-10,Supervisor-2,42,7,526,8.8,9,22092
06-Jun-17,Jun-17,24,EMP-11,Supervisor-2,70,17,574,8.8,9,40180
06-Jun-17,Jun-17,24,EMP-12,Supervisor-2,53,23,510,8.8,9,27030
06-Jun-17,Jun-17,24,EMP-13,Supervisor-2,59,6,350,6.9,9,20650
06-Jun-17,Jun-17,24,EMP-14,Supervisor-2,53,8,550,8.8,9,29150
06-Jun-17,Jun-17,24,EMP-15,Supervisor-3,55,23,500,8.8,9,27500
06-Jun-17,Jun-17,24,EMP-16,Supervisor-3,34,19,402,7.8,9,13668
06-Jun-17,Jun-17,24,EMP-17,Supervisor-3,63,6,368,4.9,9,23184
06-Jun-17,Jun-17,24,EMP-18,Supervisor-3,41,19,561,7.8,9,23001
06-Jun-17,Jun-17,24,EMP-19,Supervisor-3,52,27,359,4.9,9,18668
06-Jun-17,Jun-17,24,EMP-20,Supervisor-3,42,26,463,8.8,9,19446
07-Jun-17,Jun-17,24,EMP-1,Supervisor-1,44,19,334,8.8,9,14696
07-Jun-17,Jun-17,24,EMP-2,Supervisor-1,50,21,481,8.8,9,24050
07-Jun-17,Jun-17,24,EMP-3,Supervisor-1,69,14,581,8.8,9,40089
07-Jun-17,Jun-17,24,EMP-4,Supervisor-1,70,14,445,8.8,9,31150
07-Jun-17,Jun-17,24,EMP-5,Supervisor-1,67,19,576,8.8,9,38592
07-Jun-17,Jun-17,24,EMP-6,Supervisor-2,40,14,560,8.8,9,22400
07-Jun-17,Jun-17,24,EMP-7,Supervisor-2,68,23,333,5.9,9,22644
07-Jun-17,Jun-17,24,EMP-8,Supervisor-2,61,14,305,9,9,18605
07-Jun-17,Jun-17,24,EMP-9,Supervisor-2,64,27,426,8.8,9,27264
07-Jun-17,Jun-17,24,EMP-10,Supervisor-2,58,11,534,7.8,9,30972
07-Jun-17,Jun-17,24,EMP-11,Supervisor-2,70,11,310,6.9,9,21700
07-Jun-17,Jun-17,24,EMP-12,Supervisor-2,34,26,469,7.8,9,15946
07-Jun-17,Jun-17,24,EMP-13,Supervisor-2,47,25,557,8.8,9,26179
07-Jun-17,Jun-17,24,EMP-14,Supervisor-2,40,24,498,5.9,9,19920
07-Jun-17,Jun-17,24,EMP-15,Supervisor-3,67,0,353,9,9,23651
07-Jun-17,Jun-17,24,EMP-16,Supervisor-3,54,5,402,5.9,9,21708
07-Jun-17,Jun-17,24,EMP-17,Supervisor-3,40,23,428,6.9,9,17120
07-Jun-17,Jun-17,24,EMP-18,Supervisor-3,70,20,385,9,9,26950
07-Jun-17,Jun-17,24,EMP-19,Supervisor-3,54,21,304,7.8,9,16416
07-Jun-17,Jun-17,24,EMP-20,Supervisor-3,69,7,587,5.9,9,40503
08-Jun-17,Jun-17,24,EMP-1,Supervisor-1,63,17,425,8.8,9,26775
08-Jun-17,Jun-17,24,EMP-2,Supervisor-1,56,8,534,9,9,29904
08-Jun-17,Jun-17,24,EMP-3,Supervisor-1,57,9,452,7.8,9,25764
08-Jun-17,Jun-17,24,EMP-4,Supervisor-1,51,6,370,7.8,9,18870
08-Jun-17,Jun-17,24,EMP-5,Supervisor-1,57,7,344,5.9,9,19608
08-Jun-17,Jun-17,24,EMP-6,Supervisor-2,61,12,597,4.9,9,36417
08-Jun-17,Jun-17,24,EMP-7,Supervisor-2,44,16,545,9,9,23980
08-Jun-17,Jun-17,24,EMP-8,Supervisor-2,57,11,485,5.9,9,27645
08-Jun-17,Jun-17,24,EMP-9,Supervisor-2,67,18,329,5.9,9,22043
08-Jun-17,Jun-17,24,EMP-10,Supervisor-2,38,15,323,8.8,9,12274
08-Jun-17,Jun-17,24,EMP-11,Supervisor-2,61,6,414,7.8,9,25254
08-Jun-17,Jun-17,24,EMP-12,Supervisor-2,32,20,307,8.8,9,9824
08-Jun-17,Jun-17,24,EMP-13,Supervisor-2,32,15,343,6.9,9,10976
08-Jun-17,Jun-17,24,EMP-14,Supervisor-2,68,9,338,6.9,9,22984
08-Jun-17,Jun-17,24,EMP-15,Supervisor-3,69,14,594,7.8,9,40986
08-Jun-17,Jun-17,24,EMP-16,Supervisor-3,63,6,393,5.9,9,24759
08-Jun-17,Jun-17,24,EMP-17,Supervisor-3,54,11,577,5.9,9,31158
08-Jun-17,Jun-17,24,EMP-18,Supervisor-3,37,14,416,9,9,15392
08-Jun-17,Jun-17,24,EMP-19,Supervisor-3,49,0,588,6.9,9,28812
08-Jun-17,Jun-17,24,EMP-20,Supervisor-3,62,14,582,7.8,9,36084
09-Jun-17,Jun-17,24,EMP-1,Supervisor-1,48,23,395,8.8,9,18960
09-Jun-17,Jun-17,24,EMP-2,Supervisor-1,65,17,556,6.9,9,36140
09-Jun-17,Jun-17,24,EMP-3,Supervisor-1,40,26,389,7.8,9,15560
09-Jun-17,Jun-17,24,EMP-4,Supervisor-1,54,21,349,6.9,9,18846
09-Jun-17,Jun-17,24,EMP-5,Supervisor-1,57,5,588,7.8,9,33516
09-Jun-17,Jun-17,24,EMP-6,Supervisor-2,50,14,457,6.9,9,22850
09-Jun-17,Jun-17,24,EMP-7,Supervisor-2,46,6,359,5.9,9,16514
09-Jun-17,Jun-17,24,EMP-8,Supervisor-2,31,19,551,6.9,9,17081
09-Jun-17,Jun-17,24,EMP-9,Supervisor-2,41,21,342,8.8,9,14022
09-Jun-17,Jun-17,24,EMP-10,Supervisor-2,42,22,340,4.9,9,14280
09-Jun-17,Jun-17,24,EMP-11,Supervisor-2,51,17,401,7.8,9,20451
09-Jun-17,Jun-17,24,EMP-12,Supervisor-2,33,11,396,5.9,9,13068
09-Jun-17,Jun-17,24,EMP-13,Supervisor-2,69,16,468,5.9,9,32292
09-Jun-17,Jun-17,24,EMP-14,Supervisor-2,53,22,301,9,9,15953
09-Jun-17,Jun-17,24,EMP-15,Supervisor-3,44,5,386,5.9,9,16984
09-Jun-17,Jun-17,24,EMP-16,Supervisor-3,30,22,588,5.9,9,17640
09-Jun-17,Jun-17,24,EMP-17,Supervisor-3,63,22,409,4.9,9,25767
09-Jun-17,Jun-17,24,EMP-18,Supervisor-3,53,15,307,8.8,9,16271
09-Jun-17,Jun-17,24,EMP-19,Supervisor-3,51,13,537,6.9,9,27387
09-Jun-17,Jun-17,24,EMP-20,Supervisor-3,50,20,567,8.8,9,28350
10-Jun-17,Jun-17,24,EMP-1,Supervisor-1,57,14,351,6.9,9,20007
10-Jun-17,Jun-17,24,EMP-2,Supervisor-1,69,27,446,9,9,30774
10-Jun-17,Jun-17,24,EMP-3,Supervisor-1,47,0,502,4.9,9,23594
10-Jun-17,Jun-17,24,EMP-4,Supervisor-1,69,27,458,9,9,31602
10-Jun-17,Jun-17,24,EMP-5,Supervisor-1,32,26,525,7.8,9,16800
10-Jun-17,Jun-17,24,EMP-6,Supervisor-2,44,0,315,7.8,9,13860
10-Jun-17,Jun-17,24,EMP-7,Supervisor-2,30,19,503,4.9,9,15090
10-Jun-17,Jun-17,24,EMP-8,Supervisor-2,60,9,572,5.9,9,34320
10-Jun-17,Jun-17,24,EMP-9,Supervisor-2,50,7,340,7.8,9,17000
10-Jun-17,Jun-17,24,EMP-10,Supervisor-2,63,20,575,5.9,9,36225
10-Jun-17,Jun-17,24,EMP-11,Supervisor-2,61,15,454,8.8,9,27694
10-Jun-17,Jun-17,24,EMP-12,Supervisor-2,66,14,350,8.8,9,23100
10-Jun-17,Jun-17,24,EMP-13,Supervisor-2,51,10,492,9,9,25092
10-Jun-17,Jun-17,24,EMP-14,Supervisor-2,43,18,488,9,9,20984
10-Jun-17,Jun-17,24,EMP-15,Supervisor-3,66,19,443,5.9,9,29238
10-Jun-17,Jun-17,24,EMP-16,Supervisor-3,39,25,517,9,9,20163
10-Jun-17,Jun-17,24,EMP-17,Supervisor-3,51,23,324,5.9,9,16524
10-Jun-17,Jun-17,24,EMP-18,Supervisor-3,46,23,420,5.9,9,19320
10-Jun-17,Jun-17,24,EMP-19,Supervisor-3,43,27,544,4.9,9,23392
10-Jun-17,Jun-17,24,EMP-20,Supervisor-3,56,22,449,9,9,25144
11-Jun-17,Jun-17,24,EMP-1,Supervisor-1,41,0,485,6.9,9,19885
11-Jun-17,Jun-17,24,EMP-2,Supervisor-1,68,13,495,9,9,33660
11-Jun-17,Jun-17,24,EMP-3,Supervisor-1,41,25,339,4.9,9,13899
11-Jun-17,Jun-17,24,EMP-4,Supervisor-1,49,21,481,7.8,9,23569
11-Jun-17,Jun-17,24,EMP-5,Supervisor-1,32,22,364,7.8,9,11648
11-Jun-17,Jun-17,24,EMP-6,Supervisor-2,61,14,405,7.8,9,24705
11-Jun-17,Jun-17,24,EMP-7,Supervisor-2,31,14,520,6.9,9,16120
11-Jun-17,Jun-17,24,EMP-8,Supervisor-2,35,17,313,5.9,9,10955
11-Jun-17,Jun-17,24,EMP-9,Supervisor-2,69,19,333,5.9,9,22977
11-Jun-17,Jun-17,24,EMP-10,Supervisor-2,53,21,557,6.9,9,29521
11-Jun-17,Jun-17,24,EMP-11,Supervisor-2,63,8,552,8.8,9,34776
11-Jun-17,Jun-17,24,EMP-12,Supervisor-2,33,15,549,9,9,18117
11-Jun-17,Jun-17,24,EMP-13,Supervisor-2,32,26,512,4.9,9,16384
11-Jun-17,Jun-17,24,EMP-14,Supervisor-2,51,10,393,5.9,9,20043
11-Jun-17,Jun-17,24,EMP-15,Supervisor-3,32,17,489,4.9,9,15648
11-Jun-17,Jun-17,24,EMP-16,Supervisor-3,40,26,344,4.9,9,13760
11-Jun-17,Jun-17,24,EMP-17,Supervisor-3,51,12,443,6.9,9,22593
11-Jun-17,Jun-17,24,EMP-18,Supervisor-3,36,9,302,9,9,10872
11-Jun-17,Jun-17,24,EMP-19,Supervisor-3,67,26,407,8.8,9,27269
11-Jun-17,Jun-17,24,EMP-20,Supervisor-3,51,8,552,5.9,9,28152
12-Jun-17,Jun-17,25,EMP-1,Supervisor-1,57,18,439,7.8,9,25023
12-Jun-17,Jun-17,25,EMP-2,Supervisor-1,63,24,485,8.8,9,30555
12-Jun-17,Jun-17,25,EMP-3,Supervisor-1,51,23,483,5.9,9,24633
12-Jun-17,Jun-17,25,EMP-4,Supervisor-1,54,20,563,8.8,9,30402
12-Jun-17,Jun-17,25,EMP-5,Supervisor-1,45,0,500,5.9,9,22500
12-Jun-17,Jun-17,25,EMP-6,Supervisor-2,55,21,323,4.9,9,17765
12-Jun-17,Jun-17,25,EMP-7,Supervisor-2,45,27,509,7.8,9,22905
12-Jun-17,Jun-17,25,EMP-8,Supervisor-2,67,17,526,8.8,9,35242
12-Jun-17,Jun-17,25,EMP-9,Supervisor-2,66,25,572,9,9,37752
12-Jun-17,Jun-17,25,EMP-10,Supervisor-2,52,22,563,9,9,29276
12-Jun-17,Jun-17,25,EMP-11,Supervisor-2,63,9,541,8.8,9,34083
12-Jun-17,Jun-17,25,EMP-12,Supervisor-2,32,22,437,9,9,13984
12-Jun-17,Jun-17,25,EMP-13,Supervisor-2,68,16,468,9,9,31824
12-Jun-17,Jun-17,25,EMP-14,Supervisor-2,51,6,566,6.9,9,28866
12-Jun-17,Jun-17,25,EMP-15,Supervisor-3,40,6,408,8.8,9,16320
12-Jun-17,Jun-17,25,EMP-16,Supervisor-3,31,14,577,5.9,9,17887
12-Jun-17,Jun-17,25,EMP-17,Supervisor-3,59,19,353,4.9,9,20827
12-Jun-17,Jun-17,25,EMP-18,Supervisor-3,58,14,468,5.9,9,27144
12-Jun-17,Jun-17,25,EMP-19,Supervisor-3,53,0,497,6.9,9,26341
12-Jun-17,Jun-17,25,EMP-20,Supervisor-3,58,19,420,9,9,24360
13-Jun-17,Jun-17,25,EMP-1,Supervisor-1,61,14,492,7.8,9,30012
13-Jun-17,Jun-17,25,EMP-2,Supervisor-1,58,24,437,8.8,9,25346
13-Jun-17,Jun-17,25,EMP-3,Supervisor-1,36,10,307,6.9,9,11052
13-Jun-17,Jun-17,25,EMP-4,Supervisor-1,66,0,577,4.9,9,38082
13-Jun-17,Jun-17,25,EMP-5,Supervisor-1,63,5,556,5.9,9,35028
13-Jun-17,Jun-17,25,EMP-6,Supervisor-2,68,5,387,5.9,9,26316
13-Jun-17,Jun-17,25,EMP-7,Supervisor-2,63,15,323,6.9,9,20349
13-Jun-17,Jun-17,25,EMP-8,Supervisor-2,53,0,403,5.9,9,21359
13-Jun-17,Jun-17,25,EMP-9,Supervisor-2,66,7,311,5.9,9,20526
13-Jun-17,Jun-17,25,EMP-10,Supervisor-2,41,14,396,5.9,9,16236
13-Jun-17,Jun-17,25,EMP-11,Supervisor-2,32,15,330,5.9,9,10560
13-Jun-17,Jun-17,25,EMP-12,Supervisor-2,45,24,568,7.8,9,25560
13-Jun-17,Jun-17,25,EMP-13,Supervisor-2,61,18,421,9,9,25681
13-Jun-17,Jun-17,25,EMP-14,Supervisor-2,39,26,448,9,9,17472
13-Jun-17,Jun-17,25,EMP-15,Supervisor-3,31,18,559,5.9,9,17329
13-Jun-17,Jun-17,25,EMP-16,Supervisor-3,64,6,531,4.9,9,33984
13-Jun-17,Jun-17,25,EMP-17,Supervisor-3,52,0,568,8.8,9,29536
13-Jun-17,Jun-17,25,EMP-18,Supervisor-3,45,17,594,5.9,9,26730
13-Jun-17,Jun-17,25,EMP-19,Supervisor-3,64,13,526,4.9,9,33664
13-Jun-17,Jun-17,25,EMP-20,Supervisor-3,60,22,323,8.8,9,19380
14-Jun-17,Jun-17,25,EMP-1,Supervisor-1,70,7,542,5.9,9,37940
14-Jun-17,Jun-17,25,EMP-2,Supervisor-1,51,19,488,7.8,9,24888
14-Jun-17,Jun-17,25,EMP-3,Supervisor-1,35,11,495,7.8,9,17325
14-Jun-17,Jun-17,25,EMP-4,Supervisor-1,57,22,396,4.9,9,22572
14-Jun-17,Jun-17,25,EMP-5,Supervisor-1,59,11,351,7.8,9,20709
14-Jun-17,Jun-17,25,EMP-6,Supervisor-2,30,14,337,8.8,9,10110
14-Jun-17,Jun-17,25,EMP-7,Supervisor-2,53,16,391,6.9,9,20723
14-Jun-17,Jun-17,25,EMP-8,Supervisor-2,45,23,558,8.8,9,25110
14-Jun-17,Jun-17,25,EMP-9,Supervisor-2,42,20,427,6.9,9,17934
14-Jun-17,Jun-17,25,EMP-10,Supervisor-2,62,27,563,9,9,34906
14-Jun-17,Jun-17,25,EMP-11,Supervisor-2,42,23,531,6.9,9,22302
14-Jun-17,Jun-17,25,EMP-12,Supervisor-2,70,14,452,7.8,9,31640
14-Jun-17,Jun-17,25,EMP-13,Supervisor-2,30,5,553,7.8,9,16590
14-Jun-17,Jun-17,25,EMP-14,Supervisor-2,48,8,326,4.9,9,15648
14-Jun-17,Jun-17,25,EMP-15,Supervisor-3,58,11,357,6.9,9,20706
14-Jun-17,Jun-17,25,EMP-16,Supervisor-3,50,16,319,8.8,9,15950
14-Jun-17,Jun-17,25,EMP-17,Supervisor-3,35,16,595,8.8,9,20825
14-Jun-17,Jun-17,25,EMP-18,Supervisor-3,48,26,445,9,9,21360
14-Jun-17,Jun-17,25,EMP-19,Supervisor-3,30,6,419,9,9,12570
14-Jun-17,Jun-17,25,EMP-20,Supervisor-3,46,23,437,7.8,9,20102
15-Jun-17,Jun-17,25,EMP-1,Supervisor-1,59,5,599,7.8,9,35341
15-Jun-17,Jun-17,25,EMP-2,Supervisor-1,68,19,413,7.8,9,28084
15-Jun-17,Jun-17,25,EMP-3,Supervisor-1,38,27,312,4.9,9,11856
15-Jun-17,Jun-17,25,EMP-4,Supervisor-1,42,17,355,7.8,9,14910
15-Jun-17,Jun-17,25,EMP-5,Supervisor-1,58,26,375,6.9,9,21750
15-Jun-17,Jun-17,25,EMP-6,Supervisor-2,30,25,470,6.9,9,14100
15-Jun-17,Jun-17,25,EMP-7,Supervisor-2,54,13,346,7.8,9,18684
15-Jun-17,Jun-17,25,EMP-8,Supervisor-2,32,26,537,9,9,17184
15-Jun-17,Jun-17,25,EMP-9,Supervisor-2,45,22,392,6.9,9,17640
15-Jun-17,Jun-17,25,EMP-10,Supervisor-2,31,14,440,5.9,9,13640
15-Jun-17,Jun-17,25,EMP-11,Supervisor-2,39,14,405,4.9,9,15795
15-Jun-17,Jun-17,25,EMP-12,Supervisor-2,44,16,590,5.9,9,25960
15-Jun-17,Jun-17,25,EMP-13,Supervisor-2,44,25,543,5.9,9,23892
15-Jun-17,Jun-17,25,EMP-14,Supervisor-2,43,12,518,7.8,9,22274
15-Jun-17,Jun-17,25,EMP-15,Supervisor-3,34,17,443,4.9,9,15062
15-Jun-17,Jun-17,25,EMP-16,Supervisor-3,62,9,406,4.9,9,25172
15-Jun-17,Jun-17,25,EMP-17,Supervisor-3,60,12,576,7.8,9,34560
15-Jun-17,Jun-17,25,EMP-18,Supervisor-3,52,0,573,5.9,9,29796
15-Jun-17,Jun-17,25,EMP-19,Supervisor-3,57,16,535,4.9,9,30495
15-Jun-17,Jun-17,25,EMP-20,Supervisor-3,59,15,431,6.9,9,25429
16-Jun-17,Jun-17,25,EMP-1,Supervisor-1,35,18,450,5.9,9,15750
16-Jun-17,Jun-17,25,EMP-2,Supervisor-1,32,0,491,9,9,15712
16-Jun-17,Jun-17,25,EMP-3,Supervisor-1,57,14,304,8.8,9,17328
16-Jun-17,Jun-17,25,EMP-4,Supervisor-1,32,23,466,6.9,9,14912
16-Jun-17,Jun-17,25,EMP-5,Supervisor-1,39,5,326,7.8,9,12714
16-Jun-17,Jun-17,25,EMP-6,Supervisor-2,45,8,304,6.9,9,13680
16-Jun-17,Jun-17,25,EMP-7,Supervisor-2,50,10,509,5.9,9,25450
16-Jun-17,Jun-17,25,EMP-8,Supervisor-2,46,25,482,8.8,9,22172
16-Jun-17,Jun-17,25,EMP-9,Supervisor-2,69,14,415,7.8,9,28635
16-Jun-17,Jun-17,25,EMP-10,Supervisor-2,51,0,485,8.8,9,24735
16-Jun-17,Jun-17,25,EMP-11,Supervisor-2,37,0,314,9,9,11618
16-Jun-17,Jun-17,25,EMP-12,Supervisor-2,31,25,529,4.9,9,16399
16-Jun-17,Jun-17,25,EMP-13,Supervisor-2,53,16,425,4.9,9,22525
16-Jun-17,Jun-17,25,EMP-14,Supervisor-2,33,7,519,4.9,9,17127
16-Jun-17,Jun-17,25,EMP-15,Supervisor-3,33,10,435,7.8,9,14355
16-Jun-17,Jun-17,25,EMP-16,Supervisor-3,52,5,441,8.8,9,22932
16-Jun-17,Jun-17,25,EMP-17,Supervisor-3,59,21,415,7.8,9,24485
16-Jun-17,Jun-17,25,EMP-18,Supervisor-3,55,26,423,5.9,9,23265
16-Jun-17,Jun-17,25,EMP-19,Supervisor-3,51,7,412,6.9,9,21012
16-Jun-17,Jun-17,25,EMP-20,Supervisor-3,41,10,396,4.9,9,16236
17-Jun-17,Jun-17,25,EMP-1,Supervisor-1,57,9,400,6.9,9,22800
17-Jun-17,Jun-17,25,EMP-2,Supervisor-1,47,25,535,9,9,25145
17-Jun-17,Jun-17,25,EMP-3,Supervisor-1,37,22,534,8.8,9,19758
17-Jun-17,Jun-17,25,EMP-4,Supervisor-1,70,21,391,4.9,9,27370
17-Jun-17,Jun-17,25,EMP-5,Supervisor-1,37,17,551,5.9,9,20387
17-Jun-17,Jun-17,25,EMP-6,Supervisor-2,70,23,352,9,9,24640
17-Jun-17,Jun-17,25,EMP-7,Supervisor-2,49,18,424,4.9,9,20776
17-Jun-17,Jun-17,25,EMP-8,Supervisor-2,34,16,478,6.9,9,16252
17-Jun-17,Jun-17,25,EMP-9,Supervisor-2,57,0,378,5.9,9,21546
17-Jun-17,Jun-17,25,EMP-10,Supervisor-2,49,6,451,5.9,9,22099
17-Jun-17,Jun-17,25,EMP-11,Supervisor-2,30,20,486,6.9,9,14580
17-Jun-17,Jun-17,25,EMP-12,Supervisor-2,39,21,301,8.8,9,11739
17-Jun-17,Jun-17,25,EMP-13,Supervisor-2,39,22,547,6.9,9,21333
17-Jun-17,Jun-17,25,EMP-14,Supervisor-2,69,17,303,4.9,9,20907
17-Jun-17,Jun-17,25,EMP-15,Supervisor-3,57,0,342,5.9,9,19494
17-Jun-17,Jun-17,25,EMP-16,Supervisor-3,36,10,430,4.9,9,15480
17-Jun-17,Jun-17,25,EMP-17,Supervisor-3,65,21,578,8.8,9,37570
17-Jun-17,Jun-17,25,EMP-18,Supervisor-3,64,9,495,5.9,9,31680
17-Jun-17,Jun-17,25,EMP-19,Supervisor-3,61,8,311,6.9,9,18971
17-Jun-17,Jun-17,25,EMP-20,Supervisor-3,38,16,370,8.8,9,14060
18-Jun-17,Jun-17,25,EMP-1,Supervisor-1,57,19,402,7.8,9,22914
18-Jun-17,Jun-17,25,EMP-2,Supervisor-1,47,19,529,8.8,9,24863
18-Jun-17,Jun-17,25,EMP-3,Supervisor-1,55,8,463,9,9,25465
18-Jun-17,Jun-17,25,EMP-4,Supervisor-1,32,24,520,4.9,9,16640
18-Jun-17,Jun-17,25,EMP-5,Supervisor-1,59,6,543,9,9,32037
18-Jun-17,Jun-17,25,EMP-6,Supervisor-2,45,16,536,6.9,9,24120
18-Jun-17,Jun-17,25,EMP-7,Supervisor-2,64,22,545,5.9,9,34880
18-Jun-17,Jun-17,25,EMP-8,Supervisor-2,69,17,376,4.9,9,25944
18-Jun-17,Jun-17,25,EMP-9,Supervisor-2,54,13,432,4.9,9,23328
18-Jun-17,Jun-17,25,EMP-10,Supervisor-2,41,18,435,9,9,17835
18-Jun-17,Jun-17,25,EMP-11,Supervisor-2,38,6,581,9,9,22078
18-Jun-17,Jun-17,25,EMP-12,Supervisor-2,66,24,428,5.9,9,28248
18-Jun-17,Jun-17,25,EMP-13,Supervisor-2,55,7,536,5.9,9,29480
18-Jun-17,Jun-17,25,EMP-14,Supervisor-2,50,0,550,5.9,9,27500
18-Jun-17,Jun-17,25,EMP-15,Supervisor-3,38,12,483,4.9,9,18354
18-Jun-17,Jun-17,25,EMP-16,Supervisor-3,64,18,319,6.9,9,20416
18-Jun-17,Jun-17,25,EMP-17,Supervisor-3,65,16,388,7.8,9,25220
18-Jun-17,Jun-17,25,EMP-18,Supervisor-3,34,26,442,9,9,15028
18-Jun-17,Jun-17,25,EMP-19,Supervisor-3,51,13,591,6.9,9,30141
18-Jun-17,Jun-17,25,EMP-20,Supervisor-3,31,25,387,9,9,11997
19-Jun-17,Jun-17,26,EMP-1,Supervisor-1,32,20,530,5.9,9,16960
19-Jun-17,Jun-17,26,EMP-2,Supervisor-1,62,22,561,4.9,9,34782
19-Jun-17,Jun-17,26,EMP-3,Supervisor-1,32,24,305,8.8,9,9760
19-Jun-17,Jun-17,26,EMP-4,Supervisor-1,63,25,367,8.8,9,23121
19-Jun-17,Jun-17,26,EMP-5,Supervisor-1,55,12,310,4.9,9,17050
19-Jun-17,Jun-17,26,EMP-6,Supervisor-2,46,19,397,5.9,9,18262
19-Jun-17,Jun-17,26,EMP-7,Supervisor-2,37,25,484,9,9,17908
19-Jun-17,Jun-17,26,EMP-8,Supervisor-2,53,6,591,5.9,9,31323
19-Jun-17,Jun-17,26,EMP-9,Supervisor-2,31,26,311,5.9,9,9641
19-Jun-17,Jun-17,26,EMP-10,Supervisor-2,36,16,480,4.9,9,17280
19-Jun-17,Jun-17,26,EMP-11,Supervisor-2,45,12,575,5.9,9,25875
19-Jun-17,Jun-17,26,EMP-12,Supervisor-2,42,18,364,7.8,9,15288
19-Jun-17,Jun-17,26,EMP-13,Supervisor-2,52,19,592,9,9,30784
19-Jun-17,Jun-17,26,EMP-14,Supervisor-2,36,21,513,4.9,9,18468
19-Jun-17,Jun-17,26,EMP-15,Supervisor-3,59,8,507,9,9,29913
19-Jun-17,Jun-17,26,EMP-16,Supervisor-3,57,20,386,6.9,9,22002
19-Jun-17,Jun-17,26,EMP-17,Supervisor-3,48,27,414,4.9,9,19872
19-Jun-17,Jun-17,26,EMP-18,Supervisor-3,63,6,572,9,9,36036
19-Jun-17,Jun-17,26,EMP-19,Supervisor-3,63,22,338,5.9,9,21294
19-Jun-17,Jun-17,26,EMP-20,Supervisor-3,67,12,562,5.9,9,37654
20-Jun-17,Jun-17,26,EMP-1,Supervisor-1,37,9,312,9,9,11544
20-Jun-17,Jun-17,26,EMP-2,Supervisor-1,69,15,350,9,9,24150
20-Jun-17,Jun-17,26,EMP-3,Supervisor-1,37,21,454,9,9,16798
20-Jun-17,Jun-17,26,EMP-4,Supervisor-1,63,16,362,7.8,9,22806
20-Jun-17,Jun-17,26,EMP-5,Supervisor-1,49,26,419,6.9,9,20531
20-Jun-17,Jun-17,26,EMP-6,Supervisor-2,46,11,568,4.9,9,26128
20-Jun-17,Jun-17,26,EMP-7,Supervisor-2,34,0,409,9,9,13906
20-Jun-17,Jun-17,26,EMP-8,Supervisor-2,32,25,566,4.9,9,18112
20-Jun-17,Jun-17,26,EMP-9,Supervisor-2,31,27,443,7.8,9,13733
20-Jun-17,Jun-17,26,EMP-10,Supervisor-2,34,9,548,9,9,18632
20-Jun-17,Jun-17,26,EMP-11,Supervisor-2,46,14,598,4.9,9,27508
20-Jun-17,Jun-17,26,EMP-12,Supervisor-2,42,19,344,9,9,14448
20-Jun-17,Jun-17,26,EMP-13,Supervisor-2,36,12,575,7.8,9,20700
20-Jun-17,Jun-17,26,EMP-14,Supervisor-2,33,12,439,5.9,9,14487
20-Jun-17,Jun-17,26,EMP-15,Supervisor-3,53,22,386,4.9,9,20458
20-Jun-17,Jun-17,26,EMP-16,Supervisor-3,33,6,402,9,9,13266
20-Jun-17,Jun-17,26,EMP-17,Supervisor-3,48,11,361,8.8,9,17328
20-Jun-17,Jun-17,26,EMP-18,Supervisor-3,49,0,418,8.8,9,20482
20-Jun-17,Jun-17,26,EMP-19,Supervisor-3,46,12,518,8.8,9,23828
20-Jun-17,Jun-17,26,EMP-20,Supervisor-3,64,18,475,9,9,30400
21-Jun-17,Jun-17,26,EMP-1,Supervisor-1,58,20,480,9,9,27840
21-Jun-17,Jun-17,26,EMP-2,Supervisor-1,38,13,310,6.9,9,11780
21-Jun-17,Jun-17,26,EMP-3,Supervisor-1,35,22,575,6.9,9,20125
21-Jun-17,Jun-17,26,EMP-4,Supervisor-1,50,9,476,6.9,9,23800
21-Jun-17,Jun-17,26,EMP-5,Supervisor-1,50,8,554,4.9,9,27700
21-Jun-17,Jun-17,26,EMP-6,Supervisor-2,51,5,406,8.8,9,20706
21-Jun-17,Jun-17,26,EMP-7,Supervisor-2,43,10,451,7.8,9,19393
21-Jun-17,Jun-17,26,EMP-8,Supervisor-2,40,19,309,5.9,9,12360
21-Jun-17,Jun-17,26,EMP-9,Supervisor-2,35,21,591,6.9,9,20685
21-Jun-17,Jun-17,26,EMP-10,Supervisor-2,57,16,517,9,9,29469
21-Jun-17,Jun-17,26,EMP-11,Supervisor-2,44,20,520,4.9,9,22880
21-Jun-17,Jun-17,26,EMP-12,Supervisor-2,44,19,495,8.8,9,21780
21-Jun-17,Jun-17,26,EMP-13,Supervisor-2,68,23,492,8.8,9,33456
21-Jun-17,Jun-17,26,EMP-14,Supervisor-2,51,26,447,4.9,9,22797
21-Jun-17,Jun-17,26,EMP-15,Supervisor-3,45,13,317,9,9,14265
21-Jun-17,Jun-17,26,EMP-16,Supervisor-3,32,10,356,9,9,11392
21-Jun-17,Jun-17,26,EMP-17,Supervisor-3,64,11,391,4.9,9,25024
21-Jun-17,Jun-17,26,EMP-18,Supervisor-3,60,10,310,6.9,9,18600
21-Jun-17,Jun-17,26,EMP-19,Supervisor-3,47,17,366,9,9,17202
21-Jun-17,Jun-17,26,EMP-20,Supervisor-3,31,22,441,4.9,9,13671
22-Jun-17,Jun-17,26,EMP-1,Supervisor-1,56,26,381,4.9,9,21336
22-Jun-17,Jun-17,26,EMP-2,Supervisor-1,69,27,377,4.9,9,26013
22-Jun-17,Jun-17,26,EMP-3,Supervisor-1,48,20,507,8.8,9,24336
22-Jun-17,Jun-17,26,EMP-4,Supervisor-1,50,22,344,4.9,9,17200
22-Jun-17,Jun-17,26,EMP-5,Supervisor-1,54,0,349,4.9,9,18846
22-Jun-17,Jun-17,26,EMP-6,Supervisor-2,53,10,439,9,9,23267
22-Jun-17,Jun-17,26,EMP-7,Supervisor-2,65,25,600,6.9,9,39000
22-Jun-17,Jun-17,26,EMP-8,Supervisor-2,47,12,558,7.8,9,26226
22-Jun-17,Jun-17,26,EMP-9,Supervisor-2,42,13,594,9,9,24948
22-Jun-17,Jun-17,26,EMP-10,Supervisor-2,62,21,439,5.9,9,27218
22-Jun-17,Jun-17,26,EMP-11,Supervisor-2,66,23,408,8.8,9,26928
22-Jun-17,Jun-17,26,EMP-12,Supervisor-2,55,9,563,5.9,9,30965
22-Jun-17,Jun-17,26,EMP-13,Supervisor-2,65,26,466,5.9,9,30290
22-Jun-17,Jun-17,26,EMP-14,Supervisor-2,56,5,325,4.9,9,18200
22-Jun-17,Jun-17,26,EMP-15,Supervisor-3,48,23,374,8.8,9,17952
22-Jun-17,Jun-17,26,EMP-16,Supervisor-3,49,15,555,9,9,27195
22-Jun-17,Jun-17,26,EMP-17,Supervisor-3,43,12,383,5.9,9,16469
22-Jun-17,Jun-17,26,EMP-18,Supervisor-3,47,19,365,6.9,9,17155
22-Jun-17,Jun-17,26,EMP-19,Supervisor-3,61,25,507,8.8,9,30927
22-Jun-17,Jun-17,26,EMP-20,Supervisor-3,64,25,319,4.9,9,20416
23-Jun-17,Jun-17,26,EMP-1,Supervisor-1,35,16,409,4.9,9,14315
23-Jun-17,Jun-17,26,EMP-2,Supervisor-1,50,7,505,5.9,9,25250
23-Jun-17,Jun-17,26,EMP-3,Supervisor-1,66,5,512,7.8,9,33792
23-Jun-17,Jun-17,26,EMP-4,Supervisor-1,49,19,464,8.8,9,22736
23-Jun-17,Jun-17,26,EMP-5,Supervisor-1,42,20,386,4.9,9,16212
23-Jun-17,Jun-17,26,EMP-6,Supervisor-2,63,12,469,5.9,9,29547
23-Jun-17,Jun-17,26,EMP-7,Supervisor-2,67,24,309,6.9,9,20703
23-Jun-17,Jun-17,26,EMP-8,Supervisor-2,44,24,449,8.8,9,19756
23-Jun-17,Jun-17,26,EMP-9,Supervisor-2,51,20,484,7.8,9,24684
23-Jun-17,Jun-17,26,EMP-10,Supervisor-2,43,16,498,4.9,9,21414
23-Jun-17,Jun-17,26,EMP-11,Supervisor-2,44,17,337,4.9,9,14828
23-Jun-17,Jun-17,26,EMP-12,Supervisor-2,49,8,314,7.8,9,15386
23-Jun-17,Jun-17,26,EMP-13,Supervisor-2,45,20,421,8.8,9,18945
23-Jun-17,Jun-17,26,EMP-14,Supervisor-2,55,20,578,8.8,9,31790
23-Jun-17,Jun-17,26,EMP-15,Supervisor-3,30,20,334,8.8,9,10020
23-Jun-17,Jun-17,26,EMP-16,Supervisor-3,52,14,583,7.8,9,30316
23-Jun-17,Jun-17,26,EMP-17,Supervisor-3,49,22,325,4.9,9,15925
23-Jun-17,Jun-17,26,EMP-18,Supervisor-3,66,10,311,5.9,9,20526
23-Jun-17,Jun-17,26,EMP-19,Supervisor-3,52,11,502,7.8,9,26104
23-Jun-17,Jun-17,26,EMP-20,Supervisor-3,42,11,313,9,9,13146
24-Jun-17,Jun-17,26,EMP-1,Supervisor-1,41,16,586,8.8,9,24026
24-Jun-17,Jun-17,26,EMP-2,Supervisor-1,47,27,379,9,9,17813
24-Jun-17,Jun-17,26,EMP-3,Supervisor-1,49,18,423,8.8,9,20727
24-Jun-17,Jun-17,26,EMP-4,Supervisor-1,68,5,449,9,9,30532
24-Jun-17,Jun-17,26,EMP-5,Supervisor-1,32,25,484,7.8,9,15488
24-Jun-17,Jun-17,26,EMP-6,Supervisor-2,57,20,360,6.9,9,20520
24-Jun-17,Jun-17,26,EMP-7,Supervisor-2,61,14,567,4.9,9,34587
24-Jun-17,Jun-17,26,EMP-8,Supervisor-2,36,9,308,7.8,9,11088
24-Jun-17,Jun-17,26,EMP-9,Supervisor-2,48,19,356,6.9,9,17088
24-Jun-17,Jun-17,26,EMP-10,Supervisor-2,45,7,389,8.8,9,17505
24-Jun-17,Jun-17,26,EMP-11,Supervisor-2,45,0,540,7.8,9,24300
24-Jun-17,Jun-17,26,EMP-12,Supervisor-2,47,25,382,5.9,9,17954
24-Jun-17,Jun-17,26,EMP-13,Supervisor-2,41,13,512,7.8,9,20992
24-Jun-17,Jun-17,26,EMP-14,Supervisor-2,44,11,493,5.9,9,21692
24-Jun-17,Jun-17,26,EMP-15,Supervisor-3,31,12,334,5.9,9,10354
24-Jun-17,Jun-17,26,EMP-16,Supervisor-3,47,16,476,4.9,9,22372
24-Jun-17,Jun-17,26,EMP-17,Supervisor-3,54,0,411,8.8,9,22194
24-Jun-17,Jun-17,26,EMP-18,Supervisor-3,37,22,402,4.9,9,14874
24-Jun-17,Jun-17,26,EMP-19,Supervisor-3,59,10,578,8.8,9,34102
24-Jun-17,Jun-17,26,EMP-20,Supervisor-3,39,19,564,7.8,9,21996
25-Jun-17,Jun-17,26,EMP-1,Supervisor-1,52,5,404,6.9,9,21008
25-Jun-17,Jun-17,26,EMP-2,Supervisor-1,56,5,326,8.8,9,18256
25-Jun-17,Jun-17,26,EMP-3,Supervisor-1,59,11,544,5.9,9,32096
25-Jun-17,Jun-17,26,EMP-4,Supervisor-1,53,16,483,7.8,9,25599
25-Jun-17,Jun-17,26,EMP-5,Supervisor-1,52,18,310,8.8,9,16120
25-Jun-17,Jun-17,26,EMP-6,Supervisor-2,51,6,350,5.9,9,17850
25-Jun-17,Jun-17,26,EMP-7,Supervisor-2,68,6,455,5.9,9,30940
25-Jun-17,Jun-17,26,EMP-8,Supervisor-2,64,8,553,5.9,9,35392
25-Jun-17,Jun-17,26,EMP-9,Supervisor-2,44,26,462,5.9,9,20328
25-Jun-17,Jun-17,26,EMP-10,Supervisor-2,58,6,507,8.8,9,29406
25-Jun-17,Jun-17,26,EMP-11,Supervisor-2,53,10,409,8.8,9,21677
25-Jun-17,Jun-17,26,EMP-12,Supervisor-2,36,22,550,4.9,9,19800
25-Jun-17,Jun-17,26,EMP-13,Supervisor-2,70,7,438,8.8,9,30660
25-Jun-17,Jun-17,26,EMP-14,Supervisor-2,59,17,471,4.9,9,27789
25-Jun-17,Jun-17,26,EMP-15,Supervisor-3,49,21,477,5.9,9,23373
25-Jun-17,Jun-17,26,EMP-16,Supervisor-3,48,26,406,4.9,9,19488
25-Jun-17,Jun-17,26,EMP-17,Supervisor-3,68,6,575,8.8,9,39100
25-Jun-17,Jun-17,26,EMP-18,Supervisor-3,50,14,556,6.9,9,27800
25-Jun-17,Jun-17,26,EMP-19,Supervisor-3,42,5,341,9,9,14322
25-Jun-17,Jun-17,26,EMP-20,Supervisor-3,49,24,439,7.8,9,21511
26-Jun-17,Jun-17,27,EMP-1,Supervisor-1,45,10,379,7.8,9,17055
26-Jun-17,Jun-17,27,EMP-2,Supervisor-1,67,15,341,6.9,9,22847
26-Jun-17,Jun-17,27,EMP-3,Supervisor-1,50,22,521,7.8,9,26050
26-Jun-17,Jun-17,27,EMP-4,Supervisor-1,69,17,439,7.8,9,30291
26-Jun-17,Jun-17,27,EMP-5,Supervisor-1,46,9,314,5.9,9,14444
26-Jun-17,Jun-17,27,EMP-6,Supervisor-2,36,13,337,8.8,9,12132
26-Jun-17,Jun-17,27,EMP-7,Supervisor-2,35,25,411,4.9,9,14385
26-Jun-17,Jun-17,27,EMP-8,Supervisor-2,58,14,407,7.8,9,23606
26-Jun-17,Jun-17,27,EMP-9,Supervisor-2,41,13,503,5.9,9,20623
26-Jun-17,Jun-17,27,EMP-10,Supervisor-2,39,21,404,6.9,9,15756
26-Jun-17,Jun-17,27,EMP-11,Supervisor-2,41,19,359,6.9,9,14719
26-Jun-17,Jun-17,27,EMP-12,Supervisor-2,31,18,495,5.9,9,15345
26-Jun-17,Jun-17,27,EMP-13,Supervisor-2,56,13,429,5.9,9,24024
26-Jun-17,Jun-17,27,EMP-14,Supervisor-2,55,15,493,6.9,9,27115
26-Jun-17,Jun-17,27,EMP-15,Supervisor-3,44,0,578,6.9,9,25432
26-Jun-17,Jun-17,27,EMP-16,Supervisor-3,55,26,385,9,9,21175
26-Jun-17,Jun-17,27,EMP-17,Supervisor-3,46,9,537,8.8,9,24702
26-Jun-17,Jun-17,27,EMP-18,Supervisor-3,64,17,537,9,9,34368
26-Jun-17,Jun-17,27,EMP-19,Supervisor-3,51,13,406,6.9,9,20706
26-Jun-17,Jun-17,27,EMP-20,Supervisor-3,38,7,399,4.9,9,15162
27-Jun-17,Jun-17,27,EMP-1,Supervisor-1,32,7,588,8.8,9,18816
27-Jun-17,Jun-17,27,EMP-2,Supervisor-1,66,23,583,7.8,9,38478
27-Jun-17,Jun-17,27,EMP-3,Supervisor-1,37,26,516,9,9,19092
27-Jun-17,Jun-17,27,EMP-4,Supervisor-1,67,7,450,6.9,9,30150
27-Jun-17,Jun-17,27,EMP-5,Supervisor-1,42,15,426,5.9,9,17892
27-Jun-17,Jun-17,27,EMP-6,Supervisor-2,39,21,405,5.9,9,15795
27-Jun-17,Jun-17,27,EMP-7,Supervisor-2,32,12,524,8.8,9,16768
27-Jun-17,Jun-17,27,EMP-8,Supervisor-2,53,25,342,9,9,18126
27-Jun-17,Jun-17,27,EMP-9,Supervisor-2,44,23,531,7.8,9,23364
27-Jun-17,Jun-17,27,EMP-10,Supervisor-2,59,0,434,5.9,9,25606
27-Jun-17,Jun-17,27,EMP-11,Supervisor-2,69,5,586,7.8,9,40434
27-Jun-17,Jun-17,27,EMP-12,Supervisor-2,70,24,324,7.8,9,22680
27-Jun-17,Jun-17,27,EMP-13,Supervisor-2,55,16,511,6.9,9,28105
27-Jun-17,Jun-17,27,EMP-14,Supervisor-2,32,13,521,4.9,9,16672
27-Jun-17,Jun-17,27,EMP-15,Supervisor-3,53,12,353,8.8,9,18709
27-Jun-17,Jun-17,27,EMP-16,Supervisor-3,33,13,390,7.8,9,12870
27-Jun-17,Jun-17,27,EMP-17,Supervisor-3,65,11,359,6.9,9,23335
27-Jun-17,Jun-17,27,EMP-18,Supervisor-3,45,12,583,4.9,9,26235
27-Jun-17,Jun-17,27,EMP-19,Supervisor-3,70,0,333,4.9,9,23310
27-Jun-17,Jun-17,27,EMP-20,Supervisor-3,51,26,579,6.9,9,29529
28-Jun-17,Jun-17,27,EMP-1,Supervisor-1,54,19,476,7.8,9,25704
28-Jun-17,Jun-17,27,EMP-2,Supervisor-1,50,20,447,9,9,22350
28-Jun-17,Jun-17,27,EMP-3,Supervisor-1,67,22,421,9,9,28207
28-Jun-17,Jun-17,27,EMP-4,Supervisor-1,56,18,509,8.8,9,28504
28-Jun-17,Jun-17,27,EMP-5,Supervisor-1,63,9,517,6.9,9,32571
28-Jun-17,Jun-17,27,EMP-6,Supervisor-2,63,23,445,7.8,9,28035
28-Jun-17,Jun-17,27,EMP-7,Supervisor-2,40,20,324,4.9,9,12960
28-Jun-17,Jun-17,27,EMP-8,Supervisor-2,59,10,341,6.9,9,20119
28-Jun-17,Jun-17,27,EMP-9,Supervisor-2,45,20,518,8.8,9,23310
28-Jun-17,Jun-17,27,EMP-10,Supervisor-2,65,23,452,5.9,9,29380
28-Jun-17,Jun-17,27,EMP-11,Supervisor-2,63,10,588,6.9,9,37044
28-Jun-17,Jun-17,27,EMP-12,Supervisor-2,61,9,549,6.9,9,33489
28-Jun-17,Jun-17,27,EMP-13,Supervisor-2,43,7,321,8.8,9,13803
28-Jun-17,Jun-17,27,EMP-14,Supervisor-2,38,16,580,9,9,22040
28-Jun-17,Jun-17,27,EMP-15,Supervisor-3,61,19,509,9,9,31049
28-Jun-17,Jun-17,27,EMP-16,Supervisor-3,49,22,460,6.9,9,22540
28-Jun-17,Jun-17,27,EMP-17,Supervisor-3,32,5,593,9,9,18976
28-Jun-17,Jun-17,27,EMP-18,Supervisor-3,65,18,549,7.8,9,35685
28-Jun-17,Jun-17,27,EMP-19,Supervisor-3,52,5,347,6.9,9,18044
28-Jun-17,Jun-17,27,EMP-20,Supervisor-3,32,21,581,7.8,9,18592
29-Jun-17,Jun-17,27,EMP-1,Supervisor-1,64,26,344,8.8,9,22016
29-Jun-17,Jun-17,27,EMP-2,Supervisor-1,48,27,597,6.9,9,28656
29-Jun-17,Jun-17,27,EMP-3,Supervisor-1,37,19,437,9,9,16169
29-Jun-17,Jun-17,27,EMP-4,Supervisor-1,42,13,324,9,9,13608
29-Jun-17,Jun-17,27,EMP-5,Supervisor-1,36,26,308,8.8,9,11088
29-Jun-17,Jun-17,27,EMP-6,Supervisor-2,33,15,520,8.8,9,17160
29-Jun-17,Jun-17,27,EMP-7,Supervisor-2,37,23,551,9,9,20387
29-Jun-17,Jun-17,27,EMP-8,Supervisor-2,44,20,340,4.9,9,14960
29-Jun-17,Jun-17,27,EMP-9,Supervisor-2,58,21,350,8.8,9,20300
29-Jun-17,Jun-17,27,EMP-10,Supervisor-2,37,7,544,6.9,9,20128
29-Jun-17,Jun-17,27,EMP-11,Supervisor-2,43,5,438,6.9,9,18834
29-Jun-17,Jun-17,27,EMP-12,Supervisor-2,38,18,398,7.8,9,15124
29-Jun-17,Jun-17,27,EMP-13,Supervisor-2,36,18,544,4.9,9,19584
29-Jun-17,Jun-17,27,EMP-14,Supervisor-2,50,24,405,8.8,9,20250
29-Jun-17,Jun-17,27,EMP-15,Supervisor-3,43,12,480,7.8,9,20640
29-Jun-17,Jun-17,27,EMP-16,Supervisor-3,35,5,565,6.9,9,19775
29-Jun-17,Jun-17,27,EMP-17,Supervisor-3,49,12,481,4.9,9,23569
29-Jun-17,Jun-17,27,EMP-18,Supervisor-3,31,15,389,9,9,12059
29-Jun-17,Jun-17,27,EMP-19,Supervisor-3,41,16,579,5.9,9,23739
29-Jun-17,Jun-17,27,EMP-20,Supervisor-3,48,14,522,9,9,25056
30-Jun-17,Jun-17,27,EMP-1,Supervisor-1,34,18,513,8.8,9,17442
30-Jun-17,Jun-17,27,EMP-2,Supervisor-1,31,24,542,6.9,9,16802
30-Jun-17,Jun-17,27,EMP-3,Supervisor-1,66,15,526,7.8,9,34716
30-Jun-17,Jun-17,27,EMP-4,Supervisor-1,70,23,315,8.8,9,22050
30-Jun-17,Jun-17,27,EMP-5,Supervisor-1,43,10,359,8.8,9,15437
30-Jun-17,Jun-17,27,EMP-6,Supervisor-2,70,5,454,6.9,9,31780
30-Jun-17,Jun-17,27,EMP-7,Supervisor-2,62,19,493,7.8,9,30566
30-Jun-17,Jun-17,27,EMP-8,Supervisor-2,37,26,317,9,9,11729
30-Jun-17,Jun-17,27,EMP-9,Supervisor-2,31,27,594,8.8,9,18414
30-Jun-17,Jun-17,27,EMP-10,Supervisor-2,55,16,408,6.9,9,22440
30-Jun-17,Jun-17,27,EMP-11,Supervisor-2,58,20,571,4.9,9,33118
30-Jun-17,Jun-17,27,EMP-12,Supervisor-2,69,16,362,9,9,24978
30-Jun-17,Jun-17,27,EMP-13,Supervisor-2,68,18,430,5.9,9,29240
30-Jun-17,Jun-17,27,EMP-14,Supervisor-2,68,16,317,5.9,9,21556
30-Jun-17,Jun-17,27,EMP-15,Supervisor-3,66,12,512,8.8,9,33792
30-Jun-17,Jun-17,27,EMP-16,Supervisor-3,34,21,301,5.9,9,10234
30-Jun-17,Jun-17,27,EMP-17,Supervisor-3,42,19,411,6.9,9,17262
30-Jun-17,Jun-17,27,EMP-18,Supervisor-3,48,22,487,7.8,9,23376
30-Jun-17,Jun-17,27,EMP-19,Supervisor-3,40,6,302,4.9,9,12080
30-Jun-17,Jun-17,27,EMP-20,Supervisor-3,44,14,525,9,9,23100
01-Jul-17,Jul-17,27,EMP-1,Supervisor-1,62,14,591,4.9,9,36642
01-Jul-17,Jul-17,27,EMP-2,Supervisor-1,55,16,566,8.8,9,31130
01-Jul-17,Jul-17,27,EMP-3,Supervisor-1,44,15,525,4.9,9,23100
01-Jul-17,Jul-17,27,EMP-4,Supervisor-1,35,25,594,8.8,9,20790
01-Jul-17,Jul-17,27,EMP-5,Supervisor-1,66,6,563,6.9,9,37158
01-Jul-17,Jul-17,27,EMP-6,Supervisor-2,35,10,306,5.9,9,10710
01-Jul-17,Jul-17,27,EMP-7,Supervisor-2,70,22,338,6.9,9,23660
01-Jul-17,Jul-17,27,EMP-8,Supervisor-2,62,16,384,7.8,9,23808
01-Jul-17,Jul-17,27,EMP-9,Supervisor-2,54,19,472,7.8,9,25488
01-Jul-17,Jul-17,27,EMP-10,Supervisor-2,69,10,470,7.8,9,32430
01-Jul-17,Jul-17,27,EMP-11,Supervisor-2,60,20,325,4.9,9,19500
01-Jul-17,Jul-17,27,EMP-12,Supervisor-2,66,24,413,6.9,9,27258
01-Jul-17,Jul-17,27,EMP-13,Supervisor-2,33,10,541,4.9,9,17853
01-Jul-17,Jul-17,27,EMP-14,Supervisor-2,59,10,474,9,9,27966
01-Jul-17,Jul-17,27,EMP-15,Supervisor-3,51,24,499,8.8,9,25449
01-Jul-17,Jul-17,27,EMP-16,Supervisor-3,40,15,455,8.8,9,18200
01-Jul-17,Jul-17,27,EMP-17,Supervisor-3,58,10,320,4.9,9,18560
01-Jul-17,Jul-17,27,EMP-18,Supervisor-3,62,6,364,9,9,22568
01-Jul-17,Jul-17,27,EMP-19,Supervisor-3,41,10,306,6.9,9,12546
01-Jul-17,Jul-17,27,EMP-20,Supervisor-3,55,11,401,5.9,9,22055
02-Jul-17,Jul-17,27,EMP-1,Supervisor-1,32,22,401,6.9,9,12832
02-Jul-17,Jul-17,27,EMP-2,Supervisor-1,31,25,316,4.9,9,9796
02-Jul-17,Jul-17,27,EMP-3,Supervisor-1,61,12,541,6.9,9,33001
02-Jul-17,Jul-17,27,EMP-4,Supervisor-1,63,22,401,4.9,9,25263
02-Jul-17,Jul-17,27,EMP-5,Supervisor-1,43,24,370,8.8,9,15910
02-Jul-17,Jul-17,27,EMP-6,Supervisor-2,48,17,559,4.9,9,26832
02-Jul-17,Jul-17,27,EMP-7,Supervisor-2,64,8,470,4.9,9,30080
02-Jul-17,Jul-17,27,EMP-8,Supervisor-2,36,25,361,4.9,9,12996
02-Jul-17,Jul-17,27,EMP-9,Supervisor-2,61,7,561,7.8,9,34221
02-Jul-17,Jul-17,27,EMP-10,Supervisor-2,42,23,355,9,9,14910
02-Jul-17,Jul-17,27,EMP-11,Supervisor-2,37,25,571,8.8,9,21127
02-Jul-17,Jul-17,27,EMP-12,Supervisor-2,65,13,508,7.8,9,33020
02-Jul-17,Jul-17,27,EMP-13,Supervisor-2,42,0,471,4.9,9,19782
02-Jul-17,Jul-17,27,EMP-14,Supervisor-2,54,15,349,5.9,9,18846
02-Jul-17,Jul-17,27,EMP-15,Supervisor-3,68,19,371,8.8,9,25228
02-Jul-17,Jul-17,27,EMP-16,Supervisor-3,39,19,508,6.9,9,19812
02-Jul-17,Jul-17,27,EMP-17,Supervisor-3,52,12,324,5.9,9,16848
02-Jul-17,Jul-17,27,EMP-18,Supervisor-3,66,12,596,6.9,9,39336
02-Jul-17,Jul-17,27,EMP-19,Supervisor-3,49,27,432,6.9,9,21168
02-Jul-17,Jul-17,27,EMP-20,Supervisor-3,45,0,335,6.9,9,15075
03-Jul-17,Jul-17,28,EMP-1,Supervisor-1,45,11,431,4.9,9,19395
03-Jul-17,Jul-17,28,EMP-2,Supervisor-1,57,13,534,9,9,30438
03-Jul-17,Jul-17,28,EMP-3,Supervisor-1,36,16,344,4.9,9,12384
03-Jul-17,Jul-17,28,EMP-4,Supervisor-1,42,0,561,7.8,9,23562
03-Jul-17,Jul-17,28,EMP-5,Supervisor-1,42,22,489,6.9,9,20538
03-Jul-17,Jul-17,28,EMP-6,Supervisor-2,52,11,393,9,9,20436
03-Jul-17,Jul-17,28,EMP-7,Supervisor-2,63,13,428,4.9,9,26964
03-Jul-17,Jul-17,28,EMP-8,Supervisor-2,48,12,440,5.9,9,21120
03-Jul-17,Jul-17,28,EMP-9,Supervisor-2,61,16,600,6.9,9,36600
03-Jul-17,Jul-17,28,EMP-10,Supervisor-2,57,13,450,5.9,9,25650
03-Jul-17,Jul-17,28,EMP-11,Supervisor-2,54,18,431,8.8,9,23274
03-Jul-17,Jul-17,28,EMP-12,Supervisor-2,40,6,402,8.8,9,16080
03-Jul-17,Jul-17,28,EMP-13,Supervisor-2,58,20,382,9,9,22156
03-Jul-17,Jul-17,28,EMP-14,Supervisor-2,32,26,453,6.9,9,14496
03-Jul-17,Jul-17,28,EMP-15,Supervisor-3,62,27,491,6.9,9,30442
03-Jul-17,Jul-17,28,EMP-16,Supervisor-3,30,11,581,5.9,9,17430
03-Jul-17,Jul-17,28,EMP-17,Supervisor-3,46,18,562,4.9,9,25852
03-Jul-17,Jul-17,28,EMP-18,Supervisor-3,40,8,534,4.9,9,21360
03-Jul-17,Jul-17,28,EMP-19,Supervisor-3,40,5,544,9,9,21760
03-Jul-17,Jul-17,28,EMP-20,Supervisor-3,68,18,558,9,9,37944
04-Jul-17,Jul-17,28,EMP-1,Supervisor-1,56,22,555,9,9,31080
04-Jul-17,Jul-17,28,EMP-2,Supervisor-1,59,11,584,9,9,34456
04-Jul-17,Jul-17,28,EMP-3,Supervisor-1,35,15,357,5.9,9,12495
04-Jul-17,Jul-17,28,EMP-4,Supervisor-1,36,21,378,6.9,9,13608
04-Jul-17,Jul-17,28,EMP-5,Supervisor-1,52,20,353,5.9,9,18356
04-Jul-17,Jul-17,28,EMP-6,Supervisor-2,40,22,425,9,9,17000
04-Jul-17,Jul-17,28,EMP-7,Supervisor-2,31,21,355,7.8,9,11005
04-Jul-17,Jul-17,28,EMP-8,Supervisor-2,58,6,561,6.9,9,32538
04-Jul-17,Jul-17,28,EMP-9,Supervisor-2,63,18,303,4.9,9,19089
04-Jul-17,Jul-17,28,EMP-10,Supervisor-2,50,22,458,4.9,9,22900
04-Jul-17,Jul-17,28,EMP-11,Supervisor-2,38,14,321,8.8,9,12198
04-Jul-17,Jul-17,28,EMP-12,Supervisor-2,55,17,541,8.8,9,29755
04-Jul-17,Jul-17,28,EMP-13,Supervisor-2,56,15,524,5.9,9,29344
04-Jul-17,Jul-17,28,EMP-14,Supervisor-2,60,19,326,7.8,9,19560
04-Jul-17,Jul-17,28,EMP-15,Supervisor-3,54,23,396,7.8,9,21384
04-Jul-17,Jul-17,28,EMP-16,Supervisor-3,47,17,302,4.9,9,14194
04-Jul-17,Jul-17,28,EMP-17,Supervisor-3,69,5,546,6.9,9,37674
04-Jul-17,Jul-17,28,EMP-18,Supervisor-3,65,8,342,6.9,9,22230
04-Jul-17,Jul-17,28,EMP-19,Supervisor-3,67,0,564,4.9,9,37788
04-Jul-17,Jul-17,28,EMP-20,Supervisor-3,61,24,472,6.9,9,28792
05-Jul-17,Jul-17,28,EMP-1,Supervisor-1,34,25,308,4.9,9,10472
05-Jul-17,Jul-17,28,EMP-2,Supervisor-1,55,27,550,9,9,30250
05-Jul-17,Jul-17,28,EMP-3,Supervisor-1,39,5,303,6.9,9,11817
05-Jul-17,Jul-17,28,EMP-4,Supervisor-1,59,18,472,7.8,9,27848
05-Jul-17,Jul-17,28,EMP-5,Supervisor-1,68,23,544,8.8,9,36992
05-Jul-17,Jul-17,28,EMP-6,Supervisor-2,32,16,396,7.8,9,12672
05-Jul-17,Jul-17,28,EMP-7,Supervisor-2,35,14,308,6.9,9,10780
05-Jul-17,Jul-17,28,EMP-8,Supervisor-2,30,25,475,4.9,9,14250
05-Jul-17,Jul-17,28,EMP-9,Supervisor-2,59,7,504,7.8,9,29736
05-Jul-17,Jul-17,28,EMP-10,Supervisor-2,35,0,396,5.9,9,13860
05-Jul-17,Jul-17,28,EMP-11,Supervisor-2,47,9,539,8.8,9,25333
05-Jul-17,Jul-17,28,EMP-12,Supervisor-2,58,12,434,7.8,9,25172
05-Jul-17,Jul-17,28,EMP-13,Supervisor-2,38,21,399,7.8,9,15162
05-Jul-17,Jul-17,28,EMP-14,Supervisor-2,70,6,302,9,9,21140
05-Jul-17,Jul-17,28,EMP-15,Supervisor-3,49,23,544,8.8,9,26656
05-Jul-17,Jul-17,28,EMP-16,Supervisor-3,40,12,377,4.9,9,15080
05-Jul-17,Jul-17,28,EMP-17,Supervisor-3,32,21,585,9,9,18720
05-Jul-17,Jul-17,28,EMP-18,Supervisor-3,63,21,537,5.9,9,33831
05-Jul-17,Jul-17,28,EMP-19,Supervisor-3,36,14,395,8.8,9,14220
05-Jul-17,Jul-17,28,EMP-20,Supervisor-3,63,18,461,7.8,9,29043
06-Jul-17,Jul-17,28,EMP-1,Supervisor-1,56,13,370,7.8,9,20720
06-Jul-17,Jul-17,28,EMP-2,Supervisor-1,52,10,574,8.8,9,29848
06-Jul-17,Jul-17,28,EMP-3,Supervisor-1,37,26,392,9,9,14504
06-Jul-17,Jul-17,28,EMP-4,Supervisor-1,51,5,376,8.8,9,19176
06-Jul-17,Jul-17,28,EMP-5,Supervisor-1,57,0,431,4.9,9,24567
06-Jul-17,Jul-17,28,EMP-6,Supervisor-2,57,20,547,5.9,9,31179
06-Jul-17,Jul-17,28,EMP-7,Supervisor-2,69,26,440,5.9,9,30360
06-Jul-17,Jul-17,28,EMP-8,Supervisor-2,58,25,441,6.9,9,25578
06-Jul-17,Jul-17,28,EMP-9,Supervisor-2,39,9,490,7.8,9,19110
06-Jul-17,Jul-17,28,EMP-10,Supervisor-2,47,0,586,6.9,9,27542
06-Jul-17,Jul-17,28,EMP-11,Supervisor-2,35,6,510,8.8,9,17850
06-Jul-17,Jul-17,28,EMP-12,Supervisor-2,41,16,584,4.9,9,23944
06-Jul-17,Jul-17,28,EMP-13,Supervisor-2,55,7,481,6.9,9,26455
06-Jul-17,Jul-17,28,EMP-14,Supervisor-2,31,8,506,7.8,9,15686
06-Jul-17,Jul-17,28,EMP-15,Supervisor-3,39,7,437,6.9,9,17043
06-Jul-17,Jul-17,28,EMP-16,Supervisor-3,38,16,514,8.8,9,19532
06-Jul-17,Jul-17,28,EMP-17,Supervisor-3,46,16,365,5.9,9,16790
06-Jul-17,Jul-17,28,EMP-18,Supervisor-3,55,20,384,8.8,9,21120
06-Jul-17,Jul-17,28,EMP-19,Supervisor-3,41,11,514,6.9,9,21074
06-Jul-17,Jul-17,28,EMP-20,Supervisor-3,40,7,317,6.9,9,12680
07-Jul-17,Jul-17,28,EMP-1,Supervisor-1,64,17,556,6.9,9,35584
07-Jul-17,Jul-17,28,EMP-2,Supervisor-1,46,13,521,8.8,9,23966
07-Jul-17,Jul-17,28,EMP-3,Supervisor-1,54,25,320,7.8,9,17280
07-Jul-17,Jul-17,28,EMP-4,Supervisor-1,47,16,477,5.9,9,22419
07-Jul-17,Jul-17,28,EMP-5,Supervisor-1,35,24,505,6.9,9,17675
07-Jul-17,Jul-17,28,EMP-6,Supervisor-2,30,23,505,5.9,9,15150
07-Jul-17,Jul-17,28,EMP-7,Supervisor-2,57,21,354,4.9,9,20178
07-Jul-17,Jul-17,28,EMP-8,Supervisor-2,34,16,301,8.8,9,10234
07-Jul-17,Jul-17,28,EMP-9,Supervisor-2,55,15,430,5.9,9,23650
07-Jul-17,Jul-17,28,EMP-10,Supervisor-2,30,14,570,8.8,9,17100
07-Jul-17,Jul-17,28,EMP-11,Supervisor-2,42,11,308,8.8,9,12936
07-Jul-17,Jul-17,28,EMP-12,Supervisor-2,33,6,587,9,9,19371
07-Jul-17,Jul-17,28,EMP-13,Supervisor-2,63,14,555,6.9,9,34965
07-Jul-17,Jul-17,28,EMP-14,Supervisor-2,51,22,578,5.9,9,29478
07-Jul-17,Jul-17,28,EMP-15,Supervisor-3,49,23,506,5.9,9,24794
07-Jul-17,Jul-17,28,EMP-16,Supervisor-3,43,17,523,6.9,9,22489
07-Jul-17,Jul-17,28,EMP-17,Supervisor-3,53,12,362,4.9,9,19186
07-Jul-17,Jul-17,28,EMP-18,Supervisor-3,43,22,397,4.9,9,17071
07-Jul-17,Jul-17,28,EMP-19,Supervisor-3,69,16,358,6.9,9,24702
07-Jul-17,Jul-17,28,EMP-20,Supervisor-3,31,5,473,9,9,14663
08-Jul-17,Jul-17,28,EMP-1,Supervisor-1,35,20,539,6.9,9,18865
08-Jul-17,Jul-17,28,EMP-2,Supervisor-1,70,27,469,7.8,9,32830
08-Jul-17,Jul-17,28,EMP-3,Supervisor-1,38,0,563,5.9,9,21394
08-Jul-17,Jul-17,28,EMP-4,Supervisor-1,30,19,444,7.8,9,13320
08-Jul-17,Jul-17,28,EMP-5,Supervisor-1,42,16,459,7.8,9,19278
08-Jul-17,Jul-17,28,EMP-6,Supervisor-2,58,8,401,4.9,9,23258
08-Jul-17,Jul-17,28,EMP-7,Supervisor-2,42,20,555,6.9,9,23310
08-Jul-17,Jul-17,28,EMP-8,Supervisor-2,54,8,580,8.8,9,31320
08-Jul-17,Jul-17,28,EMP-9,Supervisor-2,36,19,326,6.9,9,11736
08-Jul-17,Jul-17,28,EMP-10,Supervisor-2,37,20,436,4.9,9,16132
08-Jul-17,Jul-17,28,EMP-11,Supervisor-2,41,6,430,7.8,9,17630
08-Jul-17,Jul-17,28,EMP-12,Supervisor-2,54,25,304,7.8,9,16416
08-Jul-17,Jul-17,28,EMP-13,Supervisor-2,32,18,349,8.8,9,11168
08-Jul-17,Jul-17,28,EMP-14,Supervisor-2,54,22,572,5.9,9,30888
08-Jul-17,Jul-17,28,EMP-15,Supervisor-3,60,23,463,8.8,9,27780
08-Jul-17,Jul-17,28,EMP-16,Supervisor-3,36,16,582,7.8,9,20952
08-Jul-17,Jul-17,28,EMP-17,Supervisor-3,63,7,538,4.9,9,33894
08-Jul-17,Jul-17,28,EMP-18,Supervisor-3,30,6,465,5.9,9,13950
08-Jul-17,Jul-17,28,EMP-19,Supervisor-3,32,5,424,9,9,13568
08-Jul-17,Jul-17,28,EMP-20,Supervisor-3,51,23,300,9,9,15300
09-Jul-17,Jul-17,28,EMP-1,Supervisor-1,33,15,479,7.8,9,15807
09-Jul-17,Jul-17,28,EMP-2,Supervisor-1,65,0,453,4.9,9,29445
09-Jul-17,Jul-17,28,EMP-3,Supervisor-1,30,22,323,8.8,9,9690
09-Jul-17,Jul-17,28,EMP-4,Supervisor-1,55,21,352,6.9,9,19360
09-Jul-17,Jul-17,28,EMP-5,Supervisor-1,40,7,464,7.8,9,18560
09-Jul-17,Jul-17,28,EMP-6,Supervisor-2,30,19,358,9,9,10740
09-Jul-17,Jul-17,28,EMP-7,Supervisor-2,58,24,506,4.9,9,29348
09-Jul-17,Jul-17,28,EMP-8,Supervisor-2,66,0,483,6.9,9,31878
09-Jul-17,Jul-17,28,EMP-9,Supervisor-2,56,24,461,5.9,9,25816
09-Jul-17,Jul-17,28,EMP-10,Supervisor-2,55,9,323,7.8,9,17765
09-Jul-17,Jul-17,28,EMP-11,Supervisor-2,37,14,425,5.9,9,15725
09-Jul-17,Jul-17,28,EMP-12,Supervisor-2,56,10,341,8.8,9,19096
09-Jul-17,Jul-17,28,EMP-13,Supervisor-2,42,23,405,7.8,9,17010
09-Jul-17,Jul-17,28,EMP-14,Supervisor-2,53,25,468,6.9,9,24804
09-Jul-17,Jul-17,28,EMP-15,Supervisor-3,62,27,398,7.8,9,24676
09-Jul-17,Jul-17,28,EMP-16,Supervisor-3,32,22,597,4.9,9,19104
09-Jul-17,Jul-17,28,EMP-17,Supervisor-3,46,15,459,4.9,9,21114
09-Jul-17,Jul-17,28,EMP-18,Supervisor-3,69,6,481,7.8,9,33189
09-Jul-17,Jul-17,28,EMP-19,Supervisor-3,65,18,322,8.8,9,20930
09-Jul-17,Jul-17,28,EMP-20,Supervisor-3,45,18,326,7.8,9,14670
10-Jul-17,Jul-17,29,EMP-1,Supervisor-1,70,21,335,5.9,9,23450
10-Jul-17,Jul-17,29,EMP-2,Supervisor-1,42,20,447,9,9,18774
10-Jul-17,Jul-17,29,EMP-3,Supervisor-1,45,18,336,8.8,9,15120
10-Jul-17,Jul-17,29,EMP-4,Supervisor-1,32,24,347,8.8,9,11104
10-Jul-17,Jul-17,29,EMP-5,Supervisor-1,58,19,547,7.8,9,31726
10-Jul-17,Jul-17,29,EMP-6,Supervisor-2,38,13,523,6.9,9,19874
10-Jul-17,Jul-17,29,EMP-7,Supervisor-2,33,17,487,6.9,9,16071
10-Jul-17,Jul-17,29,EMP-8,Supervisor-2,43,13,467,5.9,9,20081
10-Jul-17,Jul-17,29,EMP-9,Supervisor-2,50,18,357,8.8,9,17850
10-Jul-17,Jul-17,29,EMP-10,Supervisor-2,44,11,347,8.8,9,15268
10-Jul-17,Jul-17,29,EMP-11,Supervisor-2,46,24,539,5.9,9,24794
10-Jul-17,Jul-17,29,EMP-12,Supervisor-2,70,23,396,4.9,9,27720
10-Jul-17,Jul-17,29,EMP-13,Supervisor-2,30,25,518,7.8,9,15540
10-Jul-17,Jul-17,29,EMP-14,Supervisor-2,43,16,566,7.8,9,24338
10-Jul-17,Jul-17,29,EMP-15,Supervisor-3,46,19,350,4.9,9,16100
10-Jul-17,Jul-17,29,EMP-16,Supervisor-3,50,25,599,9,9,29950
10-Jul-17,Jul-17,29,EMP-17,Supervisor-3,42,12,311,6.9,9,13062
10-Jul-17,Jul-17,29,EMP-18,Supervisor-3,48,16,478,8.8,9,22944
10-Jul-17,Jul-17,29,EMP-19,Supervisor-3,39,5,308,8.8,9,12012
10-Jul-17,Jul-17,29,EMP-20,Supervisor-3,69,0,473,9,9,32637
11-Jul-17,Jul-17,29,EMP-1,Supervisor-1,50,9,573,4.9,9,28650
11-Jul-17,Jul-17,29,EMP-2,Supervisor-1,34,6,375,7.8,9,12750
11-Jul-17,Jul-17,29,EMP-3,Supervisor-1,64,13,368,6.9,9,23552
11-Jul-17,Jul-17,29,EMP-4,Supervisor-1,30,26,303,5.9,9,9090
11-Jul-17,Jul-17,29,EMP-5,Supervisor-1,70,27,356,4.9,9,24920
11-Jul-17,Jul-17,29,EMP-6,Supervisor-2,49,17,424,9,9,20776
11-Jul-17,Jul-17,29,EMP-7,Supervisor-2,62,10,373,7.8,9,23126
11-Jul-17,Jul-17,29,EMP-8,Supervisor-2,69,11,527,8.8,9,36363
11-Jul-17,Jul-17,29,EMP-9,Supervisor-2,68,11,513,6.9,9,34884
11-Jul-17,Jul-17,29,EMP-10,Supervisor-2,47,19,338,5.9,9,15886
11-Jul-17,Jul-17,29,EMP-11,Supervisor-2,70,27,419,6.9,9,29330
11-Jul-17,Jul-17,29,EMP-12,Supervisor-2,61,18,378,6.9,9,23058
11-Jul-17,Jul-17,29,EMP-13,Supervisor-2,62,22,506,4.9,9,31372
11-Jul-17,Jul-17,29,EMP-14,Supervisor-2,66,27,524,6.9,9,34584
11-Jul-17,Jul-17,29,EMP-15,Supervisor-3,44,25,472,5.9,9,20768
11-Jul-17,Jul-17,29,EMP-16,Supervisor-3,49,7,521,8.8,9,25529
11-Jul-17,Jul-17,29,EMP-17,Supervisor-3,31,23,301,4.9,9,9331
11-Jul-17,Jul-17,29,EMP-18,Supervisor-3,62,5,398,5.9,9,24676
11-Jul-17,Jul-17,29,EMP-19,Supervisor-3,62,15,301,5.9,9,18662
11-Jul-17,Jul-17,29,EMP-20,Supervisor-3,38,7,555,8.8,9,21090
12-Jul-17,Jul-17,29,EMP-1,Supervisor-1,49,21,474,8.8,9,23226
12-Jul-17,Jul-17,29,EMP-2,Supervisor-1,65,18,546,6.9,9,35490
12-Jul-17,Jul-17,29,EMP-3,Supervisor-1,47,10,568,6.9,9,26696
12-Jul-17,Jul-17,29,EMP-4,Supervisor-1,45,19,566,8.8,9,25470
12-Jul-17,Jul-17,29,EMP-5,Supervisor-1,50,18,437,7.8,9,21850
12-Jul-17,Jul-17,29,EMP-6,Supervisor-2,60,16,362,8.8,9,21720
12-Jul-17,Jul-17,29,EMP-7,Supervisor-2,32,27,542,7.8,9,17344
12-Jul-17,Jul-17,29,EMP-8,Supervisor-2,54,26,349,5.9,9,18846
12-Jul-17,Jul-17,29,EMP-9,Supervisor-2,61,22,528,4.9,9,32208
12-Jul-17,Jul-17,29,EMP-10,Supervisor-2,60,0,588,9,9,35280
12-Jul-17,Jul-17,29,EMP-11,Supervisor-2,42,24,417,5.9,9,17514
12-Jul-17,Jul-17,29,EMP-12,Supervisor-2,70,0,513,9,9,35910
12-Jul-17,Jul-17,29,EMP-13,Supervisor-2,49,20,320,6.9,9,15680
12-Jul-17,Jul-17,29,EMP-14,Supervisor-2,42,23,485,4.9,9,20370
12-Jul-17,Jul-17,29,EMP-15,Supervisor-3,61,21,426,6.9,9,25986
12-Jul-17,Jul-17,29,EMP-16,Supervisor-3,38,12,303,9,9,11514
12-Jul-17,Jul-17,29,EMP-17,Supervisor-3,30,13,348,8.8,9,10440
12-Jul-17,Jul-17,29,EMP-18,Supervisor-3,47,8,324,4.9,9,15228
12-Jul-17,Jul-17,29,EMP-19,Supervisor-3,30,26,502,4.9,9,15060
12-Jul-17,Jul-17,29,EMP-20,Supervisor-3,57,24,364,5.9,9,20748
13-Jul-17,Jul-17,29,EMP-1,Supervisor-1,68,16,521,9,9,35428
13-Jul-17,Jul-17,29,EMP-2,Supervisor-1,52,25,395,4.9,9,20540
13-Jul-17,Jul-17,29,EMP-3,Supervisor-1,50,8,586,5.9,9,29300
13-Jul-17,Jul-17,29,EMP-4,Supervisor-1,54,25,507,4.9,9,27378
13-Jul-17,Jul-17,29,EMP-5,Supervisor-1,63,26,310,7.8,9,19530
13-Jul-17,Jul-17,29,EMP-6,Supervisor-2,69,0,406,6.9,9,28014
13-Jul-17,Jul-17,29,EMP-7,Supervisor-2,42,15,428,9,9,17976
13-Jul-17,Jul-17,29,EMP-8,Supervisor-2,34,15,525,6.9,9,17850
13-Jul-17,Jul-17,29,EMP-9,Supervisor-2,46,7,362,6.9,9,16652
13-Jul-17,Jul-17,29,EMP-10,Supervisor-2,62,18,466,4.9,9,28892
13-Jul-17,Jul-17,29,EMP-11,Supervisor-2,32,9,590,4.9,9,18880
13-Jul-17,Jul-17,29,EMP-12,Supervisor-2,46,17,599,4.9,9,27554
13-Jul-17,Jul-17,29,EMP-13,Supervisor-2,45,15,493,7.8,9,22185
13-Jul-17,Jul-17,29,EMP-14,Supervisor-2,65,9,452,8.8,9,29380
13-Jul-17,Jul-17,29,EMP-15,Supervisor-3,39,18,418,4.9,9,16302
13-Jul-17,Jul-17,29,EMP-16,Supervisor-3,34,16,520,9,9,17680
13-Jul-17,Jul-17,29,EMP-17,Supervisor-3,52,26,325,4.9,9,16900
13-Jul-17,Jul-17,29,EMP-18,Supervisor-3,65,22,424,5.9,9,27560
13-Jul-17,Jul-17,29,EMP-19,Supervisor-3,48,14,375,6.9,9,18000
13-Jul-17,Jul-17,29,EMP-20,Supervisor-3,32,9,464,4.9,9,14848
14-Jul-17,Jul-17,29,EMP-1,Supervisor-1,64,14,350,5.9,9,22400
14-Jul-17,Jul-17,29,EMP-2,Supervisor-1,46,26,399,6.9,9,18354
14-Jul-17,Jul-17,29,EMP-3,Supervisor-1,57,5,353,9,9,20121
14-Jul-17,Jul-17,29,EMP-4,Supervisor-1,44,22,501,6.9,9,22044
14-Jul-17,Jul-17,29,EMP-5,Supervisor-1,62,27,353,4.9,9,21886
14-Jul-17,Jul-17,29,EMP-6,Supervisor-2,41,18,308,9,9,12628
14-Jul-17,Jul-17,29,EMP-7,Supervisor-2,32,26,423,6.9,9,13536
14-Jul-17,Jul-17,29,EMP-8,Supervisor-2,42,19,436,6.9,9,18312
14-Jul-17,Jul-17,29,EMP-9,Supervisor-2,34,14,411,5.9,9,13974
14-Jul-17,Jul-17,29,EMP-10,Supervisor-2,60,27,543,7.8,9,32580
14-Jul-17,Jul-17,29,EMP-11,Supervisor-2,55,7,398,7.8,9,21890
14-Jul-17,Jul-17,29,EMP-12,Supervisor-2,35,12,339,5.9,9,11865
14-Jul-17,Jul-17,29,EMP-13,Supervisor-2,62,20,518,5.9,9,32116
14-Jul-17,Jul-17,29,EMP-14,Supervisor-2,30,5,322,4.9,9,9660
14-Jul-17,Jul-17,29,EMP-15,Supervisor-3,66,14,369,8.8,9,24354
14-Jul-17,Jul-17,29,EMP-16,Supervisor-3,38,6,341,4.9,9,12958
14-Jul-17,Jul-17,29,EMP-17,Supervisor-3,57,10,398,5.9,9,22686
14-Jul-17,Jul-17,29,EMP-18,Supervisor-3,54,5,330,7.8,9,17820
14-Jul-17,Jul-17,29,EMP-19,Supervisor-3,54,0,595,7.8,9,32130
14-Jul-17,Jul-17,29,EMP-20,Supervisor-3,61,21,397,9,9,24217
15-Jul-17,Jul-17,29,EMP-1,Supervisor-1,42,16,495,9,9,20790
15-Jul-17,Jul-17,29,EMP-2,Supervisor-1,66,26,485,6.9,9,32010
15-Jul-17,Jul-17,29,EMP-3,Supervisor-1,66,21,533,7.8,9,35178
15-Jul-17,Jul-17,29,EMP-4,Supervisor-1,37,22,437,8.8,9,16169
15-Jul-17,Jul-17,29,EMP-5,Supervisor-1,55,19,460,9,9,25300
15-Jul-17,Jul-17,29,EMP-6,Supervisor-2,33,9,581,4.9,9,19173
15-Jul-17,Jul-17,29,EMP-7,Supervisor-2,47,17,418,8.8,9,19646
15-Jul-17,Jul-17,29,EMP-8,Supervisor-2,47,17,516,5.9,9,24252
15-Jul-17,Jul-17,29,EMP-9,Supervisor-2,54,6,374,9,9,20196
15-Jul-17,Jul-17,29,EMP-10,Supervisor-2,64,27,399,9,9,25536
15-Jul-17,Jul-17,29,EMP-11,Supervisor-2,66,20,396,4.9,9,26136
15-Jul-17,Jul-17,29,EMP-12,Supervisor-2,63,10,364,9,9,22932
15-Jul-17,Jul-17,29,EMP-13,Supervisor-2,54,18,529,8.8,9,28566
15-Jul-17,Jul-17,29,EMP-14,Supervisor-2,60,15,443,9,9,26580
15-Jul-17,Jul-17,29,EMP-15,Supervisor-3,63,25,564,5.9,9,35532
15-Jul-17,Jul-17,29,EMP-16,Supervisor-3,49,14,526,6.9,9,25774
15-Jul-17,Jul-17,29,EMP-17,Supervisor-3,52,21,362,6.9,9,18824
15-Jul-17,Jul-17,29,EMP-18,Supervisor-3,65,22,431,6.9,9,28015
15-Jul-17,Jul-17,29,EMP-19,Supervisor-3,66,9,556,6.9,9,36696
15-Jul-17,Jul-17,29,EMP-20,Supervisor-3,39,8,573,9,9,22347
16-Jul-17,Jul-17,29,EMP-1,Supervisor-1,63,23,349,5.9,9,21987
16-Jul-17,Jul-17,29,EMP-2,Supervisor-1,62,15,368,8.8,9,22816
16-Jul-17,Jul-17,29,EMP-3,Supervisor-1,58,20,400,4.9,9,23200
16-Jul-17,Jul-17,29,EMP-4,Supervisor-1,64,7,484,4.9,9,30976
16-Jul-17,Jul-17,29,EMP-5,Supervisor-1,52,7,573,8.8,9,29796
16-Jul-17,Jul-17,29,EMP-6,Supervisor-2,42,20,446,7.8,9,18732
16-Jul-17,Jul-17,29,EMP-7,Supervisor-2,67,17,343,7.8,9,22981
16-Jul-17,Jul-17,29,EMP-8,Supervisor-2,53,12,418,9,9,22154
16-Jul-17,Jul-17,29,EMP-9,Supervisor-2,68,7,331,4.9,9,22508
16-Jul-17,Jul-17,29,EMP-10,Supervisor-2,30,0,497,4.9,9,14910
16-Jul-17,Jul-17,29,EMP-11,Supervisor-2,36,19,323,8.8,9,11628
16-Jul-17,Jul-17,29,EMP-12,Supervisor-2,57,17,567,4.9,9,32319
16-Jul-17,Jul-17,29,EMP-13,Supervisor-2,58,7,419,8.8,9,24302
16-Jul-17,Jul-17,29,EMP-14,Supervisor-2,47,18,483,4.9,9,22701
16-Jul-17,Jul-17,29,EMP-15,Supervisor-3,34,17,302,8.8,9,10268
16-Jul-17,Jul-17,29,EMP-16,Supervisor-3,36,9,412,5.9,9,14832
16-Jul-17,Jul-17,29,EMP-17,Supervisor-3,39,25,339,9,9,13221
16-Jul-17,Jul-17,29,EMP-18,Supervisor-3,38,16,453,6.9,9,17214
16-Jul-17,Jul-17,29,EMP-19,Supervisor-3,30,24,384,8.8,9,11520
16-Jul-17,Jul-17,29,EMP-20,Supervisor-3,38,14,503,7.8,9,19114
17-Jul-17,Jul-17,30,EMP-1,Supervisor-1,64,24,499,5.9,9,31936
17-Jul-17,Jul-17,30,EMP-2,Supervisor-1,41,13,455,4.9,9,18655
17-Jul-17,Jul-17,30,EMP-3,Supervisor-1,54,23,391,6.9,9,21114
17-Jul-17,Jul-17,30,EMP-4,Supervisor-1,43,22,427,6.9,9,18361
17-Jul-17,Jul-17,30,EMP-5,Supervisor-1,63,15,572,4.9,9,36036
17-Jul-17,Jul-17,30,EMP-6,Supervisor-2,31,17,528,4.9,9,16368
17-Jul-17,Jul-17,30,EMP-7,Supervisor-2,66,15,325,4.9,9,21450
17-Jul-17,Jul-17,30,EMP-8,Supervisor-2,65,7,304,8.8,9,19760
17-Jul-17,Jul-17,30,EMP-9,Supervisor-2,69,27,407,9,9,28083
17-Jul-17,Jul-17,30,EMP-10,Supervisor-2,51,21,499,6.9,9,25449
17-Jul-17,Jul-17,30,EMP-11,Supervisor-2,62,24,469,4.9,9,29078
17-Jul-17,Jul-17,30,EMP-12,Supervisor-2,69,6,544,7.8,9,37536
17-Jul-17,Jul-17,30,EMP-13,Supervisor-2,57,22,543,7.8,9,30951
17-Jul-17,Jul-17,30,EMP-14,Supervisor-2,66,19,320,8.8,9,21120
17-Jul-17,Jul-17,30,EMP-15,Supervisor-3,64,15,441,8.8,9,28224
17-Jul-17,Jul-17,30,EMP-16,Supervisor-3,32,7,387,7.8,9,12384
17-Jul-17,Jul-17,30,EMP-17,Supervisor-3,36,14,474,6.9,9,17064
17-Jul-17,Jul-17,30,EMP-18,Supervisor-3,37,26,470,7.8,9,17390
17-Jul-17,Jul-17,30,EMP-19,Supervisor-3,70,23,364,7.8,9,25480
17-Jul-17,Jul-17,30,EMP-20,Supervisor-3,36,0,550,8.8,9,19800
18-Jul-17,Jul-17,30,EMP-1,Supervisor-1,51,21,321,5.9,9,16371
18-Jul-17,Jul-17,30,EMP-2,Supervisor-1,62,21,460,8.8,9,28520
18-Jul-17,Jul-17,30,EMP-3,Supervisor-1,67,11,327,7.8,9,21909
18-Jul-17,Jul-17,30,EMP-4,Supervisor-1,37,20,301,4.9,9,11137
18-Jul-17,Jul-17,30,EMP-5,Supervisor-1,43,21,457,4.9,9,19651
18-Jul-17,Jul-17,30,EMP-6,Supervisor-2,44,0,488,6.9,9,21472
18-Jul-17,Jul-17,30,EMP-7,Supervisor-2,49,26,515,4.9,9,25235
18-Jul-17,Jul-17,30,EMP-8,Supervisor-2,57,24,311,8.8,9,17727
18-Jul-17,Jul-17,30,EMP-9,Supervisor-2,45,14,378,6.9,9,17010
18-Jul-17,Jul-17,30,EMP-10,Supervisor-2,68,20,568,5.9,9,38624
18-Jul-17,Jul-17,30,EMP-11,Supervisor-2,49,11,413,4.9,9,20237
18-Jul-17,Jul-17,30,EMP-12,Supervisor-2,56,7,324,6.9,9,18144
18-Jul-17,Jul-17,30,EMP-13,Supervisor-2,32,20,478,8.8,9,15296
18-Jul-17,Jul-17,30,EMP-14,Supervisor-2,33,16,573,6.9,9,18909
18-Jul-17,Jul-17,30,EMP-15,Supervisor-3,59,11,324,9,9,19116
18-Jul-17,Jul-17,30,EMP-16,Supervisor-3,43,17,535,6.9,9,23005
18-Jul-17,Jul-17,30,EMP-17,Supervisor-3,64,23,311,7.8,9,19904
18-Jul-17,Jul-17,30,EMP-18,Supervisor-3,33,13,589,6.9,9,19437
18-Jul-17,Jul-17,30,EMP-19,Supervisor-3,40,23,466,4.9,9,18640
18-Jul-17,Jul-17,30,EMP-20,Supervisor-3,59,5,546,6.9,9,32214
19-Jul-17,Jul-17,30,EMP-1,Supervisor-1,56,22,300,5.9,9,16800
19-Jul-17,Jul-17,30,EMP-2,Supervisor-1,35,6,385,9,9,13475
19-Jul-17,Jul-17,30,EMP-3,Supervisor-1,33,24,326,4.9,9,10758
19-Jul-17,Jul-17,30,EMP-4,Supervisor-1,34,12,439,7.8,9,14926
19-Jul-17,Jul-17,30,EMP-5,Supervisor-1,41,12,448,8.8,9,18368
19-Jul-17,Jul-17,30,EMP-6,Supervisor-2,63,23,376,8.8,9,23688
19-Jul-17,Jul-17,30,EMP-7,Supervisor-2,55,22,438,5.9,9,24090
19-Jul-17,Jul-17,30,EMP-8,Supervisor-2,36,19,585,6.9,9,21060
19-Jul-17,Jul-17,30,EMP-9,Supervisor-2,51,11,598,4.9,9,30498
19-Jul-17,Jul-17,30,EMP-10,Supervisor-2,52,17,455,7.8,9,23660
19-Jul-17,Jul-17,30,EMP-11,Supervisor-2,32,22,319,7.8,9,10208
19-Jul-17,Jul-17,30,EMP-12,Supervisor-2,58,17,459,7.8,9,26622
19-Jul-17,Jul-17,30,EMP-13,Supervisor-2,53,17,392,9,9,20776
19-Jul-17,Jul-17,30,EMP-14,Supervisor-2,60,10,388,6.9,9,23280
19-Jul-17,Jul-17,30,EMP-15,Supervisor-3,69,22,596,5.9,9,41124
19-Jul-17,Jul-17,30,EMP-16,Supervisor-3,36,16,598,7.8,9,21528
19-Jul-17,Jul-17,30,EMP-17,Supervisor-3,62,14,576,5.9,9,35712
19-Jul-17,Jul-17,30,EMP-18,Supervisor-3,36,22,493,5.9,9,17748
19-Jul-17,Jul-17,30,EMP-19,Supervisor-3,40,10,597,8.8,9,23880
19-Jul-17,Jul-17,30,EMP-20,Supervisor-3,31,6,334,4.9,9,10354
20-Jul-17,Jul-17,30,EMP-1,Supervisor-1,53,22,374,9,9,19822
20-Jul-17,Jul-17,30,EMP-2,Supervisor-1,48,10,523,8.8,9,25104
20-Jul-17,Jul-17,30,EMP-3,Supervisor-1,47,0,352,8.8,9,16544
20-Jul-17,Jul-17,30,EMP-4,Supervisor-1,52,10,405,7.8,9,21060
20-Jul-17,Jul-17,30,EMP-5,Supervisor-1,47,24,597,9,9,28059
20-Jul-17,Jul-17,30,EMP-6,Supervisor-2,61,14,543,9,9,33123
20-Jul-17,Jul-17,30,EMP-7,Supervisor-2,67,13,508,7.8,9,34036
20-Jul-17,Jul-17,30,EMP-8,Supervisor-2,40,15,442,9,9,17680
20-Jul-17,Jul-17,30,EMP-9,Supervisor-2,35,6,329,4.9,9,11515
20-Jul-17,Jul-17,30,EMP-10,Supervisor-2,32,25,401,9,9,12832
20-Jul-17,Jul-17,30,EMP-11,Supervisor-2,37,5,593,8.8,9,21941
20-Jul-17,Jul-17,30,EMP-12,Supervisor-2,68,10,497,4.9,9,33796
20-Jul-17,Jul-17,30,EMP-13,Supervisor-2,34,0,308,8.8,9,10472
20-Jul-17,Jul-17,30,EMP-14,Supervisor-2,64,24,541,6.9,9,34624
20-Jul-17,Jul-17,30,EMP-15,Supervisor-3,36,0,395,6.9,9,14220
20-Jul-17,Jul-17,30,EMP-16,Supervisor-3,61,14,471,5.9,9,28731
20-Jul-17,Jul-17,30,EMP-17,Supervisor-3,51,15,553,8.8,9,28203
20-Jul-17,Jul-17,30,EMP-18,Supervisor-3,38,22,593,6.9,9,22534
20-Jul-17,Jul-17,30,EMP-19,Supervisor-3,55,12,571,5.9,9,31405
20-Jul-17,Jul-17,30,EMP-20,Supervisor-3,57,9,460,4.9,9,26220
21-Jul-17,Jul-17,30,EMP-1,Supervisor-1,40,19,377,7.8,9,15080
21-Jul-17,Jul-17,30,EMP-2,Supervisor-1,49,19,300,7.8,9,14700
21-Jul-17,Jul-17,30,EMP-3,Supervisor-1,56,10,309,8.8,9,17304
21-Jul-17,Jul-17,30,EMP-4,Supervisor-1,68,21,397,8.8,9,26996
21-Jul-17,Jul-17,30,EMP-5,Supervisor-1,57,9,336,4.9,9,19152
21-Jul-17,Jul-17,30,EMP-6,Supervisor-2,47,9,473,7.8,9,22231
21-Jul-17,Jul-17,30,EMP-7,Supervisor-2,64,0,386,8.8,9,24704
21-Jul-17,Jul-17,30,EMP-8,Supervisor-2,37,15,322,6.9,9,11914
21-Jul-17,Jul-17,30,EMP-9,Supervisor-2,45,13,301,8.8,9,13545
21-Jul-17,Jul-17,30,EMP-10,Supervisor-2,30,18,567,8.8,9,17010
21-Jul-17,Jul-17,30,EMP-11,Supervisor-2,66,9,464,4.9,9,30624
21-Jul-17,Jul-17,30,EMP-12,Supervisor-2,42,22,572,5.9,9,24024
21-Jul-17,Jul-17,30,EMP-13,Supervisor-2,49,11,471,4.9,9,23079
21-Jul-17,Jul-17,30,EMP-14,Supervisor-2,52,21,527,6.9,9,27404
21-Jul-17,Jul-17,30,EMP-15,Supervisor-3,70,22,580,7.8,9,40600
21-Jul-17,Jul-17,30,EMP-16,Supervisor-3,37,6,574,5.9,9,21238
21-Jul-17,Jul-17,30,EMP-17,Supervisor-3,50,27,600,6.9,9,30000
21-Jul-17,Jul-17,30,EMP-18,Supervisor-3,42,25,470,4.9,9,19740
21-Jul-17,Jul-17,30,EMP-19,Supervisor-3,53,23,335,8.8,9,17755
21-Jul-17,Jul-17,30,EMP-20,Supervisor-3,64,22,507,6.9,9,32448
22-Jul-17,Jul-17,30,EMP-1,Supervisor-1,41,26,359,9,9,14719
22-Jul-17,Jul-17,30,EMP-2,Supervisor-1,70,20,365,9,9,25550
22-Jul-17,Jul-17,30,EMP-3,Supervisor-1,37,22,594,4.9,9,21978
22-Jul-17,Jul-17,30,EMP-4,Supervisor-1,43,0,566,9,9,24338
22-Jul-17,Jul-17,30,EMP-5,Supervisor-1,68,0,405,8.8,9,27540
22-Jul-17,Jul-17,30,EMP-6,Supervisor-2,43,14,588,4.9,9,25284
22-Jul-17,Jul-17,30,EMP-7,Supervisor-2,53,10,411,5.9,9,21783
22-Jul-17,Jul-17,30,EMP-8,Supervisor-2,31,19,445,5.9,9,13795
22-Jul-17,Jul-17,30,EMP-9,Supervisor-2,38,18,561,5.9,9,21318
22-Jul-17,Jul-17,30,EMP-10,Supervisor-2,50,27,331,7.8,9,16550
22-Jul-17,Jul-17,30,EMP-11,Supervisor-2,59,9,433,6.9,9,25547
22-Jul-17,Jul-17,30,EMP-12,Supervisor-2,61,25,437,9,9,26657
22-Jul-17,Jul-17,30,EMP-13,Supervisor-2,45,5,514,6.9,9,23130
22-Jul-17,Jul-17,30,EMP-14,Supervisor-2,35,7,588,7.8,9,20580
22-Jul-17,Jul-17,30,EMP-15,Supervisor-3,64,25,332,5.9,9,21248
22-Jul-17,Jul-17,30,EMP-16,Supervisor-3,47,17,503,5.9,9,23641
22-Jul-17,Jul-17,30,EMP-17,Supervisor-3,68,15,453,4.9,9,30804
22-Jul-17,Jul-17,30,EMP-18,Supervisor-3,49,26,532,4.9,9,26068
22-Jul-17,Jul-17,30,EMP-19,Supervisor-3,33,24,561,8.8,9,18513
22-Jul-17,Jul-17,30,EMP-20,Supervisor-3,37,11,485,5.9,9,17945
23-Jul-17,Jul-17,30,EMP-1,Supervisor-1,66,21,339,4.9,9,22374
23-Jul-17,Jul-17,30,EMP-2,Supervisor-1,48,7,383,9,9,18384
23-Jul-17,Jul-17,30,EMP-3,Supervisor-1,65,19,405,4.9,9,26325
23-Jul-17,Jul-17,30,EMP-4,Supervisor-1,31,27,587,9,9,18197
23-Jul-17,Jul-17,30,EMP-5,Supervisor-1,44,26,549,9,9,24156
23-Jul-17,Jul-17,30,EMP-6,Supervisor-2,59,20,466,4.9,9,27494
23-Jul-17,Jul-17,30,EMP-7,Supervisor-2,48,23,406,4.9,9,19488
23-Jul-17,Jul-17,30,EMP-8,Supervisor-2,68,15,530,7.8,9,36040
23-Jul-17,Jul-17,30,EMP-9,Supervisor-2,66,18,592,7.8,9,39072
23-Jul-17,Jul-17,30,EMP-10,Supervisor-2,48,15,324,6.9,9,15552
23-Jul-17,Jul-17,30,EMP-11,Supervisor-2,65,7,402,6.9,9,26130
23-Jul-17,Jul-17,30,EMP-12,Supervisor-2,67,0,488,5.9,9,32696
23-Jul-17,Jul-17,30,EMP-13,Supervisor-2,50,5,513,8.8,9,25650
23-Jul-17,Jul-17,30,EMP-14,Supervisor-2,45,16,492,4.9,9,22140
23-Jul-17,Jul-17,30,EMP-15,Supervisor-3,53,10,355,6.9,9,18815
23-Jul-17,Jul-17,30,EMP-16,Supervisor-3,47,18,434,8.8,9,20398
23-Jul-17,Jul-17,30,EMP-17,Supervisor-3,69,15,549,8.8,9,37881
23-Jul-17,Jul-17,30,EMP-18,Supervisor-3,32,14,418,6.9,9,13376
23-Jul-17,Jul-17,30,EMP-19,Supervisor-3,50,8,432,4.9,9,21600
23-Jul-17,Jul-17,30,EMP-20,Supervisor-3,37,11,489,9,9,18093
24-Jul-17,Jul-17,31,EMP-1,Supervisor-1,67,13,532,6.9,9,35644
24-Jul-17,Jul-17,31,EMP-2,Supervisor-1,33,25,397,6.9,9,13101
24-Jul-17,Jul-17,31,EMP-3,Supervisor-1,36,7,422,9,9,15192
24-Jul-17,Jul-17,31,EMP-4,Supervisor-1,51,6,460,5.9,9,23460
24-Jul-17,Jul-17,31,EMP-5,Supervisor-1,52,19,544,7.8,9,28288
24-Jul-17,Jul-17,31,EMP-6,Supervisor-2,52,19,449,5.9,9,23348
24-Jul-17,Jul-17,31,EMP-7,Supervisor-2,35,15,450,9,9,15750
24-Jul-17,Jul-17,31,EMP-8,Supervisor-2,59,13,586,4.9,9,34574
24-Jul-17,Jul-17,31,EMP-9,Supervisor-2,31,15,468,6.9,9,14508
24-Jul-17,Jul-17,31,EMP-10,Supervisor-2,55,5,481,4.9,9,26455
24-Jul-17,Jul-17,31,EMP-11,Supervisor-2,41,23,549,6.9,9,22509
24-Jul-17,Jul-17,31,EMP-12,Supervisor-2,40,14,378,7.8,9,15120
24-Jul-17,Jul-17,31,EMP-13,Supervisor-2,64,11,550,4.9,9,35200
24-Jul-17,Jul-17,31,EMP-14,Supervisor-2,55,14,409,8.8,9,22495
24-Jul-17,Jul-17,31,EMP-15,Supervisor-3,65,24,553,4.9,9,35945
24-Jul-17,Jul-17,31,EMP-16,Supervisor-3,64,14,463,4.9,9,29632
24-Jul-17,Jul-17,31,EMP-17,Supervisor-3,58,21,381,9,9,22098
24-Jul-17,Jul-17,31,EMP-18,Supervisor-3,51,6,315,6.9,9,16065
24-Jul-17,Jul-17,31,EMP-19,Supervisor-3,48,19,484,4.9,9,23232
24-Jul-17,Jul-17,31,EMP-20,Supervisor-3,32,7,540,9,9,17280
25-Jul-17,Jul-17,31,EMP-1,Supervisor-1,45,17,558,6.9,9,25110
25-Jul-17,Jul-17,31,EMP-2,Supervisor-1,37,20,317,4.9,9,11729
25-Jul-17,Jul-17,31,EMP-3,Supervisor-1,59,11,415,5.9,9,24485
25-Jul-17,Jul-17,31,EMP-4,Supervisor-1,69,7,320,9,9,22080
25-Jul-17,Jul-17,31,EMP-5,Supervisor-1,53,17,422,6.9,9,22366
25-Jul-17,Jul-17,31,EMP-6,Supervisor-2,33,12,418,9,9,13794
25-Jul-17,Jul-17,31,EMP-7,Supervisor-2,57,21,408,6.9,9,23256
25-Jul-17,Jul-17,31,EMP-8,Supervisor-2,68,25,509,6.9,9,34612
25-Jul-17,Jul-17,31,EMP-9,Supervisor-2,51,23,444,8.8,9,22644
25-Jul-17,Jul-17,31,EMP-10,Supervisor-2,51,6,468,9,9,23868
25-Jul-17,Jul-17,31,EMP-11,Supervisor-2,30,15,520,4.9,9,15600
25-Jul-17,Jul-17,31,EMP-12,Supervisor-2,70,13,541,5.9,9,37870
25-Jul-17,Jul-17,31,EMP-13,Supervisor-2,34,17,587,6.9,9,19958
25-Jul-17,Jul-17,31,EMP-14,Supervisor-2,68,5,443,6.9,9,30124
25-Jul-17,Jul-17,31,EMP-15,Supervisor-3,54,11,600,9,9,32400
25-Jul-17,Jul-17,31,EMP-16,Supervisor-3,59,21,437,4.9,9,25783
25-Jul-17,Jul-17,31,EMP-17,Supervisor-3,55,5,511,8.8,9,28105
25-Jul-17,Jul-17,31,EMP-18,Supervisor-3,70,13,455,5.9,9,31850
25-Jul-17,Jul-17,31,EMP-19,Supervisor-3,66,19,496,5.9,9,32736
25-Jul-17,Jul-17,31,EMP-20,Supervisor-3,56,12,363,4.9,9,20328
26-Jul-17,Jul-17,31,EMP-1,Supervisor-1,38,16,598,6.9,9,22724
26-Jul-17,Jul-17,31,EMP-2,Supervisor-1,50,20,385,6.9,9,19250
26-Jul-17,Jul-17,31,EMP-3,Supervisor-1,36,25,366,9,9,13176
26-Jul-17,Jul-17,31,EMP-4,Supervisor-1,33,25,549,4.9,9,18117
26-Jul-17,Jul-17,31,EMP-5,Supervisor-1,63,15,334,7.8,9,21042
26-Jul-17,Jul-17,31,EMP-6,Supervisor-2,31,15,358,9,9,11098
26-Jul-17,Jul-17,31,EMP-7,Supervisor-2,49,11,557,5.9,9,27293
26-Jul-17,Jul-17,31,EMP-8,Supervisor-2,50,18,557,5.9,9,27850
26-Jul-17,Jul-17,31,EMP-9,Supervisor-2,34,6,581,8.8,9,19754
26-Jul-17,Jul-17,31,EMP-10,Supervisor-2,65,23,482,4.9,9,31330
26-Jul-17,Jul-17,31,EMP-11,Supervisor-2,65,6,381,8.8,9,24765
26-Jul-17,Jul-17,31,EMP-12,Supervisor-2,37,20,346,4.9,9,12802
26-Jul-17,Jul-17,31,EMP-13,Supervisor-2,39,5,575,5.9,9,22425
26-Jul-17,Jul-17,31,EMP-14,Supervisor-2,39,0,310,8.8,9,12090
26-Jul-17,Jul-17,31,EMP-15,Supervisor-3,55,23,454,9,9,24970
26-Jul-17,Jul-17,31,EMP-16,Supervisor-3,49,0,476,5.9,9,23324
26-Jul-17,Jul-17,31,EMP-17,Supervisor-3,63,24,517,4.9,9,32571
26-Jul-17,Jul-17,31,EMP-18,Supervisor-3,63,6,308,8.8,9,19404
26-Jul-17,Jul-17,31,EMP-19,Supervisor-3,43,27,322,4.9,9,13846
26-Jul-17,Jul-17,31,EMP-20,Supervisor-3,62,5,343,8.8,9,21266
27-Jul-17,Jul-17,31,EMP-1,Supervisor-1,59,0,575,5.9,9,33925
27-Jul-17,Jul-17,31,EMP-2,Supervisor-1,56,25,342,6.9,9,19152
27-Jul-17,Jul-17,31,EMP-3,Supervisor-1,67,22,473,7.8,9,31691
27-Jul-17,Jul-17,31,EMP-4,Supervisor-1,48,24,333,9,9,15984
27-Jul-17,Jul-17,31,EMP-5,Supervisor-1,47,26,317,7.8,9,14899
27-Jul-17,Jul-17,31,EMP-6,Supervisor-2,63,10,512,8.8,9,32256
27-Jul-17,Jul-17,31,EMP-7,Supervisor-2,36,26,462,8.8,9,16632
27-Jul-17,Jul-17,31,EMP-8,Supervisor-2,69,7,362,8.8,9,24978
27-Jul-17,Jul-17,31,EMP-9,Supervisor-2,47,27,554,6.9,9,26038
27-Jul-17,Jul-17,31,EMP-10,Supervisor-2,44,11,310,9,9,13640
27-Jul-17,Jul-17,31,EMP-11,Supervisor-2,30,13,411,7.8,9,12330
27-Jul-17,Jul-17,31,EMP-12,Supervisor-2,31,21,476,8.8,9,14756
27-Jul-17,Jul-17,31,EMP-13,Supervisor-2,50,27,441,4.9,9,22050
27-Jul-17,Jul-17,31,EMP-14,Supervisor-2,68,27,551,7.8,9,37468
27-Jul-17,Jul-17,31,EMP-15,Supervisor-3,70,26,401,9,9,28070
27-Jul-17,Jul-17,31,EMP-16,Supervisor-3,63,13,301,8.8,9,18963
27-Jul-17,Jul-17,31,EMP-17,Supervisor-3,33,19,322,9,9,10626
27-Jul-17,Jul-17,31,EMP-18,Supervisor-3,68,18,439,7.8,9,29852
27-Jul-17,Jul-17,31,EMP-19,Supervisor-3,43,10,387,7.8,9,16641
27-Jul-17,Jul-17,31,EMP-20,Supervisor-3,70,0,405,5.9,9,28350
28-Jul-17,Jul-17,31,EMP-1,Supervisor-1,44,6,596,9,9,26224
28-Jul-17,Jul-17,31,EMP-2,Supervisor-1,41,19,334,9,9,13694
28-Jul-17,Jul-17,31,EMP-3,Supervisor-1,54,16,408,5.9,9,22032
28-Jul-17,Jul-17,31,EMP-4,Supervisor-1,34,10,571,6.9,9,19414
28-Jul-17,Jul-17,31,EMP-5,Supervisor-1,64,19,447,4.9,9,28608
28-Jul-17,Jul-17,31,EMP-6,Supervisor-2,49,16,594,5.9,9,29106
28-Jul-17,Jul-17,31,EMP-7,Supervisor-2,65,26,432,9,9,28080
28-Jul-17,Jul-17,31,EMP-8,Supervisor-2,52,18,486,8.8,9,25272
28-Jul-17,Jul-17,31,EMP-9,Supervisor-2,43,19,366,9,9,15738
28-Jul-17,Jul-17,31,EMP-10,Supervisor-2,32,23,573,4.9,9,18336
28-Jul-17,Jul-17,31,EMP-11,Supervisor-2,51,7,309,4.9,9,15759
28-Jul-17,Jul-17,31,EMP-12,Supervisor-2,69,18,375,7.8,9,25875
28-Jul-17,Jul-17,31,EMP-13,Supervisor-2,45,16,419,9,9,18855
28-Jul-17,Jul-17,31,EMP-14,Supervisor-2,60,0,301,9,9,18060
28-Jul-17,Jul-17,31,EMP-15,Supervisor-3,63,25,558,7.8,9,35154
28-Jul-17,Jul-17,31,EMP-16,Supervisor-3,70,22,302,6.9,9,21140
28-Jul-17,Jul-17,31,EMP-17,Supervisor-3,54,13,347,6.9,9,18738
28-Jul-17,Jul-17,31,EMP-18,Supervisor-3,47,21,477,6.9,9,22419
28-Jul-17,Jul-17,31,EMP-19,Supervisor-3,67,17,371,8.8,9,24857
28-Jul-17,Jul-17,31,EMP-20,Supervisor-3,52,20,582,8.8,9,30264
29-Jul-17,Jul-17,31,EMP-1,Supervisor-1,50,27,424,5.9,9,21200
29-Jul-17,Jul-17,31,EMP-2,Supervisor-1,40,13,306,5.9,9,12240
29-Jul-17,Jul-17,31,EMP-3,Supervisor-1,33,26,586,6.9,9,19338
29-Jul-17,Jul-17,31,EMP-4,Supervisor-1,44,5,359,5.9,9,15796
29-Jul-17,Jul-17,31,EMP-5,Supervisor-1,70,6,346,5.9,9,24220
29-Jul-17,Jul-17,31,EMP-6,Supervisor-2,63,22,367,8.8,9,23121
29-Jul-17,Jul-17,31,EMP-7,Supervisor-2,41,8,496,7.8,9,20336
29-Jul-17,Jul-17,31,EMP-8,Supervisor-2,45,14,331,7.8,9,14895
29-Jul-17,Jul-17,31,EMP-9,Supervisor-2,36,10,549,7.8,9,19764
29-Jul-17,Jul-17,31,EMP-10,Supervisor-2,45,22,430,8.8,9,19350
29-Jul-17,Jul-17,31,EMP-11,Supervisor-2,62,18,376,5.9,9,23312
29-Jul-17,Jul-17,31,EMP-12,Supervisor-2,60,25,576,5.9,9,34560
29-Jul-17,Jul-17,31,EMP-13,Supervisor-2,67,9,404,6.9,9,27068
29-Jul-17,Jul-17,31,EMP-14,Supervisor-2,63,27,574,8.8,9,36162
29-Jul-17,Jul-17,31,EMP-15,Supervisor-3,46,10,579,4.9,9,26634
29-Jul-17,Jul-17,31,EMP-16,Supervisor-3,62,14,454,7.8,9,28148
29-Jul-17,Jul-17,31,EMP-17,Supervisor-3,56,8,392,9,9,21952
29-Jul-17,Jul-17,31,EMP-18,Supervisor-3,60,22,566,6.9,9,33960
29-Jul-17,Jul-17,31,EMP-19,Supervisor-3,34,18,336,8.8,9,11424
29-Jul-17,Jul-17,31,EMP-20,Supervisor-3,58,12,325,4.9,9,18850
30-Jul-17,Jul-17,31,EMP-1,Supervisor-1,56,11,303,5.9,9,16968
30-Jul-17,Jul-17,31,EMP-2,Supervisor-1,46,16,566,4.9,9,26036
30-Jul-17,Jul-17,31,EMP-3,Supervisor-1,44,23,595,5.9,9,26180
30-Jul-17,Jul-17,31,EMP-4,Supervisor-1,53,14,492,9,9,26076
30-Jul-17,Jul-17,31,EMP-5,Supervisor-1,66,7,556,5.9,9,36696
30-Jul-17,Jul-17,31,EMP-6,Supervisor-2,52,19,563,4.9,9,29276
30-Jul-17,Jul-17,31,EMP-7,Supervisor-2,61,5,406,9,9,24766
30-Jul-17,Jul-17,31,EMP-8,Supervisor-2,33,15,349,5.9,9,11517
30-Jul-17,Jul-17,31,EMP-9,Supervisor-2,32,15,354,7.8,9,11328
30-Jul-17,Jul-17,31,EMP-10,Supervisor-2,63,16,367,5.9,9,23121
30-Jul-17,Jul-17,31,EMP-11,Supervisor-2,68,8,338,7.8,9,22984
30-Jul-17,Jul-17,31,EMP-12,Supervisor-2,59,15,491,5.9,9,28969
30-Jul-17,Jul-17,31,EMP-13,Supervisor-2,54,21,332,9,9,17928
30-Jul-17,Jul-17,31,EMP-14,Supervisor-2,61,0,553,5.9,9,33733
30-Jul-17,Jul-17,31,EMP-15,Supervisor-3,57,0,397,4.9,9,22629
30-Jul-17,Jul-17,31,EMP-16,Supervisor-3,43,16,360,9,9,15480
30-Jul-17,Jul-17,31,EMP-17,Supervisor-3,54,19,503,8.8,9,27162
30-Jul-17,Jul-17,31,EMP-18,Supervisor-3,43,14,545,9,9,23435
30-Jul-17,Jul-17,31,EMP-19,Supervisor-3,59,17,357,9,9,21063
30-Jul-17,Jul-17,31,EMP-20,Supervisor-3,64,13,301,8.8,9,19264
31-Jul-17,Jul-17,32,EMP-1,Supervisor-1,36,20,415,6.9,9,14940
31-Jul-17,Jul-17,32,EMP-2,Supervisor-1,50,0,550,9,9,27500
31-Jul-17,Jul-17,32,EMP-3,Supervisor-1,67,6,505,9,9,33835
31-Jul-17,Jul-17,32,EMP-4,Supervisor-1,67,27,310,4.9,9,20770
31-Jul-17,Jul-17,32,EMP-5,Supervisor-1,34,24,549,8.8,9,18666
31-Jul-17,Jul-17,32,EMP-6,Supervisor-2,36,26,533,6.9,9,19188
31-Jul-17,Jul-17,32,EMP-7,Supervisor-2,48,13,409,4.9,9,19632
31-Jul-17,Jul-17,32,EMP-8,Supervisor-2,38,0,449,4.9,9,17062
31-Jul-17,Jul-17,32,EMP-9,Supervisor-2,32,19,587,9,9,18784
31-Jul-17,Jul-17,32,EMP-10,Supervisor-2,51,27,420,6.9,9,21420
31-Jul-17,Jul-17,32,EMP-11,Supervisor-2,57,0,354,6.9,9,20178
31-Jul-17,Jul-17,32,EMP-12,Supervisor-2,34,26,374,8.8,9,12716
31-Jul-17,Jul-17,32,EMP-13,Supervisor-2,45,6,422,8.8,9,18990
31-Jul-17,Jul-17,32,EMP-14,Supervisor-2,67,27,562,4.9,9,37654
31-Jul-17,Jul-17,32,EMP-15,Supervisor-3,62,14,428,8.8,9,26536
31-Jul-17,Jul-17,32,EMP-16,Supervisor-3,30,10,549,7.8,9,16470
31-Jul-17,Jul-17,32,EMP-17,Supervisor-3,31,6,352,4.9,9,10912
31-Jul-17,Jul-17,32,EMP-18,Supervisor-3,38,23,518,5.9,9,19684
31-Jul-17,Jul-17,32,EMP-19,Supervisor-3,41,13,326,6.9,9,13366
31-Jul-17,Jul-17,32,EMP-20,Supervisor-3,41,6,333,6.9,9,13653
01-Aug-17,Aug-17,32,EMP-1,Supervisor-1,49,20,528,8.8,9,25872
01-Aug-17,Aug-17,32,EMP-2,Supervisor-1,52,14,423,9,9,21996
01-Aug-17,Aug-17,32,EMP-3,Supervisor-1,66,25,560,7.8,9,36960
01-Aug-17,Aug-17,32,EMP-4,Supervisor-1,39,20,408,6.9,9,15912
01-Aug-17,Aug-17,32,EMP-5,Supervisor-1,64,14,390,7.8,9,24960
01-Aug-17,Aug-17,32,EMP-6,Supervisor-2,34,7,537,4.9,9,18258
01-Aug-17,Aug-17,32,EMP-7,Supervisor-2,61,11,453,8.8,9,27633
01-Aug-17,Aug-17,32,EMP-8,Supervisor-2,31,18,518,5.9,9,16058
01-Aug-17,Aug-17,32,EMP-9,Supervisor-2,36,21,313,4.9,9,11268
01-Aug-17,Aug-17,32,EMP-10,Supervisor-2,43,17,428,6.9,9,18404
01-Aug-17,Aug-17,32,EMP-11,Supervisor-2,69,20,373,4.9,9,25737
01-Aug-17,Aug-17,32,EMP-12,Supervisor-2,33,27,374,9,9,12342
01-Aug-17,Aug-17,32,EMP-13,Supervisor-2,55,7,479,6.9,9,26345
01-Aug-17,Aug-17,32,EMP-14,Supervisor-2,56,5,403,6.9,9,22568
01-Aug-17,Aug-17,32,EMP-15,Supervisor-3,61,5,444,7.8,9,27084
01-Aug-17,Aug-17,32,EMP-16,Supervisor-3,66,7,577,8.8,9,38082
01-Aug-17,Aug-17,32,EMP-17,Supervisor-3,54,13,445,6.9,9,24030
01-Aug-17,Aug-17,32,EMP-18,Supervisor-3,33,25,312,4.9,9,10296
01-Aug-17,Aug-17,32,EMP-19,Supervisor-3,30,21,382,6.9,9,11460
01-Aug-17,Aug-17,32,EMP-20,Supervisor-3,43,27,351,6.9,9,15093
02-Aug-17,Aug-17,32,EMP-1,Supervisor-1,37,19,580,8.8,9,21460
02-Aug-17,Aug-17,32,EMP-2,Supervisor-1,56,25,311,7.8,9,17416
02-Aug-17,Aug-17,32,EMP-3,Supervisor-1,63,21,415,5.9,9,26145
02-Aug-17,Aug-17,32,EMP-4,Supervisor-1,68,24,597,6.9,9,40596
02-Aug-17,Aug-17,32,EMP-5,Supervisor-1,65,22,413,6.9,9,26845
02-Aug-17,Aug-17,32,EMP-6,Supervisor-2,35,8,395,4.9,9,13825
02-Aug-17,Aug-17,32,EMP-7,Supervisor-2,70,24,350,9,9,24500
02-Aug-17,Aug-17,32,EMP-8,Supervisor-2,43,15,308,8.8,9,13244
02-Aug-17,Aug-17,32,EMP-9,Supervisor-2,33,22,397,5.9,9,13101
02-Aug-17,Aug-17,32,EMP-10,Supervisor-2,39,18,381,6.9,9,14859
02-Aug-17,Aug-17,32,EMP-11,Supervisor-2,60,23,595,8.8,9,35700
02-Aug-17,Aug-17,32,EMP-12,Supervisor-2,54,5,553,8.8,9,29862
02-Aug-17,Aug-17,32,EMP-13,Supervisor-2,53,14,369,5.9,9,19557
02-Aug-17,Aug-17,32,EMP-14,Supervisor-2,33,6,550,9,9,18150
02-Aug-17,Aug-17,32,EMP-15,Supervisor-3,59,10,320,7.8,9,18880
02-Aug-17,Aug-17,32,EMP-16,Supervisor-3,66,7,335,7.8,9,22110
02-Aug-17,Aug-17,32,EMP-17,Supervisor-3,60,20,409,7.8,9,24540
02-Aug-17,Aug-17,32,EMP-18,Supervisor-3,52,27,319,4.9,9,16588
02-Aug-17,Aug-17,32,EMP-19,Supervisor-3,31,12,439,8.8,9,13609
02-Aug-17,Aug-17,32,EMP-20,Supervisor-3,70,14,448,4.9,9,31360
03-Aug-17,Aug-17,32,EMP-1,Supervisor-1,60,23,455,6.9,9,27300
03-Aug-17,Aug-17,32,EMP-2,Supervisor-1,70,18,537,4.9,9,37590
03-Aug-17,Aug-17,32,EMP-3,Supervisor-1,65,27,599,9,9,38935
03-Aug-17,Aug-17,32,EMP-4,Supervisor-1,40,23,555,9,9,22200
03-Aug-17,Aug-17,32,EMP-5,Supervisor-1,60,22,551,8.8,9,33060
03-Aug-17,Aug-17,32,EMP-6,Supervisor-2,49,24,510,6.9,9,24990
03-Aug-17,Aug-17,32,EMP-7,Supervisor-2,45,27,543,7.8,9,24435
03-Aug-17,Aug-17,32,EMP-8,Supervisor-2,32,27,384,7.8,9,12288
03-Aug-17,Aug-17,32,EMP-9,Supervisor-2,64,5,591,5.9,9,37824
03-Aug-17,Aug-17,32,EMP-10,Supervisor-2,52,19,516,9,9,26832
03-Aug-17,Aug-17,32,EMP-11,Supervisor-2,58,15,370,7.8,9,21460
03-Aug-17,Aug-17,32,EMP-12,Supervisor-2,59,13,548,5.9,9,32332
03-Aug-17,Aug-17,32,EMP-13,Supervisor-2,63,5,453,4.9,9,28539
03-Aug-17,Aug-17,32,EMP-14,Supervisor-2,48,22,414,6.9,9,19872
03-Aug-17,Aug-17,32,EMP-15,Supervisor-3,32,9,471,5.9,9,15072
03-Aug-17,Aug-17,32,EMP-16,Supervisor-3,51,12,393,5.9,9,20043
03-Aug-17,Aug-17,32,EMP-17,Supervisor-3,42,14,461,4.9,9,19362
03-Aug-17,Aug-17,32,EMP-18,Supervisor-3,69,6,574,9,9,39606
03-Aug-17,Aug-17,32,EMP-19,Supervisor-3,51,15,319,8.8,9,16269
03-Aug-17,Aug-17,32,EMP-20,Supervisor-3,66,24,442,6.9,9,29172
04-Aug-17,Aug-17,32,EMP-1,Supervisor-1,43,13,341,6.9,9,14663
04-Aug-17,Aug-17,32,EMP-2,Supervisor-1,32,24,541,9,9,17312
04-Aug-17,Aug-17,32,EMP-3,Supervisor-1,36,20,351,7.8,9,12636
04-Aug-17,Aug-17,32,EMP-4,Supervisor-1,30,12,384,5.9,9,11520
04-Aug-17,Aug-17,32,EMP-5,Supervisor-1,57,9,459,4.9,9,26163
04-Aug-17,Aug-17,32,EMP-6,Supervisor-2,33,21,492,6.9,9,16236
04-Aug-17,Aug-17,32,EMP-7,Supervisor-2,42,25,321,5.9,9,13482
04-Aug-17,Aug-17,32,EMP-8,Supervisor-2,47,20,478,5.9,9,22466
04-Aug-17,Aug-17,32,EMP-9,Supervisor-2,58,19,342,6.9,9,19836
04-Aug-17,Aug-17,32,EMP-10,Supervisor-2,43,10,370,6.9,9,15910
04-Aug-17,Aug-17,32,EMP-11,Supervisor-2,66,26,393,8.8,9,25938
04-Aug-17,Aug-17,32,EMP-12,Supervisor-2,68,5,346,9,9,23528
04-Aug-17,Aug-17,32,EMP-13,Supervisor-2,43,10,417,9,9,17931
04-Aug-17,Aug-17,32,EMP-14,Supervisor-2,69,18,545,5.9,9,37605
04-Aug-17,Aug-17,32,EMP-15,Supervisor-3,51,17,305,7.8,9,15555
04-Aug-17,Aug-17,32,EMP-16,Supervisor-3,45,17,581,7.8,9,26145
04-Aug-17,Aug-17,32,EMP-17,Supervisor-3,30,12,545,8.8,9,16350
04-Aug-17,Aug-17,32,EMP-18,Supervisor-3,40,5,591,4.9,9,23640
04-Aug-17,Aug-17,32,EMP-19,Supervisor-3,40,24,421,4.9,9,16840
04-Aug-17,Aug-17,32,EMP-20,Supervisor-3,53,25,551,5.9,9,29203
05-Aug-17,Aug-17,32,EMP-1,Supervisor-1,49,9,472,5.9,9,23128
05-Aug-17,Aug-17,32,EMP-2,Supervisor-1,56,24,416,4.9,9,23296
05-Aug-17,Aug-17,32,EMP-3,Supervisor-1,62,12,301,4.9,9,18662
05-Aug-17,Aug-17,32,EMP-4,Supervisor-1,44,24,435,5.9,9,19140
05-Aug-17,Aug-17,32,EMP-5,Supervisor-1,52,6,385,7.8,9,20020
05-Aug-17,Aug-17,32,EMP-6,Supervisor-2,44,18,500,4.9,9,22000
05-Aug-17,Aug-17,32,EMP-7,Supervisor-2,46,5,596,9,9,27416
05-Aug-17,Aug-17,32,EMP-8,Supervisor-2,68,6,472,6.9,9,32096
05-Aug-17,Aug-17,32,EMP-9,Supervisor-2,63,18,599,4.9,9,37737
05-Aug-17,Aug-17,32,EMP-10,Supervisor-2,46,20,362,5.9,9,16652
05-Aug-17,Aug-17,32,EMP-11,Supervisor-2,63,6,507,9,9,31941
05-Aug-17,Aug-17,32,EMP-12,Supervisor-2,49,6,551,4.9,9,26999
05-Aug-17,Aug-17,32,EMP-13,Supervisor-2,53,13,425,6.9,9,22525
05-Aug-17,Aug-17,32,EMP-14,Supervisor-2,38,22,364,5.9,9,13832
05-Aug-17,Aug-17,32,EMP-15,Supervisor-3,60,7,559,6.9,9,33540
05-Aug-17,Aug-17,32,EMP-16,Supervisor-3,61,16,364,4.9,9,22204
05-Aug-17,Aug-17,32,EMP-17,Supervisor-3,64,9,432,8.8,9,27648
05-Aug-17,Aug-17,32,EMP-18,Supervisor-3,70,21,345,8.8,9,24150
05-Aug-17,Aug-17,32,EMP-19,Supervisor-3,49,18,528,6.9,9,25872
05-Aug-17,Aug-17,32,EMP-20,Supervisor-3,42,10,450,6.9,9,18900
06-Aug-17,Aug-17,32,EMP-1,Supervisor-1,58,19,468,4.9,9,27144
06-Aug-17,Aug-17,32,EMP-2,Supervisor-1,49,16,322,5.9,9,15778
06-Aug-17,Aug-17,32,EMP-3,Supervisor-1,42,23,537,4.9,9,22554
06-Aug-17,Aug-17,32,EMP-4,Supervisor-1,31,27,351,7.8,9,10881
06-Aug-17,Aug-17,32,EMP-5,Supervisor-1,38,19,432,9,9,16416
06-Aug-17,Aug-17,32,EMP-6,Supervisor-2,60,8,331,7.8,9,19860
06-Aug-17,Aug-17,32,EMP-7,Supervisor-2,59,24,399,4.9,9,23541
06-Aug-17,Aug-17,32,EMP-8,Supervisor-2,35,19,340,7.8,9,11900
06-Aug-17,Aug-17,32,EMP-9,Supervisor-2,66,27,413,8.8,9,27258
06-Aug-17,Aug-17,32,EMP-10,Supervisor-2,55,11,488,6.9,9,26840
06-Aug-17,Aug-17,32,EMP-11,Supervisor-2,46,17,326,6.9,9,14996
06-Aug-17,Aug-17,32,EMP-12,Supervisor-2,53,10,481,4.9,9,25493
06-Aug-17,Aug-17,32,EMP-13,Supervisor-2,64,27,363,5.9,9,23232
06-Aug-17,Aug-17,32,EMP-14,Supervisor-2,37,24,401,6.9,9,14837
06-Aug-17,Aug-17,32,EMP-15,Supervisor-3,47,10,353,9,9,16591
06-Aug-17,Aug-17,32,EMP-16,Supervisor-3,59,15,577,4.9,9,34043
06-Aug-17,Aug-17,32,EMP-17,Supervisor-3,37,23,362,4.9,9,13394
06-Aug-17,Aug-17,32,EMP-18,Supervisor-3,40,10,346,6.9,9,13840
06-Aug-17,Aug-17,32,EMP-19,Supervisor-3,33,0,453,4.9,9,14949
06-Aug-17,Aug-17,32,EMP-20,Supervisor-3,65,12,302,9,9,19630
07-Aug-17,Aug-17,33,EMP-1,Supervisor-1,52,12,516,6.9,9,26832
07-Aug-17,Aug-17,33,EMP-2,Supervisor-1,56,23,302,9,9,16912
07-Aug-17,Aug-17,33,EMP-3,Supervisor-1,35,18,315,5.9,9,11025
07-Aug-17,Aug-17,33,EMP-4,Supervisor-1,34,6,442,8.8,9,15028
07-Aug-17,Aug-17,33,EMP-5,Supervisor-1,44,20,477,9,9,20988
07-Aug-17,Aug-17,33,EMP-6,Supervisor-2,50,18,493,6.9,9,24650
07-Aug-17,Aug-17,33,EMP-7,Supervisor-2,53,6,301,5.9,9,15953
07-Aug-17,Aug-17,33,EMP-8,Supervisor-2,37,25,500,6.9,9,18500
07-Aug-17,Aug-17,33,EMP-9,Supervisor-2,50,27,376,8.8,9,18800
07-Aug-17,Aug-17,33,EMP-10,Supervisor-2,45,24,311,6.9,9,13995
07-Aug-17,Aug-17,33,EMP-11,Supervisor-2,53,24,439,8.8,9,23267
07-Aug-17,Aug-17,33,EMP-12,Supervisor-2,33,10,502,7.8,9,16566
07-Aug-17,Aug-17,33,EMP-13,Supervisor-2,44,11,333,4.9,9,14652
07-Aug-17,Aug-17,33,EMP-14,Supervisor-2,57,14,324,7.8,9,18468
07-Aug-17,Aug-17,33,EMP-15,Supervisor-3,65,8,499,8.8,9,32435
07-Aug-17,Aug-17,33,EMP-16,Supervisor-3,34,16,326,7.8,9,11084
07-Aug-17,Aug-17,33,EMP-17,Supervisor-3,68,18,498,5.9,9,33864
07-Aug-17,Aug-17,33,EMP-18,Supervisor-3,42,14,562,7.8,9,23604
07-Aug-17,Aug-17,33,EMP-19,Supervisor-3,58,5,366,6.9,9,21228
07-Aug-17,Aug-17,33,EMP-20,Supervisor-3,37,23,571,6.9,9,21127
08-Aug-17,Aug-17,33,EMP-1,Supervisor-1,37,20,411,9,9,15207
08-Aug-17,Aug-17,33,EMP-2,Supervisor-1,32,9,397,9,9,12704
08-Aug-17,Aug-17,33,EMP-3,Supervisor-1,30,18,575,9,9,17250
08-Aug-17,Aug-17,33,EMP-4,Supervisor-1,64,7,356,6.9,9,22784
08-Aug-17,Aug-17,33,EMP-5,Supervisor-1,41,20,470,5.9,9,19270
08-Aug-17,Aug-17,33,EMP-6,Supervisor-2,36,25,388,9,9,13968
08-Aug-17,Aug-17,33,EMP-7,Supervisor-2,59,17,417,7.8,9,24603
08-Aug-17,Aug-17,33,EMP-8,Supervisor-2,65,0,431,4.9,9,28015
08-Aug-17,Aug-17,33,EMP-9,Supervisor-2,63,7,308,4.9,9,19404
08-Aug-17,Aug-17,33,EMP-10,Supervisor-2,44,9,354,8.8,9,15576
08-Aug-17,Aug-17,33,EMP-11,Supervisor-2,64,9,547,6.9,9,35008
08-Aug-17,Aug-17,33,EMP-12,Supervisor-2,67,17,569,6.9,9,38123
08-Aug-17,Aug-17,33,EMP-13,Supervisor-2,43,13,362,9,9,15566
08-Aug-17,Aug-17,33,EMP-14,Supervisor-2,39,12,430,9,9,16770
08-Aug-17,Aug-17,33,EMP-15,Supervisor-3,61,23,407,9,9,24827
08-Aug-17,Aug-17,33,EMP-16,Supervisor-3,60,12,427,7.8,9,25620
08-Aug-17,Aug-17,33,EMP-17,Supervisor-3,58,11,446,5.9,9,25868
08-Aug-17,Aug-17,33,EMP-18,Supervisor-3,33,16,574,8.8,9,18942
08-Aug-17,Aug-17,33,EMP-19,Supervisor-3,55,15,312,7.8,9,17160
08-Aug-17,Aug-17,33,EMP-20,Supervisor-3,69,27,541,4.9,9,37329
09-Aug-17,Aug-17,33,EMP-1,Supervisor-1,31,12,429,7.8,9,13299
09-Aug-17,Aug-17,33,EMP-2,Supervisor-1,30,15,587,7.8,9,17610
09-Aug-17,Aug-17,33,EMP-3,Supervisor-1,37,17,524,8.8,9,19388
09-Aug-17,Aug-17,33,EMP-4,Supervisor-1,54,11,472,4.9,9,25488
09-Aug-17,Aug-17,33,EMP-5,Supervisor-1,68,8,506,8.8,9,34408
09-Aug-17,Aug-17,33,EMP-6,Supervisor-2,60,9,449,4.9,9,26940
09-Aug-17,Aug-17,33,EMP-7,Supervisor-2,36,13,358,8.8,9,12888
09-Aug-17,Aug-17,33,EMP-8,Supervisor-2,32,20,433,6.9,9,13856
09-Aug-17,Aug-17,33,EMP-9,Supervisor-2,49,5,460,5.9,9,22540
09-Aug-17,Aug-17,33,EMP-10,Supervisor-2,57,7,474,7.8,9,27018
09-Aug-17,Aug-17,33,EMP-11,Supervisor-2,49,12,436,5.9,9,21364
09-Aug-17,Aug-17,33,EMP-12,Supervisor-2,69,24,478,4.9,9,32982
09-Aug-17,Aug-17,33,EMP-13,Supervisor-2,32,16,481,5.9,9,15392
09-Aug-17,Aug-17,33,EMP-14,Supervisor-2,34,8,512,5.9,9,17408
09-Aug-17,Aug-17,33,EMP-15,Supervisor-3,66,23,323,5.9,9,21318
09-Aug-17,Aug-17,33,EMP-16,Supervisor-3,60,5,506,8.8,9,30360
09-Aug-17,Aug-17,33,EMP-17,Supervisor-3,53,17,540,5.9,9,28620
09-Aug-17,Aug-17,33,EMP-18,Supervisor-3,30,8,411,7.8,9,12330
09-Aug-17,Aug-17,33,EMP-19,Supervisor-3,65,22,338,5.9,9,21970
09-Aug-17,Aug-17,33,EMP-20,Supervisor-3,65,7,502,6.9,9,32630
10-Aug-17,Aug-17,33,EMP-1,Supervisor-1,66,5,362,7.8,9,23892
10-Aug-17,Aug-17,33,EMP-2,Supervisor-1,69,24,570,7.8,9,39330
10-Aug-17,Aug-17,33,EMP-3,Supervisor-1,60,8,519,4.9,9,31140
10-Aug-17,Aug-17,33,EMP-4,Supervisor-1,41,21,483,8.8,9,19803
10-Aug-17,Aug-17,33,EMP-5,Supervisor-1,52,12,366,8.8,9,19032
10-Aug-17,Aug-17,33,EMP-6,Supervisor-2,67,5,519,5.9,9,34773
10-Aug-17,Aug-17,33,EMP-7,Supervisor-2,63,26,343,7.8,9,21609
10-Aug-17,Aug-17,33,EMP-8,Supervisor-2,57,17,534,7.8,9,30438
10-Aug-17,Aug-17,33,EMP-9,Supervisor-2,40,15,360,9,9,14400
10-Aug-17,Aug-17,33,EMP-10,Supervisor-2,45,20,519,7.8,9,23355
10-Aug-17,Aug-17,33,EMP-11,Supervisor-2,30,10,540,6.9,9,16200
10-Aug-17,Aug-17,33,EMP-12,Supervisor-2,40,13,571,8.8,9,22840
10-Aug-17,Aug-17,33,EMP-13,Supervisor-2,50,26,522,6.9,9,26100
10-Aug-17,Aug-17,33,EMP-14,Supervisor-2,46,16,335,9,9,15410
10-Aug-17,Aug-17,33,EMP-15,Supervisor-3,36,22,404,6.9,9,14544
10-Aug-17,Aug-17,33,EMP-16,Supervisor-3,36,18,470,7.8,9,16920
10-Aug-17,Aug-17,33,EMP-17,Supervisor-3,42,5,355,5.9,9,14910
10-Aug-17,Aug-17,33,EMP-18,Supervisor-3,56,13,477,6.9,9,26712
10-Aug-17,Aug-17,33,EMP-19,Supervisor-3,64,9,570,7.8,9,36480
10-Aug-17,Aug-17,33,EMP-20,Supervisor-3,59,16,535,9,9,31565
11-Aug-17,Aug-17,33,EMP-1,Supervisor-1,67,13,590,6.9,9,39530
11-Aug-17,Aug-17,33,EMP-2,Supervisor-1,31,7,520,4.9,9,16120
11-Aug-17,Aug-17,33,EMP-3,Supervisor-1,44,11,433,6.9,9,19052
11-Aug-17,Aug-17,33,EMP-4,Supervisor-1,49,22,376,5.9,9,18424
11-Aug-17,Aug-17,33,EMP-5,Supervisor-1,32,26,464,4.9,9,14848
11-Aug-17,Aug-17,33,EMP-6,Supervisor-2,67,5,452,5.9,9,30284
11-Aug-17,Aug-17,33,EMP-7,Supervisor-2,68,22,384,6.9,9,26112
11-Aug-17,Aug-17,33,EMP-8,Supervisor-2,43,21,405,7.8,9,17415
11-Aug-17,Aug-17,33,EMP-9,Supervisor-2,56,11,427,8.8,9,23912
11-Aug-17,Aug-17,33,EMP-10,Supervisor-2,68,11,431,6.9,9,29308
11-Aug-17,Aug-17,33,EMP-11,Supervisor-2,37,17,530,8.8,9,19610
11-Aug-17,Aug-17,33,EMP-12,Supervisor-2,33,10,575,8.8,9,18975
11-Aug-17,Aug-17,33,EMP-13,Supervisor-2,63,16,452,4.9,9,28476
11-Aug-17,Aug-17,33,EMP-14,Supervisor-2,51,15,348,9,9,17748
11-Aug-17,Aug-17,33,EMP-15,Supervisor-3,36,23,474,9,9,17064
11-Aug-17,Aug-17,33,EMP-16,Supervisor-3,32,21,561,5.9,9,17952
11-Aug-17,Aug-17,33,EMP-17,Supervisor-3,33,8,452,7.8,9,14916
11-Aug-17,Aug-17,33,EMP-18,Supervisor-3,33,6,411,9,9,13563
11-Aug-17,Aug-17,33,EMP-19,Supervisor-3,47,14,529,8.8,9,24863
11-Aug-17,Aug-17,33,EMP-20,Supervisor-3,52,7,588,9,9,30576
12-Aug-17,Aug-17,33,EMP-1,Supervisor-1,52,7,584,9,9,30368
12-Aug-17,Aug-17,33,EMP-2,Supervisor-1,39,26,506,6.9,9,19734
12-Aug-17,Aug-17,33,EMP-3,Supervisor-1,43,12,440,5.9,9,18920
12-Aug-17,Aug-17,33,EMP-4,Supervisor-1,69,9,383,5.9,9,26427
12-Aug-17,Aug-17,33,EMP-5,Supervisor-1,54,12,446,7.8,9,24084
12-Aug-17,Aug-17,33,EMP-6,Supervisor-2,47,22,479,4.9,9,22513
12-Aug-17,Aug-17,33,EMP-7,Supervisor-2,65,24,331,5.9,9,21515
12-Aug-17,Aug-17,33,EMP-8,Supervisor-2,37,5,406,7.8,9,15022
12-Aug-17,Aug-17,33,EMP-9,Supervisor-2,53,7,483,6.9,9,25599
12-Aug-17,Aug-17,33,EMP-10,Supervisor-2,38,18,484,8.8,9,18392
12-Aug-17,Aug-17,33,EMP-11,Supervisor-2,68,10,560,9,9,38080
12-Aug-17,Aug-17,33,EMP-12,Supervisor-2,45,0,454,6.9,9,20430
12-Aug-17,Aug-17,33,EMP-13,Supervisor-2,37,9,556,7.8,9,20572
12-Aug-17,Aug-17,33,EMP-14,Supervisor-2,31,5,424,4.9,9,13144
12-Aug-17,Aug-17,33,EMP-15,Supervisor-3,37,9,363,4.9,9,13431
12-Aug-17,Aug-17,33,EMP-16,Supervisor-3,39,20,560,9,9,21840
12-Aug-17,Aug-17,33,EMP-17,Supervisor-3,44,10,480,5.9,9,21120
12-Aug-17,Aug-17,33,EMP-18,Supervisor-3,64,0,481,9,9,30784
12-Aug-17,Aug-17,33,EMP-19,Supervisor-3,68,8,466,8.8,9,31688
12-Aug-17,Aug-17,33,EMP-20,Supervisor-3,58,20,540,9,9,31320
13-Aug-17,Aug-17,33,EMP-1,Supervisor-1,38,25,414,9,9,15732
13-Aug-17,Aug-17,33,EMP-2,Supervisor-1,36,5,558,5.9,9,20088
13-Aug-17,Aug-17,33,EMP-3,Supervisor-1,63,14,512,7.8,9,32256
13-Aug-17,Aug-17,33,EMP-4,Supervisor-1,45,20,471,5.9,9,21195
13-Aug-17,Aug-17,33,EMP-5,Supervisor-1,49,24,400,5.9,9,19600
13-Aug-17,Aug-17,33,EMP-6,Supervisor-2,43,17,347,7.8,9,14921
13-Aug-17,Aug-17,33,EMP-7,Supervisor-2,61,22,326,5.9,9,19886
13-Aug-17,Aug-17,33,EMP-8,Supervisor-2,51,9,340,8.8,9,17340
13-Aug-17,Aug-17,33,EMP-9,Supervisor-2,47,22,368,6.9,9,17296
13-Aug-17,Aug-17,33,EMP-10,Supervisor-2,51,25,421,7.8,9,21471
13-Aug-17,Aug-17,33,EMP-11,Supervisor-2,56,17,467,6.9,9,26152
13-Aug-17,Aug-17,33,EMP-12,Supervisor-2,52,27,475,9,9,24700
13-Aug-17,Aug-17,33,EMP-13,Supervisor-2,56,23,303,9,9,16968
13-Aug-17,Aug-17,33,EMP-14,Supervisor-2,70,19,411,5.9,9,28770
13-Aug-17,Aug-17,33,EMP-15,Supervisor-3,39,7,558,5.9,9,21762
13-Aug-17,Aug-17,33,EMP-16,Supervisor-3,60,16,520,8.8,9,31200
13-Aug-17,Aug-17,33,EMP-17,Supervisor-3,69,16,561,8.8,9,38709
13-Aug-17,Aug-17,33,EMP-18,Supervisor-3,47,26,550,5.9,9,25850
13-Aug-17,Aug-17,33,EMP-19,Supervisor-3,34,17,358,7.8,9,12172
13-Aug-17,Aug-17,33,EMP-20,Supervisor-3,55,16,548,8.8,9,30140
14-Aug-17,Aug-17,34,EMP-1,Supervisor-1,41,17,347,4.9,9,14227
14-Aug-17,Aug-17,34,EMP-2,Supervisor-1,52,11,537,9,9,27924
14-Aug-17,Aug-17,34,EMP-3,Supervisor-1,63,26,529,4.9,9,33327
14-Aug-17,Aug-17,34,EMP-4,Supervisor-1,59,17,359,8.8,9,21181
14-Aug-17,Aug-17,34,EMP-5,Supervisor-1,69,26,301,4.9,9,20769
14-Aug-17,Aug-17,34,EMP-6,Supervisor-2,61,9,484,6.9,9,29524
14-Aug-17,Aug-17,34,EMP-7,Supervisor-2,59,19,379,6.9,9,22361
14-Aug-17,Aug-17,34,EMP-8,Supervisor-2,55,16,325,4.9,9,17875
14-Aug-17,Aug-17,34,EMP-9,Supervisor-2,42,26,445,4.9,9,18690
14-Aug-17,Aug-17,34,EMP-10,Supervisor-2,47,9,314,7.8,9,14758
14-Aug-17,Aug-17,34,EMP-11,Supervisor-2,54,20,412,8.8,9,22248
14-Aug-17,Aug-17,34,EMP-12,Supervisor-2,37,22,588,5.9,9,21756
14-Aug-17,Aug-17,34,EMP-13,Supervisor-2,61,21,366,9,9,22326
14-Aug-17,Aug-17,34,EMP-14,Supervisor-2,59,26,427,5.9,9,25193
14-Aug-17,Aug-17,34,EMP-15,Supervisor-3,50,26,539,7.8,9,26950
14-Aug-17,Aug-17,34,EMP-16,Supervisor-3,70,18,459,4.9,9,32130
14-Aug-17,Aug-17,34,EMP-17,Supervisor-3,32,7,463,6.9,9,14816
14-Aug-17,Aug-17,34,EMP-18,Supervisor-3,45,21,364,4.9,9,16380
14-Aug-17,Aug-17,34,EMP-19,Supervisor-3,59,14,577,8.8,9,34043
14-Aug-17,Aug-17,34,EMP-20,Supervisor-3,64,25,455,8.8,9,29120
15-Aug-17,Aug-17,34,EMP-1,Supervisor-1,60,19,498,7.8,9,29880
15-Aug-17,Aug-17,34,EMP-2,Supervisor-1,35,7,515,7.8,9,18025
15-Aug-17,Aug-17,34,EMP-3,Supervisor-1,69,9,473,9,9,32637
15-Aug-17,Aug-17,34,EMP-4,Supervisor-1,39,9,555,9,9,21645
15-Aug-17,Aug-17,34,EMP-5,Supervisor-1,63,14,361,8.8,9,22743
15-Aug-17,Aug-17,34,EMP-6,Supervisor-2,50,26,452,6.9,9,22600
15-Aug-17,Aug-17,34,EMP-7,Supervisor-2,35,6,321,8.8,9,11235
15-Aug-17,Aug-17,34,EMP-8,Supervisor-2,31,23,463,4.9,9,14353
15-Aug-17,Aug-17,34,EMP-9,Supervisor-2,64,6,433,9,9,27712
15-Aug-17,Aug-17,34,EMP-10,Supervisor-2,56,17,464,9,9,25984
15-Aug-17,Aug-17,34,EMP-11,Supervisor-2,70,12,558,6.9,9,39060
15-Aug-17,Aug-17,34,EMP-12,Supervisor-2,68,0,351,4.9,9,23868
15-Aug-17,Aug-17,34,EMP-13,Supervisor-2,44,22,588,9,9,25872
15-Aug-17,Aug-17,34,EMP-14,Supervisor-2,58,17,324,4.9,9,18792
15-Aug-17,Aug-17,34,EMP-15,Supervisor-3,63,12,491,5.9,9,30933
15-Aug-17,Aug-17,34,EMP-16,Supervisor-3,60,9,505,9,9,30300
15-Aug-17,Aug-17,34,EMP-17,Supervisor-3,41,26,324,9,9,13284
15-Aug-17,Aug-17,34,EMP-18,Supervisor-3,43,9,498,9,9,21414
15-Aug-17,Aug-17,34,EMP-19,Supervisor-3,60,6,409,8.8,9,24540
15-Aug-17,Aug-17,34,EMP-20,Supervisor-3,58,5,396,4.9,9,22968
16-Aug-17,Aug-17,34,EMP-1,Supervisor-1,64,13,355,5.9,9,22720
16-Aug-17,Aug-17,34,EMP-2,Supervisor-1,49,11,542,7.8,9,26558
16-Aug-17,Aug-17,34,EMP-3,Supervisor-1,55,25,440,7.8,9,24200
16-Aug-17,Aug-17,34,EMP-4,Supervisor-1,63,12,515,8.8,9,32445
16-Aug-17,Aug-17,34,EMP-5,Supervisor-1,34,10,461,9,9,15674
16-Aug-17,Aug-17,34,EMP-6,Supervisor-2,48,12,377,8.8,9,18096
16-Aug-17,Aug-17,34,EMP-7,Supervisor-2,36,22,547,7.8,9,19692
16-Aug-17,Aug-17,34,EMP-8,Supervisor-2,55,22,581,6.9,9,31955
16-Aug-17,Aug-17,34,EMP-9,Supervisor-2,52,14,510,9,9,26520
16-Aug-17,Aug-17,34,EMP-10,Supervisor-2,65,9,565,4.9,9,36725
16-Aug-17,Aug-17,34,EMP-11,Supervisor-2,57,8,564,8.8,9,32148
16-Aug-17,Aug-17,34,EMP-12,Supervisor-2,68,9,428,6.9,9,29104
16-Aug-17,Aug-17,34,EMP-13,Supervisor-2,38,6,489,4.9,9,18582
16-Aug-17,Aug-17,34,EMP-14,Supervisor-2,67,22,498,4.9,9,33366
16-Aug-17,Aug-17,34,EMP-15,Supervisor-3,46,21,554,7.8,9,25484
16-Aug-17,Aug-17,34,EMP-16,Supervisor-3,48,21,300,5.9,9,14400
16-Aug-17,Aug-17,34,EMP-17,Supervisor-3,37,23,388,6.9,9,14356
16-Aug-17,Aug-17,34,EMP-18,Supervisor-3,46,7,509,8.8,9,23414
16-Aug-17,Aug-17,34,EMP-19,Supervisor-3,65,8,474,9,9,30810
16-Aug-17,Aug-17,34,EMP-20,Supervisor-3,32,7,500,8.8,9,16000
17-Aug-17,Aug-17,34,EMP-1,Supervisor-1,33,20,452,4.9,9,14916
17-Aug-17,Aug-17,34,EMP-2,Supervisor-1,38,11,451,5.9,9,17138
17-Aug-17,Aug-17,34,EMP-3,Supervisor-1,66,22,546,5.9,9,36036
17-Aug-17,Aug-17,34,EMP-4,Supervisor-1,68,5,430,5.9,9,29240
17-Aug-17,Aug-17,34,EMP-5,Supervisor-1,59,18,455,4.9,9,26845
17-Aug-17,Aug-17,34,EMP-6,Supervisor-2,34,13,430,4.9,9,14620
17-Aug-17,Aug-17,34,EMP-7,Supervisor-2,59,26,528,5.9,9,31152
17-Aug-17,Aug-17,34,EMP-8,Supervisor-2,30,26,495,9,9,14850
17-Aug-17,Aug-17,34,EMP-9,Supervisor-2,37,14,530,7.8,9,19610
17-Aug-17,Aug-17,34,EMP-10,Supervisor-2,68,12,577,6.9,9,39236
17-Aug-17,Aug-17,34,EMP-11,Supervisor-2,60,17,584,8.8,9,35040
17-Aug-17,Aug-17,34,EMP-12,Supervisor-2,54,10,341,8.8,9,18414
17-Aug-17,Aug-17,34,EMP-13,Supervisor-2,39,21,445,6.9,9,17355
17-Aug-17,Aug-17,34,EMP-14,Supervisor-2,52,15,320,4.9,9,16640
17-Aug-17,Aug-17,34,EMP-15,Supervisor-3,31,0,452,4.9,9,14012
17-Aug-17,Aug-17,34,EMP-16,Supervisor-3,38,11,422,6.9,9,16036
17-Aug-17,Aug-17,34,EMP-17,Supervisor-3,30,8,575,8.8,9,17250
17-Aug-17,Aug-17,34,EMP-18,Supervisor-3,52,26,333,8.8,9,17316
17-Aug-17,Aug-17,34,EMP-19,Supervisor-3,62,17,529,9,9,32798
17-Aug-17,Aug-17,34,EMP-20,Supervisor-3,41,21,344,8.8,9,14104
18-Aug-17,Aug-17,34,EMP-1,Supervisor-1,35,11,591,6.9,9,20685
18-Aug-17,Aug-17,34,EMP-2,Supervisor-1,62,24,348,9,9,21576
18-Aug-17,Aug-17,34,EMP-3,Supervisor-1,35,22,301,9,9,10535
18-Aug-17,Aug-17,34,EMP-4,Supervisor-1,40,16,312,8.8,9,12480
18-Aug-17,Aug-17,34,EMP-5,Supervisor-1,54,6,428,8.8,9,23112
18-Aug-17,Aug-17,34,EMP-6,Supervisor-2,37,12,518,5.9,9,19166
18-Aug-17,Aug-17,34,EMP-7,Supervisor-2,54,22,486,7.8,9,26244
18-Aug-17,Aug-17,34,EMP-8,Supervisor-2,34,21,412,7.8,9,14008
18-Aug-17,Aug-17,34,EMP-9,Supervisor-2,30,22,404,4.9,9,12120
18-Aug-17,Aug-17,34,EMP-10,Supervisor-2,68,11,597,8.8,9,40596
18-Aug-17,Aug-17,34,EMP-11,Supervisor-2,67,21,441,7.8,9,29547
18-Aug-17,Aug-17,34,EMP-12,Supervisor-2,44,12,430,9,9,18920
18-Aug-17,Aug-17,34,EMP-13,Supervisor-2,62,25,595,7.8,9,36890
18-Aug-17,Aug-17,34,EMP-14,Supervisor-2,45,10,469,7.8,9,21105
18-Aug-17,Aug-17,34,EMP-15,Supervisor-3,33,9,467,4.9,9,15411
18-Aug-17,Aug-17,34,EMP-16,Supervisor-3,31,23,484,6.9,9,15004
18-Aug-17,Aug-17,34,EMP-17,Supervisor-3,42,18,349,8.8,9,14658
18-Aug-17,Aug-17,34,EMP-18,Supervisor-3,62,8,430,5.9,9,26660
18-Aug-17,Aug-17,34,EMP-19,Supervisor-3,69,5,387,9,9,26703
18-Aug-17,Aug-17,34,EMP-20,Supervisor-3,56,26,562,4.9,9,31472
19-Aug-17,Aug-17,34,EMP-1,Supervisor-1,41,26,519,4.9,9,21279
19-Aug-17,Aug-17,34,EMP-2,Supervisor-1,62,17,441,6.9,9,27342
19-Aug-17,Aug-17,34,EMP-3,Supervisor-1,66,26,387,9,9,25542
19-Aug-17,Aug-17,34,EMP-4,Supervisor-1,45,18,326,6.9,9,14670
19-Aug-17,Aug-17,34,EMP-5,Supervisor-1,44,27,421,9,9,18524
19-Aug-17,Aug-17,34,EMP-6,Supervisor-2,32,9,588,6.9,9,18816
19-Aug-17,Aug-17,34,EMP-7,Supervisor-2,31,15,437,4.9,9,13547
19-Aug-17,Aug-17,34,EMP-8,Supervisor-2,45,18,471,4.9,9,21195
19-Aug-17,Aug-17,34,EMP-9,Supervisor-2,55,6,461,7.8,9,25355
19-Aug-17,Aug-17,34,EMP-10,Supervisor-2,62,19,393,9,9,24366
19-Aug-17,Aug-17,34,EMP-11,Supervisor-2,51,20,308,9,9,15708
19-Aug-17,Aug-17,34,EMP-12,Supervisor-2,45,13,556,6.9,9,25020
19-Aug-17,Aug-17,34,EMP-13,Supervisor-2,47,11,507,4.9,9,23829
19-Aug-17,Aug-17,34,EMP-14,Supervisor-2,55,7,305,8.8,9,16775
19-Aug-17,Aug-17,34,EMP-15,Supervisor-3,69,8,467,6.9,9,32223
19-Aug-17,Aug-17,34,EMP-16,Supervisor-3,62,17,337,4.9,9,20894
19-Aug-17,Aug-17,34,EMP-17,Supervisor-3,44,23,515,7.8,9,22660
19-Aug-17,Aug-17,34,EMP-18,Supervisor-3,33,13,390,7.8,9,12870
19-Aug-17,Aug-17,34,EMP-19,Supervisor-3,69,9,304,4.9,9,20976
19-Aug-17,Aug-17,34,EMP-20,Supervisor-3,30,11,385,6.9,9,11550
20-Aug-17,Aug-17,34,EMP-1,Supervisor-1,51,17,379,8.8,9,19329
20-Aug-17,Aug-17,34,EMP-2,Supervisor-1,67,13,390,6.9,9,26130
20-Aug-17,Aug-17,34,EMP-3,Supervisor-1,48,0,480,5.9,9,23040
20-Aug-17,Aug-17,34,EMP-4,Supervisor-1,41,13,512,7.8,9,20992
20-Aug-17,Aug-17,34,EMP-5,Supervisor-1,36,21,325,7.8,9,11700
20-Aug-17,Aug-17,34,EMP-6,Supervisor-2,57,14,373,5.9,9,21261
20-Aug-17,Aug-17,34,EMP-7,Supervisor-2,57,5,436,5.9,9,24852
20-Aug-17,Aug-17,34,EMP-8,Supervisor-2,48,17,392,6.9,9,18816
20-Aug-17,Aug-17,34,EMP-9,Supervisor-2,64,26,465,5.9,9,29760
20-Aug-17,Aug-17,34,EMP-10,Supervisor-2,70,7,520,4.9,9,36400
20-Aug-17,Aug-17,34,EMP-11,Supervisor-2,54,6,314,7.8,9,16956
20-Aug-17,Aug-17,34,EMP-12,Supervisor-2,65,17,473,4.9,9,30745
20-Aug-17,Aug-17,34,EMP-13,Supervisor-2,32,18,456,8.8,9,14592
20-Aug-17,Aug-17,34,EMP-14,Supervisor-2,65,8,443,8.8,9,28795
20-Aug-17,Aug-17,34,EMP-15,Supervisor-3,61,24,496,6.9,9,30256
20-Aug-17,Aug-17,34,EMP-16,Supervisor-3,50,15,432,6.9,9,21600
20-Aug-17,Aug-17,34,EMP-17,Supervisor-3,67,0,315,6.9,9,21105
20-Aug-17,Aug-17,34,EMP-18,Supervisor-3,58,15,346,9,9,20068
20-Aug-17,Aug-17,34,EMP-19,Supervisor-3,63,18,425,7.8,9,26775
20-Aug-17,Aug-17,34,EMP-20,Supervisor-3,48,5,370,7.8,9,17760
21-Aug-17,Aug-17,35,EMP-1,Supervisor-1,31,25,470,4.9,9,14570
21-Aug-17,Aug-17,35,EMP-2,Supervisor-1,67,23,546,5.9,9,36582
21-Aug-17,Aug-17,35,EMP-3,Supervisor-1,54,13,489,9,9,26406
21-Aug-17,Aug-17,35,EMP-4,Supervisor-1,44,26,471,7.8,9,20724
21-Aug-17,Aug-17,35,EMP-5,Supervisor-1,68,13,591,4.9,9,40188
21-Aug-17,Aug-17,35,EMP-6,Supervisor-2,38,12,487,9,9,18506
21-Aug-17,Aug-17,35,EMP-7,Supervisor-2,61,17,544,9,9,33184
21-Aug-17,Aug-17,35,EMP-8,Supervisor-2,47,9,442,5.9,9,20774
21-Aug-17,Aug-17,35,EMP-9,Supervisor-2,41,13,511,4.9,9,20951
21-Aug-17,Aug-17,35,EMP-10,Supervisor-2,65,22,447,9,9,29055
21-Aug-17,Aug-17,35,EMP-11,Supervisor-2,51,12,394,4.9,9,20094
21-Aug-17,Aug-17,35,EMP-12,Supervisor-2,38,25,327,4.9,9,12426
21-Aug-17,Aug-17,35,EMP-13,Supervisor-2,33,23,380,4.9,9,12540
21-Aug-17,Aug-17,35,EMP-14,Supervisor-2,58,20,457,9,9,26506
21-Aug-17,Aug-17,35,EMP-15,Supervisor-3,65,6,387,5.9,9,25155
21-Aug-17,Aug-17,35,EMP-16,Supervisor-3,44,19,480,7.8,9,21120
21-Aug-17,Aug-17,35,EMP-17,Supervisor-3,70,13,432,8.8,9,30240
21-Aug-17,Aug-17,35,EMP-18,Supervisor-3,61,11,486,5.9,9,29646
21-Aug-17,Aug-17,35,EMP-19,Supervisor-3,43,11,345,9,9,14835
21-Aug-17,Aug-17,35,EMP-20,Supervisor-3,30,11,516,8.8,9,15480
22-Aug-17,Aug-17,35,EMP-1,Supervisor-1,65,12,338,4.9,9,21970
22-Aug-17,Aug-17,35,EMP-2,Supervisor-1,62,24,428,5.9,9,26536
22-Aug-17,Aug-17,35,EMP-3,Supervisor-1,62,0,511,6.9,9,31682
22-Aug-17,Aug-17,35,EMP-4,Supervisor-1,55,25,519,8.8,9,28545
22-Aug-17,Aug-17,35,EMP-5,Supervisor-1,57,25,565,6.9,9,32205
22-Aug-17,Aug-17,35,EMP-6,Supervisor-2,70,22,471,6.9,9,32970
22-Aug-17,Aug-17,35,EMP-7,Supervisor-2,41,26,329,8.8,9,13489
22-Aug-17,Aug-17,35,EMP-8,Supervisor-2,59,21,312,6.9,9,18408
22-Aug-17,Aug-17,35,EMP-9,Supervisor-2,46,20,302,4.9,9,13892
22-Aug-17,Aug-17,35,EMP-10,Supervisor-2,63,12,415,5.9,9,26145
22-Aug-17,Aug-17,35,EMP-11,Supervisor-2,43,23,414,6.9,9,17802
22-Aug-17,Aug-17,35,EMP-12,Supervisor-2,54,14,560,9,9,30240
22-Aug-17,Aug-17,35,EMP-13,Supervisor-2,56,20,573,5.9,9,32088
22-Aug-17,Aug-17,35,EMP-14,Supervisor-2,57,13,384,9,9,21888
22-Aug-17,Aug-17,35,EMP-15,Supervisor-3,53,0,444,9,9,23532
22-Aug-17,Aug-17,35,EMP-16,Supervisor-3,60,12,572,7.8,9,34320
22-Aug-17,Aug-17,35,EMP-17,Supervisor-3,47,10,364,9,9,17108
22-Aug-17,Aug-17,35,EMP-18,Supervisor-3,57,0,543,9,9,30951
22-Aug-17,Aug-17,35,EMP-19,Supervisor-3,44,16,521,8.8,9,22924
22-Aug-17,Aug-17,35,EMP-20,Supervisor-3,36,13,547,4.9,9,19692
23-Aug-17,Aug-17,35,EMP-1,Supervisor-1,35,25,339,4.9,9,11865
23-Aug-17,Aug-17,35,EMP-2,Supervisor-1,57,27,459,8.8,9,26163
23-Aug-17,Aug-17,35,EMP-3,Supervisor-1,45,27,318,6.9,9,14310
23-Aug-17,Aug-17,35,EMP-4,Supervisor-1,30,26,507,6.9,9,15210
23-Aug-17,Aug-17,35,EMP-5,Supervisor-1,54,13,492,9,9,26568
23-Aug-17,Aug-17,35,EMP-6,Supervisor-2,44,27,505,6.9,9,22220
23-Aug-17,Aug-17,35,EMP-7,Supervisor-2,50,17,439,4.9,9,21950
23-Aug-17,Aug-17,35,EMP-8,Supervisor-2,50,19,433,8.8,9,21650
23-Aug-17,Aug-17,35,EMP-9,Supervisor-2,69,7,449,4.9,9,30981
23-Aug-17,Aug-17,35,EMP-10,Supervisor-2,43,18,574,9,9,24682
23-Aug-17,Aug-17,35,EMP-11,Supervisor-2,37,8,551,8.8,9,20387
23-Aug-17,Aug-17,35,EMP-12,Supervisor-2,55,10,556,9,9,30580
23-Aug-17,Aug-17,35,EMP-13,Supervisor-2,34,19,502,7.8,9,17068
23-Aug-17,Aug-17,35,EMP-14,Supervisor-2,32,9,420,5.9,9,13440
23-Aug-17,Aug-17,35,EMP-15,Supervisor-3,38,9,352,4.9,9,13376
23-Aug-17,Aug-17,35,EMP-16,Supervisor-3,39,7,366,4.9,9,14274
23-Aug-17,Aug-17,35,EMP-17,Supervisor-3,46,16,488,5.9,9,22448
23-Aug-17,Aug-17,35,EMP-18,Supervisor-3,33,24,559,6.9,9,18447
23-Aug-17,Aug-17,35,EMP-19,Supervisor-3,55,19,595,7.8,9,32725
23-Aug-17,Aug-17,35,EMP-20,Supervisor-3,30,13,304,7.8,9,9120
24-Aug-17,Aug-17,35,EMP-1,Supervisor-1,46,17,353,4.9,9,16238
24-Aug-17,Aug-17,35,EMP-2,Supervisor-1,38,5,478,5.9,9,18164
24-Aug-17,Aug-17,35,EMP-3,Supervisor-1,41,0,591,4.9,9,24231
24-Aug-17,Aug-17,35,EMP-4,Supervisor-1,46,15,546,8.8,9,25116
24-Aug-17,Aug-17,35,EMP-5,Supervisor-1,57,27,463,9,9,26391
24-Aug-17,Aug-17,35,EMP-6,Supervisor-2,31,11,397,6.9,9,12307
24-Aug-17,Aug-17,35,EMP-7,Supervisor-2,44,17,442,4.9,9,19448
24-Aug-17,Aug-17,35,EMP-8,Supervisor-2,47,8,453,4.9,9,21291
24-Aug-17,Aug-17,35,EMP-9,Supervisor-2,48,13,353,6.9,9,16944
24-Aug-17,Aug-17,35,EMP-10,Supervisor-2,57,15,588,7.8,9,33516
24-Aug-17,Aug-17,35,EMP-11,Supervisor-2,43,27,549,8.8,9,23607
24-Aug-17,Aug-17,35,EMP-12,Supervisor-2,31,5,382,9,9,11842
24-Aug-17,Aug-17,35,EMP-13,Supervisor-2,33,15,452,4.9,9,14916
24-Aug-17,Aug-17,35,EMP-14,Supervisor-2,52,23,410,6.9,9,21320
24-Aug-17,Aug-17,35,EMP-15,Supervisor-3,37,14,499,7.8,9,18463
24-Aug-17,Aug-17,35,EMP-16,Supervisor-3,50,19,492,8.8,9,24600
24-Aug-17,Aug-17,35,EMP-17,Supervisor-3,51,5,386,9,9,19686
24-Aug-17,Aug-17,35,EMP-18,Supervisor-3,69,5,353,8.8,9,24357
24-Aug-17,Aug-17,35,EMP-19,Supervisor-3,68,24,464,6.9,9,31552
24-Aug-17,Aug-17,35,EMP-20,Supervisor-3,41,17,401,9,9,16441
25-Aug-17,Aug-17,35,EMP-1,Supervisor-1,64,10,350,6.9,9,22400
25-Aug-17,Aug-17,35,EMP-2,Supervisor-1,53,0,557,9,9,29521
25-Aug-17,Aug-17,35,EMP-3,Supervisor-1,55,27,545,8.8,9,29975
25-Aug-17,Aug-17,35,EMP-4,Supervisor-1,51,24,587,6.9,9,29937
25-Aug-17,Aug-17,35,EMP-5,Supervisor-1,62,27,427,4.9,9,26474
25-Aug-17,Aug-17,35,EMP-6,Supervisor-2,61,22,434,9,9,26474
25-Aug-17,Aug-17,35,EMP-7,Supervisor-2,32,20,454,9,9,14528
25-Aug-17,Aug-17,35,EMP-8,Supervisor-2,62,27,317,9,9,19654
25-Aug-17,Aug-17,35,EMP-9,Supervisor-2,37,15,330,7.8,9,12210
25-Aug-17,Aug-17,35,EMP-10,Supervisor-2,59,20,477,6.9,9,28143
25-Aug-17,Aug-17,35,EMP-11,Supervisor-2,68,26,437,4.9,9,29716
25-Aug-17,Aug-17,35,EMP-12,Supervisor-2,32,16,537,7.8,9,17184
25-Aug-17,Aug-17,35,EMP-13,Supervisor-2,37,22,506,8.8,9,18722
25-Aug-17,Aug-17,35,EMP-14,Supervisor-2,42,9,545,4.9,9,22890
25-Aug-17,Aug-17,35,EMP-15,Supervisor-3,54,13,477,6.9,9,25758
25-Aug-17,Aug-17,35,EMP-16,Supervisor-3,42,0,582,5.9,9,24444
25-Aug-17,Aug-17,35,EMP-17,Supervisor-3,33,18,429,5.9,9,14157
25-Aug-17,Aug-17,35,EMP-18,Supervisor-3,45,16,494,4.9,9,22230
25-Aug-17,Aug-17,35,EMP-19,Supervisor-3,40,22,354,7.8,9,14160
25-Aug-17,Aug-17,35,EMP-20,Supervisor-3,37,21,510,6.9,9,18870
26-Aug-17,Aug-17,35,EMP-1,Supervisor-1,49,27,507,8.8,9,24843
26-Aug-17,Aug-17,35,EMP-2,Supervisor-1,34,20,547,9,9,18598
26-Aug-17,Aug-17,35,EMP-3,Supervisor-1,60,22,596,6.9,9,35760
26-Aug-17,Aug-17,35,EMP-4,Supervisor-1,57,19,503,4.9,9,28671
26-Aug-17,Aug-17,35,EMP-5,Supervisor-1,69,26,515,6.9,9,35535
26-Aug-17,Aug-17,35,EMP-6,Supervisor-2,30,19,318,6.9,9,9540
26-Aug-17,Aug-17,35,EMP-7,Supervisor-2,34,16,392,4.9,9,13328
26-Aug-17,Aug-17,35,EMP-8,Supervisor-2,38,21,361,9,9,13718
26-Aug-17,Aug-17,35,EMP-9,Supervisor-2,68,26,456,6.9,9,31008
26-Aug-17,Aug-17,35,EMP-10,Supervisor-2,40,9,530,5.9,9,21200
26-Aug-17,Aug-17,35,EMP-11,Supervisor-2,51,13,483,8.8,9,24633
26-Aug-17,Aug-17,35,EMP-12,Supervisor-2,32,9,473,5.9,9,15136
26-Aug-17,Aug-17,35,EMP-13,Supervisor-2,52,27,347,5.9,9,18044
26-Aug-17,Aug-17,35,EMP-14,Supervisor-2,50,8,305,6.9,9,15250
26-Aug-17,Aug-17,35,EMP-15,Supervisor-3,34,24,529,7.8,9,17986
26-Aug-17,Aug-17,35,EMP-16,Supervisor-3,63,24,465,6.9,9,29295
26-Aug-17,Aug-17,35,EMP-17,Supervisor-3,36,15,466,9,9,16776
26-Aug-17,Aug-17,35,EMP-18,Supervisor-3,45,7,564,5.9,9,25380
26-Aug-17,Aug-17,35,EMP-19,Supervisor-3,53,16,524,7.8,9,27772
26-Aug-17,Aug-17,35,EMP-20,Supervisor-3,39,13,547,9,9,21333
27-Aug-17,Aug-17,35,EMP-1,Supervisor-1,34,14,470,9,9,15980
27-Aug-17,Aug-17,35,EMP-2,Supervisor-1,50,12,396,7.8,9,19800
27-Aug-17,Aug-17,35,EMP-3,Supervisor-1,49,8,507,8.8,9,24843
27-Aug-17,Aug-17,35,EMP-4,Supervisor-1,30,13,567,4.9,9,17010
27-Aug-17,Aug-17,35,EMP-5,Supervisor-1,41,16,405,7.8,9,16605
27-Aug-17,Aug-17,35,EMP-6,Supervisor-2,33,21,395,9,9,13035
27-Aug-17,Aug-17,35,EMP-7,Supervisor-2,30,19,363,4.9,9,10890
27-Aug-17,Aug-17,35,EMP-8,Supervisor-2,34,19,400,4.9,9,13600
27-Aug-17,Aug-17,35,EMP-9,Supervisor-2,70,24,507,7.8,9,35490
27-Aug-17,Aug-17,35,EMP-10,Supervisor-2,59,20,480,9,9,28320
27-Aug-17,Aug-17,35,EMP-11,Supervisor-2,59,6,596,8.8,9,35164
27-Aug-17,Aug-17,35,EMP-12,Supervisor-2,59,21,514,8.8,9,30326
27-Aug-17,Aug-17,35,EMP-13,Supervisor-2,36,15,329,9,9,11844
27-Aug-17,Aug-17,35,EMP-14,Supervisor-2,52,13,333,7.8,9,17316
27-Aug-17,Aug-17,35,EMP-15,Supervisor-3,50,20,590,4.9,9,29500
27-Aug-17,Aug-17,35,EMP-16,Supervisor-3,36,16,390,6.9,9,14040
27-Aug-17,Aug-17,35,EMP-17,Supervisor-3,67,15,587,5.9,9,39329
27-Aug-17,Aug-17,35,EMP-18,Supervisor-3,69,18,584,8.8,9,40296
27-Aug-17,Aug-17,35,EMP-19,Supervisor-3,64,6,500,6.9,9,32000
27-Aug-17,Aug-17,35,EMP-20,Supervisor-3,41,16,469,9,9,19229
28-Aug-17,Aug-17,36,EMP-1,Supervisor-1,43,8,357,5.9,9,15351
28-Aug-17,Aug-17,36,EMP-2,Supervisor-1,40,23,556,9,9,22240
28-Aug-17,Aug-17,36,EMP-3,Supervisor-1,42,27,571,8.8,9,23982
28-Aug-17,Aug-17,36,EMP-4,Supervisor-1,45,22,490,7.8,9,22050
28-Aug-17,Aug-17,36,EMP-5,Supervisor-1,61,26,417,6.9,9,25437
28-Aug-17,Aug-17,36,EMP-6,Supervisor-2,45,13,446,5.9,9,20070
28-Aug-17,Aug-17,36,EMP-7,Supervisor-2,34,14,334,5.9,9,11356
28-Aug-17,Aug-17,36,EMP-8,Supervisor-2,43,7,422,8.8,9,18146
28-Aug-17,Aug-17,36,EMP-9,Supervisor-2,43,13,574,9,9,24682
28-Aug-17,Aug-17,36,EMP-10,Supervisor-2,41,25,575,5.9,9,23575
28-Aug-17,Aug-17,36,EMP-11,Supervisor-2,36,14,305,5.9,9,10980
28-Aug-17,Aug-17,36,EMP-12,Supervisor-2,46,25,408,7.8,9,18768
28-Aug-17,Aug-17,36,EMP-13,Supervisor-2,61,17,521,7.8,9,31781
28-Aug-17,Aug-17,36,EMP-14,Supervisor-2,56,5,550,4.9,9,30800
28-Aug-17,Aug-17,36,EMP-15,Supervisor-3,54,22,341,6.9,9,18414
28-Aug-17,Aug-17,36,EMP-16,Supervisor-3,38,7,378,8.8,9,14364
28-Aug-17,Aug-17,36,EMP-17,Supervisor-3,34,7,356,7.8,9,12104
28-Aug-17,Aug-17,36,EMP-18,Supervisor-3,33,25,505,6.9,9,16665
28-Aug-17,Aug-17,36,EMP-19,Supervisor-3,35,6,476,6.9,9,16660
28-Aug-17,Aug-17,36,EMP-20,Supervisor-3,39,15,484,7.8,9,18876
29-Aug-17,Aug-17,36,EMP-1,Supervisor-1,32,5,462,7.8,9,14784
29-Aug-17,Aug-17,36,EMP-2,Supervisor-1,69,20,314,4.9,9,21666
29-Aug-17,Aug-17,36,EMP-3,Supervisor-1,69,15,575,6.9,9,39675
29-Aug-17,Aug-17,36,EMP-4,Supervisor-1,56,13,378,9,9,21168
29-Aug-17,Aug-17,36,EMP-5,Supervisor-1,54,21,576,4.9,9,31104
29-Aug-17,Aug-17,36,EMP-6,Supervisor-2,32,22,329,8.8,9,10528
29-Aug-17,Aug-17,36,EMP-7,Supervisor-2,66,0,555,6.9,9,36630
29-Aug-17,Aug-17,36,EMP-8,Supervisor-2,32,22,328,8.8,9,10496
29-Aug-17,Aug-17,36,EMP-9,Supervisor-2,59,16,571,4.9,9,33689
29-Aug-17,Aug-17,36,EMP-10,Supervisor-2,70,10,438,5.9,9,30660
29-Aug-17,Aug-17,36,EMP-11,Supervisor-2,66,20,577,9,9,38082
29-Aug-17,Aug-17,36,EMP-12,Supervisor-2,43,9,416,8.8,9,17888
29-Aug-17,Aug-17,36,EMP-13,Supervisor-2,69,6,430,4.9,9,29670
29-Aug-17,Aug-17,36,EMP-14,Supervisor-2,52,23,309,6.9,9,16068
29-Aug-17,Aug-17,36,EMP-15,Supervisor-3,63,22,486,4.9,9,30618
29-Aug-17,Aug-17,36,EMP-16,Supervisor-3,53,21,502,9,9,26606
29-Aug-17,Aug-17,36,EMP-17,Supervisor-3,66,27,499,9,9,32934
29-Aug-17,Aug-17,36,EMP-18,Supervisor-3,60,13,314,8.8,9,18840
29-Aug-17,Aug-17,36,EMP-19,Supervisor-3,56,17,547,4.9,9,30632
29-Aug-17,Aug-17,36,EMP-20,Supervisor-3,41,19,333,4.9,9,13653
30-Aug-17,Aug-17,36,EMP-1,Supervisor-1,59,0,510,6.9,9,30090
30-Aug-17,Aug-17,36,EMP-2,Supervisor-1,38,11,321,8.8,9,12198
30-Aug-17,Aug-17,36,EMP-3,Supervisor-1,45,26,559,9,9,25155
30-Aug-17,Aug-17,36,EMP-4,Supervisor-1,33,6,484,9,9,15972
30-Aug-17,Aug-17,36,EMP-5,Supervisor-1,38,25,528,9,9,20064
30-Aug-17,Aug-17,36,EMP-6,Supervisor-2,45,8,327,6.9,9,14715
30-Aug-17,Aug-17,36,EMP-7,Supervisor-2,55,16,529,5.9,9,29095
30-Aug-17,Aug-17,36,EMP-8,Supervisor-2,52,6,408,7.8,9,21216
30-Aug-17,Aug-17,36,EMP-9,Supervisor-2,33,16,443,9,9,14619
30-Aug-17,Aug-17,36,EMP-10,Supervisor-2,55,27,451,4.9,9,24805
30-Aug-17,Aug-17,36,EMP-11,Supervisor-2,62,7,548,9,9,33976
30-Aug-17,Aug-17,36,EMP-12,Supervisor-2,46,16,509,4.9,9,23414
30-Aug-17,Aug-17,36,EMP-13,Supervisor-2,60,7,550,4.9,9,33000
30-Aug-17,Aug-17,36,EMP-14,Supervisor-2,39,9,392,5.9,9,15288
30-Aug-17,Aug-17,36,EMP-15,Supervisor-3,58,17,409,9,9,23722
30-Aug-17,Aug-17,36,EMP-16,Supervisor-3,66,10,494,7.8,9,32604
30-Aug-17,Aug-17,36,EMP-17,Supervisor-3,53,15,571,8.8,9,30263
30-Aug-17,Aug-17,36,EMP-18,Supervisor-3,61,14,421,6.9,9,25681
30-Aug-17,Aug-17,36,EMP-19,Supervisor-3,66,19,371,9,9,24486
30-Aug-17,Aug-17,36,EMP-20,Supervisor-3,31,26,481,4.9,9,14911
31-Aug-17,Aug-17,36,EMP-1,Supervisor-1,66,7,445,8.8,9,29370
31-Aug-17,Aug-17,36,EMP-2,Supervisor-1,39,8,402,6.9,9,15678
31-Aug-17,Aug-17,36,EMP-3,Supervisor-1,49,10,476,8.8,9,23324
31-Aug-17,Aug-17,36,EMP-4,Supervisor-1,61,22,581,7.8,9,35441
31-Aug-17,Aug-17,36,EMP-5,Supervisor-1,52,10,445,4.9,9,23140
31-Aug-17,Aug-17,36,EMP-6,Supervisor-2,60,13,329,7.8,9,19740
31-Aug-17,Aug-17,36,EMP-7,Supervisor-2,34,12,437,7.8,9,14858
31-Aug-17,Aug-17,36,EMP-8,Supervisor-2,65,10,311,6.9,9,20215
31-Aug-17,Aug-17,36,EMP-9,Supervisor-2,61,10,532,6.9,9,32452
31-Aug-17,Aug-17,36,EMP-10,Supervisor-2,63,25,457,7.8,9,28791
31-Aug-17,Aug-17,36,EMP-11,Supervisor-2,53,21,505,5.9,9,26765
31-Aug-17,Aug-17,36,EMP-12,Supervisor-2,36,20,485,9,9,17460
31-Aug-17,Aug-17,36,EMP-13,Supervisor-2,42,21,398,5.9,9,16716
31-Aug-17,Aug-17,36,EMP-14,Supervisor-2,35,10,452,8.8,9,15820
31-Aug-17,Aug-17,36,EMP-15,Supervisor-3,68,10,402,8.8,9,27336
31-Aug-17,Aug-17,36,EMP-16,Supervisor-3,61,18,381,5.9,9,23241
31-Aug-17,Aug-17,36,EMP-17,Supervisor-3,59,21,384,6.9,9,22656
31-Aug-17,Aug-17,36,EMP-18,Supervisor-3,63,19,554,7.8,9,34902
31-Aug-17,Aug-17,36,EMP-19,Supervisor-3,38,9,319,8.8,9,12122
31-Aug-17,Aug-17,36,EMP-20,Supervisor-3,48,18,363,4.9,9,17424
01-Sep-17,Sep-17,36,EMP-1,Supervisor-1,40,7,326,6.9,9,13040
01-Sep-17,Sep-17,36,EMP-2,Supervisor-1,37,21,577,4.9,9,21349
01-Sep-17,Sep-17,36,EMP-3,Supervisor-1,49,23,492,5.9,9,24108
01-Sep-17,Sep-17,36,EMP-4,Supervisor-1,38,7,578,6.9,9,21964
01-Sep-17,Sep-17,36,EMP-5,Supervisor-1,42,8,407,9,9,17094
01-Sep-17,Sep-17,36,EMP-6,Supervisor-2,53,5,516,4.9,9,27348
01-Sep-17,Sep-17,36,EMP-7,Supervisor-2,50,14,478,7.8,9,23900
01-Sep-17,Sep-17,36,EMP-8,Supervisor-2,53,22,596,5.9,9,31588
01-Sep-17,Sep-17,36,EMP-9,Supervisor-2,34,19,497,4.9,9,16898
01-Sep-17,Sep-17,36,EMP-10,Supervisor-2,57,15,396,6.9,9,22572
01-Sep-17,Sep-17,36,EMP-11,Supervisor-2,45,23,582,6.9,9,26190
01-Sep-17,Sep-17,36,EMP-12,Supervisor-2,65,19,582,6.9,9,37830
01-Sep-17,Sep-17,36,EMP-13,Supervisor-2,62,25,427,4.9,9,26474
01-Sep-17,Sep-17,36,EMP-14,Supervisor-2,46,14,353,8.8,9,16238
01-Sep-17,Sep-17,36,EMP-15,Supervisor-3,45,6,398,7.8,9,17910
01-Sep-17,Sep-17,36,EMP-16,Supervisor-3,62,26,485,4.9,9,30070
01-Sep-17,Sep-17,36,EMP-17,Supervisor-3,32,19,536,8.8,9,17152
01-Sep-17,Sep-17,36,EMP-18,Supervisor-3,35,26,407,6.9,9,14245
01-Sep-17,Sep-17,36,EMP-19,Supervisor-3,47,12,529,5.9,9,24863
01-Sep-17,Sep-17,36,EMP-20,Supervisor-3,54,14,522,9,9,28188
02-Sep-17,Sep-17,36,EMP-1,Supervisor-1,56,14,474,7.8,9,26544
02-Sep-17,Sep-17,36,EMP-2,Supervisor-1,61,11,516,6.9,9,31476
02-Sep-17,Sep-17,36,EMP-3,Supervisor-1,49,10,324,5.9,9,15876
02-Sep-17,Sep-17,36,EMP-4,Supervisor-1,41,11,397,6.9,9,16277
02-Sep-17,Sep-17,36,EMP-5,Supervisor-1,61,26,334,8.8,9,20374
02-Sep-17,Sep-17,36,EMP-6,Supervisor-2,64,27,502,4.9,9,32128
02-Sep-17,Sep-17,36,EMP-7,Supervisor-2,66,9,475,7.8,9,31350
02-Sep-17,Sep-17,36,EMP-8,Supervisor-2,67,11,308,7.8,9,20636
02-Sep-17,Sep-17,36,EMP-9,Supervisor-2,55,15,554,9,9,30470
02-Sep-17,Sep-17,36,EMP-10,Supervisor-2,51,18,343,4.9,9,17493
02-Sep-17,Sep-17,36,EMP-11,Supervisor-2,69,26,397,7.8,9,27393
02-Sep-17,Sep-17,36,EMP-12,Supervisor-2,31,0,519,7.8,9,16089
02-Sep-17,Sep-17,36,EMP-13,Supervisor-2,35,10,471,8.8,9,16485
02-Sep-17,Sep-17,36,EMP-14,Supervisor-2,70,21,324,5.9,9,22680
02-Sep-17,Sep-17,36,EMP-15,Supervisor-3,53,22,561,9,9,29733
02-Sep-17,Sep-17,36,EMP-16,Supervisor-3,46,8,509,8.8,9,23414
02-Sep-17,Sep-17,36,EMP-17,Supervisor-3,35,5,312,7.8,9,10920
02-Sep-17,Sep-17,36,EMP-18,Supervisor-3,37,16,483,6.9,9,17871
02-Sep-17,Sep-17,36,EMP-19,Supervisor-3,50,13,511,9,9,25550
02-Sep-17,Sep-17,36,EMP-20,Supervisor-3,45,13,539,6.9,9,24255
03-Sep-17,Sep-17,36,EMP-1,Supervisor-1,62,5,401,6.9,9,24862
03-Sep-17,Sep-17,36,EMP-2,Supervisor-1,33,20,469,5.9,9,15477
03-Sep-17,Sep-17,36,EMP-3,Supervisor-1,40,14,324,4.9,9,12960
03-Sep-17,Sep-17,36,EMP-4,Supervisor-1,41,16,568,6.9,9,23288
03-Sep-17,Sep-17,36,EMP-5,Supervisor-1,30,26,365,7.8,9,10950
03-Sep-17,Sep-17,36,EMP-6,Supervisor-2,65,8,460,4.9,9,29900
03-Sep-17,Sep-17,36,EMP-7,Supervisor-2,58,27,509,6.9,9,29522
03-Sep-17,Sep-17,36,EMP-8,Supervisor-2,60,6,500,9,9,30000
03-Sep-17,Sep-17,36,EMP-9,Supervisor-2,36,10,487,8.8,9,17532
03-Sep-17,Sep-17,36,EMP-10,Supervisor-2,39,20,524,9,9,20436
03-Sep-17,Sep-17,36,EMP-11,Supervisor-2,66,27,422,6.9,9,27852
03-Sep-17,Sep-17,36,EMP-12,Supervisor-2,39,6,563,4.9,9,21957
03-Sep-17,Sep-17,36,EMP-13,Supervisor-2,38,25,552,5.9,9,20976
03-Sep-17,Sep-17,36,EMP-14,Supervisor-2,31,16,554,6.9,9,17174
03-Sep-17,Sep-17,36,EMP-15,Supervisor-3,30,24,418,8.8,9,12540
03-Sep-17,Sep-17,36,EMP-16,Supervisor-3,39,14,312,6.9,9,12168
03-Sep-17,Sep-17,36,EMP-17,Supervisor-3,53,21,562,9,9,29786
03-Sep-17,Sep-17,36,EMP-18,Supervisor-3,51,0,357,7.8,9,18207
03-Sep-17,Sep-17,36,EMP-19,Supervisor-3,68,24,511,9,9,34748
03-Sep-17,Sep-17,36,EMP-20,Supervisor-3,49,19,439,7.8,9,21511
04-Sep-17,Sep-17,37,EMP-1,Supervisor-1,49,27,307,6.9,9,15043
04-Sep-17,Sep-17,37,EMP-2,Supervisor-1,62,9,499,8.8,9,30938
04-Sep-17,Sep-17,37,EMP-3,Supervisor-1,70,19,370,8.8,9,25900
04-Sep-17,Sep-17,37,EMP-4,Supervisor-1,31,11,513,6.9,9,15903
04-Sep-17,Sep-17,37,EMP-5,Supervisor-1,36,25,502,4.9,9,18072
04-Sep-17,Sep-17,37,EMP-6,Supervisor-2,70,15,496,5.9,9,34720
04-Sep-17,Sep-17,37,EMP-7,Supervisor-2,44,6,486,8.8,9,21384
04-Sep-17,Sep-17,37,EMP-8,Supervisor-2,44,11,483,5.9,9,21252
04-Sep-17,Sep-17,37,EMP-9,Supervisor-2,43,7,529,5.9,9,22747
04-Sep-17,Sep-17,37,EMP-10,Supervisor-2,63,21,395,8.8,9,24885
04-Sep-17,Sep-17,37,EMP-11,Supervisor-2,49,6,588,4.9,9,28812
04-Sep-17,Sep-17,37,EMP-12,Supervisor-2,68,27,395,9,9,26860
04-Sep-17,Sep-17,37,EMP-13,Supervisor-2,47,27,389,5.9,9,18283
04-Sep-17,Sep-17,37,EMP-14,Supervisor-2,57,13,384,6.9,9,21888
04-Sep-17,Sep-17,37,EMP-15,Supervisor-3,40,24,486,4.9,9,19440
04-Sep-17,Sep-17,37,EMP-16,Supervisor-3,61,27,334,8.8,9,20374
04-Sep-17,Sep-17,37,EMP-17,Supervisor-3,50,12,571,7.8,9,28550
04-Sep-17,Sep-17,37,EMP-18,Supervisor-3,69,26,352,5.9,9,24288
04-Sep-17,Sep-17,37,EMP-19,Supervisor-3,44,14,468,4.9,9,20592
04-Sep-17,Sep-17,37,EMP-20,Supervisor-3,38,8,502,5.9,9,19076
05-Sep-17,Sep-17,37,EMP-1,Supervisor-1,68,10,431,6.9,9,29308
05-Sep-17,Sep-17,37,EMP-2,Supervisor-1,46,16,545,8.8,9,25070
05-Sep-17,Sep-17,37,EMP-3,Supervisor-1,31,6,532,4.9,9,16492
05-Sep-17,Sep-17,37,EMP-4,Supervisor-1,47,10,332,7.8,9,15604
05-Sep-17,Sep-17,37,EMP-5,Supervisor-1,36,7,327,7.8,9,11772
05-Sep-17,Sep-17,37,EMP-6,Supervisor-2,35,0,479,6.9,9,16765
05-Sep-17,Sep-17,37,EMP-7,Supervisor-2,40,24,336,7.8,9,13440
05-Sep-17,Sep-17,37,EMP-8,Supervisor-2,68,24,446,7.8,9,30328
05-Sep-17,Sep-17,37,EMP-9,Supervisor-2,59,22,487,7.8,9,28733
05-Sep-17,Sep-17,37,EMP-10,Supervisor-2,61,11,516,6.9,9,31476
05-Sep-17,Sep-17,37,EMP-11,Supervisor-2,38,5,332,8.8,9,12616
05-Sep-17,Sep-17,37,EMP-12,Supervisor-2,70,17,467,6.9,9,32690
05-Sep-17,Sep-17,37,EMP-13,Supervisor-2,51,14,462,5.9,9,23562
05-Sep-17,Sep-17,37,EMP-14,Supervisor-2,59,21,493,8.8,9,29087
05-Sep-17,Sep-17,37,EMP-15,Supervisor-3,59,10,497,9,9,29323
05-Sep-17,Sep-17,37,EMP-16,Supervisor-3,36,25,406,9,9,14616
05-Sep-17,Sep-17,37,EMP-17,Supervisor-3,30,7,381,7.8,9,11430
05-Sep-17,Sep-17,37,EMP-18,Supervisor-3,43,18,563,4.9,9,24209
05-Sep-17,Sep-17,37,EMP-19,Supervisor-3,64,13,349,7.8,9,22336
05-Sep-17,Sep-17,37,EMP-20,Supervisor-3,50,15,311,9,9,15550
06-Sep-17,Sep-17,37,EMP-1,Supervisor-1,54,0,396,5.9,9,21384
06-Sep-17,Sep-17,37,EMP-2,Supervisor-1,34,22,479,7.8,9,16286
06-Sep-17,Sep-17,37,EMP-3,Supervisor-1,37,24,300,8.8,9,11100
06-Sep-17,Sep-17,37,EMP-4,Supervisor-1,31,0,358,8.8,9,11098
06-Sep-17,Sep-17,37,EMP-5,Supervisor-1,58,22,505,9,9,29290
06-Sep-17,Sep-17,37,EMP-6,Supervisor-2,64,20,305,5.9,9,19520
06-Sep-17,Sep-17,37,EMP-7,Supervisor-2,36,24,424,8.8,9,15264
06-Sep-17,Sep-17,37,EMP-8,Supervisor-2,53,12,377,4.9,9,19981
06-Sep-17,Sep-17,37,EMP-9,Supervisor-2,30,19,367,9,9,11010
06-Sep-17,Sep-17,37,EMP-10,Supervisor-2,35,5,432,9,9,15120
06-Sep-17,Sep-17,37,EMP-11,Supervisor-2,54,13,304,8.8,9,16416
06-Sep-17,Sep-17,37,EMP-12,Supervisor-2,63,25,536,6.9,9,33768
06-Sep-17,Sep-17,37,EMP-13,Supervisor-2,39,14,548,6.9,9,21372
06-Sep-17,Sep-17,37,EMP-14,Supervisor-2,57,6,395,7.8,9,22515
06-Sep-17,Sep-17,37,EMP-15,Supervisor-3,42,18,431,7.8,9,18102
06-Sep-17,Sep-17,37,EMP-16,Supervisor-3,70,13,538,7.8,9,37660
06-Sep-17,Sep-17,37,EMP-17,Supervisor-3,69,6,502,4.9,9,34638
06-Sep-17,Sep-17,37,EMP-18,Supervisor-3,51,22,341,5.9,9,17391
06-Sep-17,Sep-17,37,EMP-19,Supervisor-3,69,12,528,4.9,9,36432
06-Sep-17,Sep-17,37,EMP-20,Supervisor-3,44,15,391,6.9,9,17204
07-Sep-17,Sep-17,37,EMP-1,Supervisor-1,59,26,446,8.8,9,26314
07-Sep-17,Sep-17,37,EMP-2,Supervisor-1,31,25,309,7.8,9,9579
07-Sep-17,Sep-17,37,EMP-3,Supervisor-1,56,11,518,6.9,9,29008
07-Sep-17,Sep-17,37,EMP-4,Supervisor-1,31,17,381,5.9,9,11811
07-Sep-17,Sep-17,37,EMP-5,Supervisor-1,69,5,382,6.9,9,26358
07-Sep-17,Sep-17,37,EMP-6,Supervisor-2,65,6,527,6.9,9,34255
07-Sep-17,Sep-17,37,EMP-7,Supervisor-2,53,25,389,8.8,9,20617
07-Sep-17,Sep-17,37,EMP-8,Supervisor-2,35,18,583,4.9,9,20405
07-Sep-17,Sep-17,37,EMP-9,Supervisor-2,59,19,445,6.9,9,26255
07-Sep-17,Sep-17,37,EMP-10,Supervisor-2,37,18,561,4.9,9,20757
07-Sep-17,Sep-17,37,EMP-11,Supervisor-2,49,24,561,6.9,9,27489
07-Sep-17,Sep-17,37,EMP-12,Supervisor-2,45,15,354,6.9,9,15930
07-Sep-17,Sep-17,37,EMP-13,Supervisor-2,56,26,503,7.8,9,28168
07-Sep-17,Sep-17,37,EMP-14,Supervisor-2,30,9,381,8.8,9,11430
07-Sep-17,Sep-17,37,EMP-15,Supervisor-3,47,13,400,4.9,9,18800
07-Sep-17,Sep-17,37,EMP-16,Supervisor-3,59,25,522,9,9,30798
07-Sep-17,Sep-17,37,EMP-17,Supervisor-3,33,27,424,9,9,13992
07-Sep-17,Sep-17,37,EMP-18,Supervisor-3,42,13,339,8.8,9,14238
07-Sep-17,Sep-17,37,EMP-19,Supervisor-3,33,13,574,7.8,9,18942
07-Sep-17,Sep-17,37,EMP-20,Supervisor-3,54,7,501,8.8,9,27054
08-Sep-17,Sep-17,37,EMP-1,Supervisor-1,43,6,370,9,9,15910
08-Sep-17,Sep-17,37,EMP-2,Supervisor-1,47,27,408,5.9,9,19176
08-Sep-17,Sep-17,37,EMP-3,Supervisor-1,48,16,404,9,9,19392
08-Sep-17,Sep-17,37,EMP-4,Supervisor-1,32,17,590,7.8,9,18880
08-Sep-17,Sep-17,37,EMP-5,Supervisor-1,44,26,374,4.9,9,16456
08-Sep-17,Sep-17,37,EMP-6,Supervisor-2,55,11,357,7.8,9,19635
08-Sep-17,Sep-17,37,EMP-7,Supervisor-2,55,22,482,8.8,9,26510
08-Sep-17,Sep-17,37,EMP-8,Supervisor-2,58,15,537,8.8,9,31146
08-Sep-17,Sep-17,37,EMP-9,Supervisor-2,58,22,380,9,9,22040
08-Sep-17,Sep-17,37,EMP-10,Supervisor-2,53,23,472,7.8,9,25016
08-Sep-17,Sep-17,37,EMP-11,Supervisor-2,36,0,404,4.9,9,14544
08-Sep-17,Sep-17,37,EMP-12,Supervisor-2,39,0,564,5.9,9,21996
08-Sep-17,Sep-17,37,EMP-13,Supervisor-2,49,22,492,6.9,9,24108
08-Sep-17,Sep-17,37,EMP-14,Supervisor-2,44,27,375,4.9,9,16500
08-Sep-17,Sep-17,37,EMP-15,Supervisor-3,35,22,466,6.9,9,16310
08-Sep-17,Sep-17,37,EMP-16,Supervisor-3,32,18,420,4.9,9,13440
08-Sep-17,Sep-17,37,EMP-17,Supervisor-3,44,9,558,6.9,9,24552
08-Sep-17,Sep-17,37,EMP-18,Supervisor-3,68,22,342,5.9,9,23256
08-Sep-17,Sep-17,37,EMP-19,Supervisor-3,38,0,332,7.8,9,12616
08-Sep-17,Sep-17,37,EMP-20,Supervisor-3,69,10,331,9,9,22839
09-Sep-17,Sep-17,37,EMP-1,Supervisor-1,36,19,403,8.8,9,14508
09-Sep-17,Sep-17,37,EMP-2,Supervisor-1,53,15,560,8.8,9,29680
09-Sep-17,Sep-17,37,EMP-3,Supervisor-1,53,10,577,6.9,9,30581
09-Sep-17,Sep-17,37,EMP-4,Supervisor-1,30,24,407,5.9,9,12210
09-Sep-17,Sep-17,37,EMP-5,Supervisor-1,54,8,395,9,9,21330
09-Sep-17,Sep-17,37,EMP-6,Supervisor-2,34,26,354,5.9,9,12036
09-Sep-17,Sep-17,37,EMP-7,Supervisor-2,60,5,432,5.9,9,25920
09-Sep-17,Sep-17,37,EMP-8,Supervisor-2,66,19,600,9,9,39600
09-Sep-17,Sep-17,37,EMP-9,Supervisor-2,55,0,524,8.8,9,28820
09-Sep-17,Sep-17,37,EMP-10,Supervisor-2,35,20,323,6.9,9,11305
09-Sep-17,Sep-17,37,EMP-11,Supervisor-2,44,6,570,4.9,9,25080
09-Sep-17,Sep-17,37,EMP-12,Supervisor-2,67,6,590,7.8,9,39530
09-Sep-17,Sep-17,37,EMP-13,Supervisor-2,38,8,517,9,9,19646
09-Sep-17,Sep-17,37,EMP-14,Supervisor-2,63,13,393,4.9,9,24759
09-Sep-17,Sep-17,37,EMP-15,Supervisor-3,65,0,429,8.8,9,27885
09-Sep-17,Sep-17,37,EMP-16,Supervisor-3,64,5,332,4.9,9,21248
09-Sep-17,Sep-17,37,EMP-17,Supervisor-3,38,6,371,4.9,9,14098
09-Sep-17,Sep-17,37,EMP-18,Supervisor-3,30,27,568,4.9,9,17040
09-Sep-17,Sep-17,37,EMP-19,Supervisor-3,36,19,390,8.8,9,14040
09-Sep-17,Sep-17,37,EMP-20,Supervisor-3,50,9,582,9,9,29100
10-Sep-17,Sep-17,37,EMP-1,Supervisor-1,46,8,324,9,9,14904
10-Sep-17,Sep-17,37,EMP-2,Supervisor-1,37,20,600,4.9,9,22200
10-Sep-17,Sep-17,37,EMP-3,Supervisor-1,30,14,312,5.9,9,9360
10-Sep-17,Sep-17,37,EMP-4,Supervisor-1,53,20,589,6.9,9,31217
10-Sep-17,Sep-17,37,EMP-5,Supervisor-1,69,21,545,7.8,9,37605
10-Sep-17,Sep-17,37,EMP-6,Supervisor-2,55,20,544,5.9,9,29920
10-Sep-17,Sep-17,37,EMP-7,Supervisor-2,37,9,459,9,9,16983
10-Sep-17,Sep-17,37,EMP-8,Supervisor-2,44,9,565,4.9,9,24860
10-Sep-17,Sep-17,37,EMP-9,Supervisor-2,61,5,407,7.8,9,24827
10-Sep-17,Sep-17,37,EMP-10,Supervisor-2,35,17,381,8.8,9,13335
10-Sep-17,Sep-17,37,EMP-11,Supervisor-2,54,20,413,7.8,9,22302
10-Sep-17,Sep-17,37,EMP-12,Supervisor-2,49,25,322,7.8,9,15778
10-Sep-17,Sep-17,37,EMP-13,Supervisor-2,56,23,424,9,9,23744
10-Sep-17,Sep-17,37,EMP-14,Supervisor-2,36,19,387,4.9,9,13932
10-Sep-17,Sep-17,37,EMP-15,Supervisor-3,31,16,479,7.8,9,14849
10-Sep-17,Sep-17,37,EMP-16,Supervisor-3,39,21,454,4.9,9,17706
10-Sep-17,Sep-17,37,EMP-17,Supervisor-3,56,6,364,9,9,20384
10-Sep-17,Sep-17,37,EMP-18,Supervisor-3,56,10,482,4.9,9,26992
10-Sep-17,Sep-17,37,EMP-19,Supervisor-3,42,21,411,5.9,9,17262
10-Sep-17,Sep-17,37,EMP-20,Supervisor-3,44,0,527,7.8,9,23188
11-Sep-17,Sep-17,38,EMP-1,Supervisor-1,64,12,362,4.9,9,23168
11-Sep-17,Sep-17,38,EMP-2,Supervisor-1,50,21,412,4.9,9,20600
11-Sep-17,Sep-17,38,EMP-3,Supervisor-1,34,17,450,9,9,15300
11-Sep-17,Sep-17,38,EMP-4,Supervisor-1,62,15,598,7.8,9,37076
11-Sep-17,Sep-17,38,EMP-5,Supervisor-1,33,7,415,9,9,13695
11-Sep-17,Sep-17,38,EMP-6,Supervisor-2,33,27,350,4.9,9,11550
11-Sep-17,Sep-17,38,EMP-7,Supervisor-2,69,21,485,8.8,9,33465
11-Sep-17,Sep-17,38,EMP-8,Supervisor-2,65,25,472,6.9,9,30680
11-Sep-17,Sep-17,38,EMP-9,Supervisor-2,44,12,304,9,9,13376
11-Sep-17,Sep-17,38,EMP-10,Supervisor-2,35,11,427,6.9,9,14945
11-Sep-17,Sep-17,38,EMP-11,Supervisor-2,44,16,557,4.9,9,24508
11-Sep-17,Sep-17,38,EMP-12,Supervisor-2,68,22,491,8.8,9,33388
11-Sep-17,Sep-17,38,EMP-13,Supervisor-2,36,16,489,7.8,9,17604
11-Sep-17,Sep-17,38,EMP-14,Supervisor-2,68,24,541,5.9,9,36788
11-Sep-17,Sep-17,38,EMP-15,Supervisor-3,60,16,351,9,9,21060
11-Sep-17,Sep-17,38,EMP-16,Supervisor-3,36,16,360,8.8,9,12960
11-Sep-17,Sep-17,38,EMP-17,Supervisor-3,65,24,590,6.9,9,38350
11-Sep-17,Sep-17,38,EMP-18,Supervisor-3,42,19,410,4.9,9,17220
11-Sep-17,Sep-17,38,EMP-19,Supervisor-3,49,16,587,7.8,9,28763
11-Sep-17,Sep-17,38,EMP-20,Supervisor-3,53,22,379,6.9,9,20087
12-Sep-17,Sep-17,38,EMP-1,Supervisor-1,62,26,538,5.9,9,33356
12-Sep-17,Sep-17,38,EMP-2,Supervisor-1,58,11,491,6.9,9,28478
12-Sep-17,Sep-17,38,EMP-3,Supervisor-1,55,27,514,6.9,9,28270
12-Sep-17,Sep-17,38,EMP-4,Supervisor-1,34,24,326,8.8,9,11084
12-Sep-17,Sep-17,38,EMP-5,Supervisor-1,56,26,309,7.8,9,17304
12-Sep-17,Sep-17,38,EMP-6,Supervisor-2,49,18,466,4.9,9,22834
12-Sep-17,Sep-17,38,EMP-7,Supervisor-2,33,5,358,4.9,9,11814
12-Sep-17,Sep-17,38,EMP-8,Supervisor-2,45,21,504,5.9,9,22680
12-Sep-17,Sep-17,38,EMP-9,Supervisor-2,63,23,514,9,9,32382
12-Sep-17,Sep-17,38,EMP-10,Supervisor-2,58,21,324,8.8,9,18792
12-Sep-17,Sep-17,38,EMP-11,Supervisor-2,34,5,393,6.9,9,13362
12-Sep-17,Sep-17,38,EMP-12,Supervisor-2,62,10,492,4.9,9,30504
12-Sep-17,Sep-17,38,EMP-13,Supervisor-2,30,16,577,9,9,17310
12-Sep-17,Sep-17,38,EMP-14,Supervisor-2,63,16,460,6.9,9,28980
12-Sep-17,Sep-17,38,EMP-15,Supervisor-3,38,5,442,7.8,9,16796
12-Sep-17,Sep-17,38,EMP-16,Supervisor-3,52,26,551,4.9,9,28652
12-Sep-17,Sep-17,38,EMP-17,Supervisor-3,61,24,441,9,9,26901
12-Sep-17,Sep-17,38,EMP-18,Supervisor-3,32,22,456,6.9,9,14592
12-Sep-17,Sep-17,38,EMP-19,Supervisor-3,37,17,526,8.8,9,19462
12-Sep-17,Sep-17,38,EMP-20,Supervisor-3,69,0,309,4.9,9,21321
13-Sep-17,Sep-17,38,EMP-1,Supervisor-1,58,19,372,6.9,9,21576
13-Sep-17,Sep-17,38,EMP-2,Supervisor-1,48,24,507,7.8,9,24336
13-Sep-17,Sep-17,38,EMP-3,Supervisor-1,32,9,517,5.9,9,16544
13-Sep-17,Sep-17,38,EMP-4,Supervisor-1,33,8,463,4.9,9,15279
13-Sep-17,Sep-17,38,EMP-5,Supervisor-1,60,16,559,4.9,9,33540
13-Sep-17,Sep-17,38,EMP-6,Supervisor-2,54,19,428,5.9,9,23112
13-Sep-17,Sep-17,38,EMP-7,Supervisor-2,52,27,554,4.9,9,28808
13-Sep-17,Sep-17,38,EMP-8,Supervisor-2,44,0,466,6.9,9,20504
13-Sep-17,Sep-17,38,EMP-9,Supervisor-2,44,9,572,8.8,9,25168
13-Sep-17,Sep-17,38,EMP-10,Supervisor-2,33,15,563,4.9,9,18579
13-Sep-17,Sep-17,38,EMP-11,Supervisor-2,50,21,440,7.8,9,22000
13-Sep-17,Sep-17,38,EMP-12,Supervisor-2,64,21,448,8.8,9,28672
13-Sep-17,Sep-17,38,EMP-13,Supervisor-2,32,24,478,5.9,9,15296
13-Sep-17,Sep-17,38,EMP-14,Supervisor-2,61,25,598,4.9,9,36478
13-Sep-17,Sep-17,38,EMP-15,Supervisor-3,37,9,445,9,9,16465
13-Sep-17,Sep-17,38,EMP-16,Supervisor-3,57,13,573,9,9,32661
13-Sep-17,Sep-17,38,EMP-17,Supervisor-3,60,20,597,5.9,9,35820
13-Sep-17,Sep-17,38,EMP-18,Supervisor-3,36,7,547,8.8,9,19692
13-Sep-17,Sep-17,38,EMP-19,Supervisor-3,70,5,470,4.9,9,32900
13-Sep-17,Sep-17,38,EMP-20,Supervisor-3,45,7,594,9,9,26730
14-Sep-17,Sep-17,38,EMP-1,Supervisor-1,49,16,301,9,9,14749
14-Sep-17,Sep-17,38,EMP-2,Supervisor-1,58,25,330,8.8,9,19140
14-Sep-17,Sep-17,38,EMP-3,Supervisor-1,61,24,360,8.8,9,21960
14-Sep-17,Sep-17,38,EMP-4,Supervisor-1,56,6,596,5.9,9,33376
14-Sep-17,Sep-17,38,EMP-5,Supervisor-1,47,0,474,6.9,9,22278
14-Sep-17,Sep-17,38,EMP-6,Supervisor-2,60,21,529,9,9,31740
14-Sep-17,Sep-17,38,EMP-7,Supervisor-2,41,27,412,6.9,9,16892
14-Sep-17,Sep-17,38,EMP-8,Supervisor-2,65,19,531,6.9,9,34515
14-Sep-17,Sep-17,38,EMP-9,Supervisor-2,44,26,441,6.9,9,19404
14-Sep-17,Sep-17,38,EMP-10,Supervisor-2,50,13,459,9,9,22950
14-Sep-17,Sep-17,38,EMP-11,Supervisor-2,60,22,380,5.9,9,22800
14-Sep-17,Sep-17,38,EMP-12,Supervisor-2,37,0,383,8.8,9,14171
14-Sep-17,Sep-17,38,EMP-13,Supervisor-2,34,10,303,7.8,9,10302
14-Sep-17,Sep-17,38,EMP-14,Supervisor-2,54,8,345,7.8,9,18630
14-Sep-17,Sep-17,38,EMP-15,Supervisor-3,38,18,437,8.8,9,16606
14-Sep-17,Sep-17,38,EMP-16,Supervisor-3,69,27,590,8.8,9,40710
14-Sep-17,Sep-17,38,EMP-17,Supervisor-3,39,13,482,6.9,9,18798
14-Sep-17,Sep-17,38,EMP-18,Supervisor-3,34,20,576,4.9,9,19584
14-Sep-17,Sep-17,38,EMP-19,Supervisor-3,47,25,578,7.8,9,27166
14-Sep-17,Sep-17,38,EMP-20,Supervisor-3,45,16,590,4.9,9,26550
15-Sep-17,Sep-17,38,EMP-1,Supervisor-1,53,15,483,9,9,25599
15-Sep-17,Sep-17,38,EMP-2,Supervisor-1,45,23,518,5.9,9,23310
15-Sep-17,Sep-17,38,EMP-3,Supervisor-1,65,8,345,6.9,9,22425
15-Sep-17,Sep-17,38,EMP-4,Supervisor-1,70,9,327,8.8,9,22890
15-Sep-17,Sep-17,38,EMP-5,Supervisor-1,44,23,338,6.9,9,14872
15-Sep-17,Sep-17,38,EMP-6,Supervisor-2,41,20,348,6.9,9,14268
15-Sep-17,Sep-17,38,EMP-7,Supervisor-2,64,8,389,7.8,9,24896
15-Sep-17,Sep-17,38,EMP-8,Supervisor-2,39,23,447,8.8,9,17433
15-Sep-17,Sep-17,38,EMP-9,Supervisor-2,50,7,373,5.9,9,18650
15-Sep-17,Sep-17,38,EMP-10,Supervisor-2,52,25,380,7.8,9,19760
15-Sep-17,Sep-17,38,EMP-11,Supervisor-2,50,11,500,9,9,25000
15-Sep-17,Sep-17,38,EMP-12,Supervisor-2,39,6,517,5.9,9,20163
15-Sep-17,Sep-17,38,EMP-13,Supervisor-2,63,16,384,4.9,9,24192
15-Sep-17,Sep-17,38,EMP-14,Supervisor-2,66,5,317,4.9,9,20922
15-Sep-17,Sep-17,38,EMP-15,Supervisor-3,51,5,352,8.8,9,17952
15-Sep-17,Sep-17,38,EMP-16,Supervisor-3,37,19,521,5.9,9,19277
15-Sep-17,Sep-17,38,EMP-17,Supervisor-3,41,8,312,5.9,9,12792
15-Sep-17,Sep-17,38,EMP-18,Supervisor-3,30,11,556,6.9,9,16680
15-Sep-17,Sep-17,38,EMP-19,Supervisor-3,53,21,498,4.9,9,26394
15-Sep-17,Sep-17,38,EMP-20,Supervisor-3,58,0,344,7.8,9,19952
16-Sep-17,Sep-17,38,EMP-1,Supervisor-1,57,20,486,8.8,9,27702
16-Sep-17,Sep-17,38,EMP-2,Supervisor-1,66,16,502,5.9,9,33132
16-Sep-17,Sep-17,38,EMP-3,Supervisor-1,43,23,487,4.9,9,20941
16-Sep-17,Sep-17,38,EMP-4,Supervisor-1,61,19,577,4.9,9,35197
16-Sep-17,Sep-17,38,EMP-5,Supervisor-1,70,19,600,6.9,9,42000
16-Sep-17,Sep-17,38,EMP-6,Supervisor-2,38,6,556,4.9,9,21128
16-Sep-17,Sep-17,38,EMP-7,Supervisor-2,38,14,598,9,9,22724
16-Sep-17,Sep-17,38,EMP-8,Supervisor-2,38,15,315,5.9,9,11970
16-Sep-17,Sep-17,38,EMP-9,Supervisor-2,31,0,482,4.9,9,14942
16-Sep-17,Sep-17,38,EMP-10,Supervisor-2,69,19,346,7.8,9,23874
16-Sep-17,Sep-17,38,EMP-11,Supervisor-2,62,13,381,9,9,23622
16-Sep-17,Sep-17,38,EMP-12,Supervisor-2,61,11,512,4.9,9,31232
16-Sep-17,Sep-17,38,EMP-13,Supervisor-2,64,24,341,4.9,9,21824
16-Sep-17,Sep-17,38,EMP-14,Supervisor-2,38,0,469,7.8,9,17822
16-Sep-17,Sep-17,38,EMP-15,Supervisor-3,69,25,527,6.9,9,36363
16-Sep-17,Sep-17,38,EMP-16,Supervisor-3,37,22,375,5.9,9,13875
16-Sep-17,Sep-17,38,EMP-17,Supervisor-3,33,27,557,9,9,18381
16-Sep-17,Sep-17,38,EMP-18,Supervisor-3,30,6,525,5.9,9,15750
16-Sep-17,Sep-17,38,EMP-19,Supervisor-3,53,0,326,6.9,9,17278
16-Sep-17,Sep-17,38,EMP-20,Supervisor-3,70,21,540,5.9,9,37800
17-Sep-17,Sep-17,38,EMP-1,Supervisor-1,69,5,596,8.8,9,41124
17-Sep-17,Sep-17,38,EMP-2,Supervisor-1,39,17,323,4.9,9,12597
17-Sep-17,Sep-17,38,EMP-3,Supervisor-1,66,10,381,4.9,9,25146
17-Sep-17,Sep-17,38,EMP-4,Supervisor-1,36,11,353,8.8,9,12708
17-Sep-17,Sep-17,38,EMP-5,Supervisor-1,39,8,343,4.9,9,13377
17-Sep-17,Sep-17,38,EMP-6,Supervisor-2,39,25,307,7.8,9,11973
17-Sep-17,Sep-17,38,EMP-7,Supervisor-2,70,26,494,4.9,9,34580
17-Sep-17,Sep-17,38,EMP-8,Supervisor-2,43,26,481,9,9,20683
17-Sep-17,Sep-17,38,EMP-9,Supervisor-2,64,24,465,9,9,29760
17-Sep-17,Sep-17,38,EMP-10,Supervisor-2,56,7,554,6.9,9,31024
17-Sep-17,Sep-17,38,EMP-11,Supervisor-2,69,12,500,8.8,9,34500
17-Sep-17,Sep-17,38,EMP-12,Supervisor-2,30,15,344,9,9,10320
17-Sep-17,Sep-17,38,EMP-13,Supervisor-2,30,0,529,6.9,9,15870
17-Sep-17,Sep-17,38,EMP-14,Supervisor-2,30,22,595,9,9,17850
17-Sep-17,Sep-17,38,EMP-15,Supervisor-3,39,15,322,4.9,9,12558
17-Sep-17,Sep-17,38,EMP-16,Supervisor-3,48,23,582,9,9,27936
17-Sep-17,Sep-17,38,EMP-17,Supervisor-3,48,23,529,4.9,9,25392
17-Sep-17,Sep-17,38,EMP-18,Supervisor-3,31,6,388,7.8,9,12028
17-Sep-17,Sep-17,38,EMP-19,Supervisor-3,37,22,331,8.8,9,12247
17-Sep-17,Sep-17,38,EMP-20,Supervisor-3,53,17,309,7.8,9,16377
18-Sep-17,Sep-17,39,EMP-1,Supervisor-1,39,5,475,8.8,9,18525
18-Sep-17,Sep-17,39,EMP-2,Supervisor-1,61,9,405,6.9,9,24705
18-Sep-17,Sep-17,39,EMP-3,Supervisor-1,43,17,545,7.8,9,23435
18-Sep-17,Sep-17,39,EMP-4,Supervisor-1,37,17,452,9,9,16724
18-Sep-17,Sep-17,39,EMP-5,Supervisor-1,33,27,486,5.9,9,16038
18-Sep-17,Sep-17,39,EMP-6,Supervisor-2,44,18,326,7.8,9,14344
18-Sep-17,Sep-17,39,EMP-7,Supervisor-2,70,22,529,4.9,9,37030
18-Sep-17,Sep-17,39,EMP-8,Supervisor-2,56,24,329,9,9,18424
18-Sep-17,Sep-17,39,EMP-9,Supervisor-2,57,7,418,9,9,23826
18-Sep-17,Sep-17,39,EMP-10,Supervisor-2,35,12,491,8.8,9,17185
18-Sep-17,Sep-17,39,EMP-11,Supervisor-2,46,13,471,6.9,9,21666
18-Sep-17,Sep-17,39,EMP-12,Supervisor-2,34,21,461,6.9,9,15674
18-Sep-17,Sep-17,39,EMP-13,Supervisor-2,63,7,479,5.9,9,30177
18-Sep-17,Sep-17,39,EMP-14,Supervisor-2,58,11,556,5.9,9,32248
18-Sep-17,Sep-17,39,EMP-15,Supervisor-3,34,5,406,9,9,13804
18-Sep-17,Sep-17,39,EMP-16,Supervisor-3,56,15,540,9,9,30240
18-Sep-17,Sep-17,39,EMP-17,Supervisor-3,44,0,316,4.9,9,13904
18-Sep-17,Sep-17,39,EMP-18,Supervisor-3,43,5,570,4.9,9,24510
18-Sep-17,Sep-17,39,EMP-19,Supervisor-3,55,25,597,4.9,9,32835
18-Sep-17,Sep-17,39,EMP-20,Supervisor-3,56,24,465,4.9,9,26040
19-Sep-17,Sep-17,39,EMP-1,Supervisor-1,41,16,490,5.9,9,20090
19-Sep-17,Sep-17,39,EMP-2,Supervisor-1,47,20,532,4.9,9,25004
19-Sep-17,Sep-17,39,EMP-3,Supervisor-1,31,19,382,9,9,11842
19-Sep-17,Sep-17,39,EMP-4,Supervisor-1,38,15,587,5.9,9,22306
19-Sep-17,Sep-17,39,EMP-5,Supervisor-1,35,20,425,9,9,14875
19-Sep-17,Sep-17,39,EMP-6,Supervisor-2,66,16,377,8.8,9,24882
19-Sep-17,Sep-17,39,EMP-7,Supervisor-2,56,5,470,4.9,9,26320
19-Sep-17,Sep-17,39,EMP-8,Supervisor-2,67,25,553,8.8,9,37051
19-Sep-17,Sep-17,39,EMP-9,Supervisor-2,67,21,568,8.8,9,38056
19-Sep-17,Sep-17,39,EMP-10,Supervisor-2,41,5,352,7.8,9,14432
19-Sep-17,Sep-17,39,EMP-11,Supervisor-2,63,5,353,7.8,9,22239
19-Sep-17,Sep-17,39,EMP-12,Supervisor-2,36,0,470,9,9,16920
19-Sep-17,Sep-17,39,EMP-13,Supervisor-2,67,6,591,5.9,9,39597
19-Sep-17,Sep-17,39,EMP-14,Supervisor-2,66,7,435,8.8,9,28710
19-Sep-17,Sep-17,39,EMP-15,Supervisor-3,36,18,383,9,9,13788
19-Sep-17,Sep-17,39,EMP-16,Supervisor-3,34,18,514,8.8,9,17476
19-Sep-17,Sep-17,39,EMP-17,Supervisor-3,47,13,436,9,9,20492
19-Sep-17,Sep-17,39,EMP-18,Supervisor-3,67,12,545,5.9,9,36515
19-Sep-17,Sep-17,39,EMP-19,Supervisor-3,62,24,520,8.8,9,32240
19-Sep-17,Sep-17,39,EMP-20,Supervisor-3,44,23,341,7.8,9,15004
20-Sep-17,Sep-17,39,EMP-1,Supervisor-1,56,23,428,6.9,9,23968
20-Sep-17,Sep-17,39,EMP-2,Supervisor-1,59,25,372,6.9,9,21948
20-Sep-17,Sep-17,39,EMP-3,Supervisor-1,48,21,505,6.9,9,24240
20-Sep-17,Sep-17,39,EMP-4,Supervisor-1,53,13,543,5.9,9,28779
20-Sep-17,Sep-17,39,EMP-5,Supervisor-1,41,23,559,8.8,9,22919
20-Sep-17,Sep-17,39,EMP-6,Supervisor-2,43,15,454,7.8,9,19522
20-Sep-17,Sep-17,39,EMP-7,Supervisor-2,50,7,328,7.8,9,16400
20-Sep-17,Sep-17,39,EMP-8,Supervisor-2,62,7,494,6.9,9,30628
20-Sep-17,Sep-17,39,EMP-9,Supervisor-2,61,15,302,6.9,9,18422
20-Sep-17,Sep-17,39,EMP-10,Supervisor-2,41,14,367,5.9,9,15047
20-Sep-17,Sep-17,39,EMP-11,Supervisor-2,63,25,456,7.8,9,28728
20-Sep-17,Sep-17,39,EMP-12,Supervisor-2,65,7,557,4.9,9,36205
20-Sep-17,Sep-17,39,EMP-13,Supervisor-2,52,19,595,4.9,9,30940
20-Sep-17,Sep-17,39,EMP-14,Supervisor-2,60,23,508,6.9,9,30480
20-Sep-17,Sep-17,39,EMP-15,Supervisor-3,43,18,360,4.9,9,15480
20-Sep-17,Sep-17,39,EMP-16,Supervisor-3,63,26,478,8.8,9,30114
20-Sep-17,Sep-17,39,EMP-17,Supervisor-3,37,14,443,4.9,9,16391
20-Sep-17,Sep-17,39,EMP-18,Supervisor-3,45,18,569,8.8,9,25605
20-Sep-17,Sep-17,39,EMP-19,Supervisor-3,44,23,570,4.9,9,25080
20-Sep-17,Sep-17,39,EMP-20,Supervisor-3,40,24,593,8.8,9,23720
21-Sep-17,Sep-17,39,EMP-1,Supervisor-1,51,15,416,5.9,9,21216
21-Sep-17,Sep-17,39,EMP-2,Supervisor-1,49,7,379,6.9,9,18571
21-Sep-17,Sep-17,39,EMP-3,Supervisor-1,49,22,547,9,9,26803
21-Sep-17,Sep-17,39,EMP-4,Supervisor-1,47,7,468,8.8,9,21996
21-Sep-17,Sep-17,39,EMP-5,Supervisor-1,47,19,329,9,9,15463
21-Sep-17,Sep-17,39,EMP-6,Supervisor-2,35,16,520,9,9,18200
21-Sep-17,Sep-17,39,EMP-7,Supervisor-2,67,17,438,9,9,29346
21-Sep-17,Sep-17,39,EMP-8,Supervisor-2,65,27,556,7.8,9,36140
21-Sep-17,Sep-17,39,EMP-9,Supervisor-2,62,18,562,4.9,9,34844
21-Sep-17,Sep-17,39,EMP-10,Supervisor-2,48,6,522,5.9,9,25056
21-Sep-17,Sep-17,39,EMP-11,Supervisor-2,57,5,328,6.9,9,18696
21-Sep-17,Sep-17,39,EMP-12,Supervisor-2,46,14,417,8.8,9,19182
21-Sep-17,Sep-17,39,EMP-13,Supervisor-2,62,23,478,9,9,29636
21-Sep-17,Sep-17,39,EMP-14,Supervisor-2,34,13,448,5.9,9,15232
21-Sep-17,Sep-17,39,EMP-15,Supervisor-3,36,23,499,7.8,9,17964
21-Sep-17,Sep-17,39,EMP-16,Supervisor-3,44,23,359,7.8,9,15796
21-Sep-17,Sep-17,39,EMP-17,Supervisor-3,42,14,509,4.9,9,21378
21-Sep-17,Sep-17,39,EMP-18,Supervisor-3,36,0,584,4.9,9,21024
21-Sep-17,Sep-17,39,EMP-19,Supervisor-3,58,7,520,9,9,30160
21-Sep-17,Sep-17,39,EMP-20,Supervisor-3,31,13,542,9,9,16802
22-Sep-17,Sep-17,39,EMP-1,Supervisor-1,36,14,460,9,9,16560
22-Sep-17,Sep-17,39,EMP-2,Supervisor-1,69,12,483,7.8,9,33327
22-Sep-17,Sep-17,39,EMP-3,Supervisor-1,45,24,513,5.9,9,23085
22-Sep-17,Sep-17,39,EMP-4,Supervisor-1,69,12,326,5.9,9,22494
22-Sep-17,Sep-17,39,EMP-5,Supervisor-1,39,6,476,8.8,9,18564
22-Sep-17,Sep-17,39,EMP-6,Supervisor-2,34,15,448,4.9,9,15232
22-Sep-17,Sep-17,39,EMP-7,Supervisor-2,37,22,492,4.9,9,18204
22-Sep-17,Sep-17,39,EMP-8,Supervisor-2,69,8,506,7.8,9,34914
22-Sep-17,Sep-17,39,EMP-9,Supervisor-2,47,10,490,6.9,9,23030
22-Sep-17,Sep-17,39,EMP-10,Supervisor-2,30,14,405,5.9,9,12150
22-Sep-17,Sep-17,39,EMP-11,Supervisor-2,67,22,341,5.9,9,22847
22-Sep-17,Sep-17,39,EMP-12,Supervisor-2,35,16,482,6.9,9,16870
22-Sep-17,Sep-17,39,EMP-13,Supervisor-2,61,17,542,5.9,9,33062
22-Sep-17,Sep-17,39,EMP-14,Supervisor-2,68,24,379,9,9,25772
22-Sep-17,Sep-17,39,EMP-15,Supervisor-3,47,24,420,9,9,19740
22-Sep-17,Sep-17,39,EMP-16,Supervisor-3,39,17,441,7.8,9,17199
22-Sep-17,Sep-17,39,EMP-17,Supervisor-3,60,12,385,6.9,9,23100
22-Sep-17,Sep-17,39,EMP-18,Supervisor-3,33,14,566,4.9,9,18678
22-Sep-17,Sep-17,39,EMP-19,Supervisor-3,33,0,458,8.8,9,15114
22-Sep-17,Sep-17,39,EMP-20,Supervisor-3,39,16,513,7.8,9,20007
23-Sep-17,Sep-17,39,EMP-1,Supervisor-1,65,24,340,4.9,9,22100
23-Sep-17,Sep-17,39,EMP-2,Supervisor-1,53,11,459,7.8,9,24327
23-Sep-17,Sep-17,39,EMP-3,Supervisor-1,34,13,342,4.9,9,11628
23-Sep-17,Sep-17,39,EMP-4,Supervisor-1,54,13,340,7.8,9,18360
23-Sep-17,Sep-17,39,EMP-5,Supervisor-1,36,18,370,8.8,9,13320
23-Sep-17,Sep-17,39,EMP-6,Supervisor-2,53,27,348,8.8,9,18444
23-Sep-17,Sep-17,39,EMP-7,Supervisor-2,67,16,471,6.9,9,31557
23-Sep-17,Sep-17,39,EMP-8,Supervisor-2,41,7,509,9,9,20869
23-Sep-17,Sep-17,39,EMP-9,Supervisor-2,36,10,520,4.9,9,18720
23-Sep-17,Sep-17,39,EMP-10,Supervisor-2,70,0,371,7.8,9,25970
23-Sep-17,Sep-17,39,EMP-11,Supervisor-2,65,8,426,6.9,9,27690
23-Sep-17,Sep-17,39,EMP-12,Supervisor-2,31,7,486,7.8,9,15066
23-Sep-17,Sep-17,39,EMP-13,Supervisor-2,64,27,387,7.8,9,24768
23-Sep-17,Sep-17,39,EMP-14,Supervisor-2,48,17,550,7.8,9,26400
23-Sep-17,Sep-17,39,EMP-15,Supervisor-3,64,17,478,5.9,9,30592
23-Sep-17,Sep-17,39,EMP-16,Supervisor-3,69,21,599,4.9,9,41331
23-Sep-17,Sep-17,39,EMP-17,Supervisor-3,37,14,395,6.9,9,14615
23-Sep-17,Sep-17,39,EMP-18,Supervisor-3,68,11,452,9,9,30736
23-Sep-17,Sep-17,39,EMP-19,Supervisor-3,35,23,476,7.8,9,16660
23-Sep-17,Sep-17,39,EMP-20,Supervisor-3,59,16,432,9,9,25488
24-Sep-17,Sep-17,39,EMP-1,Supervisor-1,45,25,400,9,9,18000
24-Sep-17,Sep-17,39,EMP-2,Supervisor-1,45,21,599,5.9,9,26955
24-Sep-17,Sep-17,39,EMP-3,Supervisor-1,50,6,472,4.9,9,23600
24-Sep-17,Sep-17,39,EMP-4,Supervisor-1,31,8,500,8.8,9,15500
24-Sep-17,Sep-17,39,EMP-5,Supervisor-1,58,20,303,5.9,9,17574
24-Sep-17,Sep-17,39,EMP-6,Supervisor-2,50,9,515,7.8,9,25750
24-Sep-17,Sep-17,39,EMP-7,Supervisor-2,38,10,518,9,9,19684
24-Sep-17,Sep-17,39,EMP-8,Supervisor-2,41,6,322,9,9,13202
24-Sep-17,Sep-17,39,EMP-9,Supervisor-2,48,7,315,6.9,9,15120
24-Sep-17,Sep-17,39,EMP-10,Supervisor-2,43,18,359,6.9,9,15437
24-Sep-17,Sep-17,39,EMP-11,Supervisor-2,59,23,365,8.8,9,21535
24-Sep-17,Sep-17,39,EMP-12,Supervisor-2,51,21,310,4.9,9,15810
24-Sep-17,Sep-17,39,EMP-13,Supervisor-2,64,7,360,8.8,9,23040
24-Sep-17,Sep-17,39,EMP-14,Supervisor-2,70,10,459,9,9,32130
24-Sep-17,Sep-17,39,EMP-15,Supervisor-3,65,7,537,4.9,9,34905
24-Sep-17,Sep-17,39,EMP-16,Supervisor-3,50,5,348,6.9,9,17400
24-Sep-17,Sep-17,39,EMP-17,Supervisor-3,49,21,388,8.8,9,19012
24-Sep-17,Sep-17,39,EMP-18,Supervisor-3,40,6,464,6.9,9,18560
24-Sep-17,Sep-17,39,EMP-19,Supervisor-3,68,23,592,9,9,40256
24-Sep-17,Sep-17,39,EMP-20,Supervisor-3,59,20,496,5.9,9,29264
25-Sep-17,Sep-17,40,EMP-1,Supervisor-1,60,17,308,4.9,9,18480
25-Sep-17,Sep-17,40,EMP-2,Supervisor-1,48,10,344,5.9,9,16512
25-Sep-17,Sep-17,40,EMP-3,Supervisor-1,47,25,548,7.8,9,25756
25-Sep-17,Sep-17,40,EMP-4,Supervisor-1,48,16,454,7.8,9,21792
25-Sep-17,Sep-17,40,EMP-5,Supervisor-1,70,12,445,6.9,9,31150
25-Sep-17,Sep-17,40,EMP-6,Supervisor-2,38,9,517,9,9,19646
25-Sep-17,Sep-17,40,EMP-7,Supervisor-2,66,23,572,4.9,9,37752
25-Sep-17,Sep-17,40,EMP-8,Supervisor-2,51,0,535,7.8,9,27285
25-Sep-17,Sep-17,40,EMP-9,Supervisor-2,44,7,592,5.9,9,26048
25-Sep-17,Sep-17,40,EMP-10,Supervisor-2,34,0,382,5.9,9,12988
25-Sep-17,Sep-17,40,EMP-11,Supervisor-2,55,11,431,4.9,9,23705
25-Sep-17,Sep-17,40,EMP-12,Supervisor-2,37,25,502,4.9,9,18574
25-Sep-17,Sep-17,40,EMP-13,Supervisor-2,70,8,512,4.9,9,35840
25-Sep-17,Sep-17,40,EMP-14,Supervisor-2,45,17,385,9,9,17325
25-Sep-17,Sep-17,40,EMP-15,Supervisor-3,40,10,438,4.9,9,17520
25-Sep-17,Sep-17,40,EMP-16,Supervisor-3,36,16,482,5.9,9,17352
25-Sep-17,Sep-17,40,EMP-17,Supervisor-3,33,5,354,6.9,9,11682
25-Sep-17,Sep-17,40,EMP-18,Supervisor-3,36,10,319,7.8,9,11484
25-Sep-17,Sep-17,40,EMP-19,Supervisor-3,40,27,318,5.9,9,12720
25-Sep-17,Sep-17,40,EMP-20,Supervisor-3,53,17,438,8.8,9,23214
26-Sep-17,Sep-17,40,EMP-1,Supervisor-1,36,18,568,7.8,9,20448
26-Sep-17,Sep-17,40,EMP-2,Supervisor-1,69,5,506,8.8,9,34914
26-Sep-17,Sep-17,40,EMP-3,Supervisor-1,52,22,386,6.9,9,20072
26-Sep-17,Sep-17,40,EMP-4,Supervisor-1,36,12,391,4.9,9,14076
26-Sep-17,Sep-17,40,EMP-5,Supervisor-1,34,19,503,7.8,9,17102
26-Sep-17,Sep-17,40,EMP-6,Supervisor-2,57,18,465,6.9,9,26505
26-Sep-17,Sep-17,40,EMP-7,Supervisor-2,30,19,434,8.8,9,13020
26-Sep-17,Sep-17,40,EMP-8,Supervisor-2,55,17,348,4.9,9,19140
26-Sep-17,Sep-17,40,EMP-9,Supervisor-2,67,18,575,4.9,9,38525
26-Sep-17,Sep-17,40,EMP-10,Supervisor-2,66,21,327,8.8,9,21582
26-Sep-17,Sep-17,40,EMP-11,Supervisor-2,55,25,444,4.9,9,24420
26-Sep-17,Sep-17,40,EMP-12,Supervisor-2,59,13,360,7.8,9,21240
26-Sep-17,Sep-17,40,EMP-13,Supervisor-2,53,5,531,6.9,9,28143
26-Sep-17,Sep-17,40,EMP-14,Supervisor-2,35,15,597,4.9,9,20895
26-Sep-17,Sep-17,40,EMP-15,Supervisor-3,35,27,579,9,9,20265
26-Sep-17,Sep-17,40,EMP-16,Supervisor-3,43,13,381,8.8,9,16383
26-Sep-17,Sep-17,40,EMP-17,Supervisor-3,45,24,562,8.8,9,25290
26-Sep-17,Sep-17,40,EMP-18,Supervisor-3,39,0,494,9,9,19266
26-Sep-17,Sep-17,40,EMP-19,Supervisor-3,43,19,574,7.8,9,24682
26-Sep-17,Sep-17,40,EMP-20,Supervisor-3,32,27,333,4.9,9,10656
27-Sep-17,Sep-17,40,EMP-1,Supervisor-1,43,5,309,4.9,9,13287
27-Sep-17,Sep-17,40,EMP-2,Supervisor-1,65,6,558,6.9,9,36270
27-Sep-17,Sep-17,40,EMP-3,Supervisor-1,34,21,497,4.9,9,16898
27-Sep-17,Sep-17,40,EMP-4,Supervisor-1,48,23,446,5.9,9,21408
27-Sep-17,Sep-17,40,EMP-5,Supervisor-1,42,5,312,5.9,9,13104
27-Sep-17,Sep-17,40,EMP-6,Supervisor-2,62,12,325,4.9,9,20150
27-Sep-17,Sep-17,40,EMP-7,Supervisor-2,42,0,387,6.9,9,16254
27-Sep-17,Sep-17,40,EMP-8,Supervisor-2,54,8,469,6.9,9,25326
27-Sep-17,Sep-17,40,EMP-9,Supervisor-2,52,14,546,9,9,28392
27-Sep-17,Sep-17,40,EMP-10,Supervisor-2,41,10,598,6.9,9,24518
27-Sep-17,Sep-17,40,EMP-11,Supervisor-2,43,25,535,4.9,9,23005
27-Sep-17,Sep-17,40,EMP-12,Supervisor-2,31,5,388,6.9,9,12028
27-Sep-17,Sep-17,40,EMP-13,Supervisor-2,59,8,453,5.9,9,26727
27-Sep-17,Sep-17,40,EMP-14,Supervisor-2,61,7,412,4.9,9,25132
27-Sep-17,Sep-17,40,EMP-15,Supervisor-3,64,12,325,4.9,9,20800
27-Sep-17,Sep-17,40,EMP-16,Supervisor-3,56,17,375,7.8,9,21000
27-Sep-17,Sep-17,40,EMP-17,Supervisor-3,64,23,387,5.9,9,24768
27-Sep-17,Sep-17,40,EMP-18,Supervisor-3,59,24,392,8.8,9,23128
27-Sep-17,Sep-17,40,EMP-19,Supervisor-3,56,16,363,7.8,9,20328
27-Sep-17,Sep-17,40,EMP-20,Supervisor-3,55,9,526,4.9,9,28930
28-Sep-17,Sep-17,40,EMP-1,Supervisor-1,38,6,407,9,9,15466
28-Sep-17,Sep-17,40,EMP-2,Supervisor-1,31,12,346,7.8,9,10726
28-Sep-17,Sep-17,40,EMP-3,Supervisor-1,53,13,334,5.9,9,17702
28-Sep-17,Sep-17,40,EMP-4,Supervisor-1,65,21,371,8.8,9,24115
28-Sep-17,Sep-17,40,EMP-5,Supervisor-1,55,13,381,9,9,20955
28-Sep-17,Sep-17,40,EMP-6,Supervisor-2,32,10,304,9,9,9728
28-Sep-17,Sep-17,40,EMP-7,Supervisor-2,54,22,542,5.9,9,29268
28-Sep-17,Sep-17,40,EMP-8,Supervisor-2,70,16,321,9,9,22470
28-Sep-17,Sep-17,40,EMP-9,Supervisor-2,33,25,471,4.9,9,15543
28-Sep-17,Sep-17,40,EMP-10,Supervisor-2,43,24,306,8.8,9,13158
28-Sep-17,Sep-17,40,EMP-11,Supervisor-2,35,22,547,5.9,9,19145
28-Sep-17,Sep-17,40,EMP-12,Supervisor-2,64,24,372,5.9,9,23808
28-Sep-17,Sep-17,40,EMP-13,Supervisor-2,44,27,340,7.8,9,14960
28-Sep-17,Sep-17,40,EMP-14,Supervisor-2,69,22,461,9,9,31809
28-Sep-17,Sep-17,40,EMP-15,Supervisor-3,30,5,406,6.9,9,12180
28-Sep-17,Sep-17,40,EMP-16,Supervisor-3,63,10,333,6.9,9,20979
28-Sep-17,Sep-17,40,EMP-17,Supervisor-3,32,24,427,5.9,9,13664
28-Sep-17,Sep-17,40,EMP-18,Supervisor-3,50,25,510,4.9,9,25500
28-Sep-17,Sep-17,40,EMP-19,Supervisor-3,50,19,452,6.9,9,22600
28-Sep-17,Sep-17,40,EMP-20,Supervisor-3,61,18,553,6.9,9,33733
29-Sep-17,Sep-17,40,EMP-1,Supervisor-1,60,26,408,7.8,9,24480
29-Sep-17,Sep-17,40,EMP-2,Supervisor-1,38,7,571,7.8,9,21698
29-Sep-17,Sep-17,40,EMP-3,Supervisor-1,33,26,461,5.9,9,15213
29-Sep-17,Sep-17,40,EMP-4,Supervisor-1,50,20,396,5.9,9,19800
29-Sep-17,Sep-17,40,EMP-5,Supervisor-1,36,0,564,4.9,9,20304
29-Sep-17,Sep-17,40,EMP-6,Supervisor-2,45,27,446,8.8,9,20070
29-Sep-17,Sep-17,40,EMP-7,Supervisor-2,60,27,428,4.9,9,25680
29-Sep-17,Sep-17,40,EMP-8,Supervisor-2,45,6,370,6.9,9,16650
29-Sep-17,Sep-17,40,EMP-9,Supervisor-2,63,26,324,7.8,9,20412
29-Sep-17,Sep-17,40,EMP-10,Supervisor-2,59,27,470,8.8,9,27730
29-Sep-17,Sep-17,40,EMP-11,Supervisor-2,69,27,338,4.9,9,23322
29-Sep-17,Sep-17,40,EMP-12,Supervisor-2,67,0,557,6.9,9,37319
29-Sep-17,Sep-17,40,EMP-13,Supervisor-2,46,13,442,5.9,9,20332
29-Sep-17,Sep-17,40,EMP-14,Supervisor-2,60,7,456,8.8,9,27360
29-Sep-17,Sep-17,40,EMP-15,Supervisor-3,53,10,436,8.8,9,23108
29-Sep-17,Sep-17,40,EMP-16,Supervisor-3,58,5,438,7.8,9,25404
29-Sep-17,Sep-17,40,EMP-17,Supervisor-3,36,20,318,8.8,9,11448
29-Sep-17,Sep-17,40,EMP-18,Supervisor-3,33,8,450,7.8,9,14850
29-Sep-17,Sep-17,40,EMP-19,Supervisor-3,52,9,424,9,9,22048
29-Sep-17,Sep-17,40,EMP-20,Supervisor-3,49,5,455,9,9,22295
30-Sep-17,Sep-17,40,EMP-1,Supervisor-1,31,11,447,5.9,9,13857
30-Sep-17,Sep-17,40,EMP-2,Supervisor-1,69,20,334,8.8,9,23046
30-Sep-17,Sep-17,40,EMP-3,Supervisor-1,35,7,446,9,9,15610
30-Sep-17,Sep-17,40,EMP-4,Supervisor-1,61,26,435,9,9,26535
30-Sep-17,Sep-17,40,EMP-5,Supervisor-1,56,17,577,7.8,9,32312
30-Sep-17,Sep-17,40,EMP-6,Supervisor-2,61,10,521,6.9,9,31781
30-Sep-17,Sep-17,40,EMP-7,Supervisor-2,51,7,563,9,9,28713
30-Sep-17,Sep-17,40,EMP-8,Supervisor-2,55,0,524,8.8,9,28820
30-Sep-17,Sep-17,40,EMP-9,Supervisor-2,69,16,411,7.8,9,28359
30-Sep-17,Sep-17,40,EMP-10,Supervisor-2,34,7,436,7.8,9,14824
30-Sep-17,Sep-17,40,EMP-11,Supervisor-2,61,17,314,7.8,9,19154
30-Sep-17,Sep-17,40,EMP-12,Supervisor-2,69,20,406,6.9,9,28014
30-Sep-17,Sep-17,40,EMP-13,Supervisor-2,35,27,499,8.8,9,17465
30-Sep-17,Sep-17,40,EMP-14,Supervisor-2,60,27,575,9,9,34500
30-Sep-17,Sep-17,40,EMP-15,Supervisor-3,66,18,568,8.8,9,37488
30-Sep-17,Sep-17,40,EMP-16,Supervisor-3,42,9,395,6.9,9,16590
30-Sep-17,Sep-17,40,EMP-17,Supervisor-3,47,25,407,9,9,19129
30-Sep-17,Sep-17,40,EMP-18,Supervisor-3,47,27,442,7.8,9,20774
30-Sep-17,Sep-17,40,EMP-19,Supervisor-3,67,0,336,9,9,22512
30-Sep-17,Sep-17,40,EMP-20,Supervisor-3,52,19,502,4.9,9,26104
01-Oct-17,Oct-17,40,EMP-1,Supervisor-1,47,20,537,7.8,9,25239
01-Oct-17,Oct-17,40,EMP-2,Supervisor-1,38,9,599,7.8,9,22762
01-Oct-17,Oct-17,40,EMP-3,Supervisor-1,41,25,348,4.9,9,14268
01-Oct-17,Oct-17,40,EMP-4,Supervisor-1,67,23,455,9,9,30485
01-Oct-17,Oct-17,40,EMP-5,Supervisor-1,60,27,310,9,9,18600
01-Oct-17,Oct-17,40,EMP-6,Supervisor-2,43,27,403,5.9,9,17329
01-Oct-17,Oct-17,40,EMP-7,Supervisor-2,68,27,411,6.9,9,27948
01-Oct-17,Oct-17,40,EMP-8,Supervisor-2,34,20,322,6.9,9,10948
01-Oct-17,Oct-17,40,EMP-9,Supervisor-2,64,26,382,5.9,9,24448
01-Oct-17,Oct-17,40,EMP-10,Supervisor-2,41,12,320,9,9,13120
01-Oct-17,Oct-17,40,EMP-11,Supervisor-2,69,6,393,7.8,9,27117
01-Oct-17,Oct-17,40,EMP-12,Supervisor-2,37,27,302,8.8,9,11174
01-Oct-17,Oct-17,40,EMP-13,Supervisor-2,43,18,410,6.9,9,17630
01-Oct-17,Oct-17,40,EMP-14,Supervisor-2,47,7,446,8.8,9,20962
01-Oct-17,Oct-17,40,EMP-15,Supervisor-3,61,22,387,7.8,9,23607
01-Oct-17,Oct-17,40,EMP-16,Supervisor-3,58,15,347,4.9,9,20126
01-Oct-17,Oct-17,40,EMP-17,Supervisor-3,64,24,349,5.9,9,22336
01-Oct-17,Oct-17,40,EMP-18,Supervisor-3,60,26,593,7.8,9,35580
01-Oct-17,Oct-17,40,EMP-19,Supervisor-3,60,15,355,5.9,9,21300
01-Oct-17,Oct-17,40,EMP-20,Supervisor-3,62,17,487,5.9,9,30194
02-Oct-17,Oct-17,41,EMP-1,Supervisor-1,53,8,381,6.9,9,20193
02-Oct-17,Oct-17,41,EMP-2,Supervisor-1,32,20,583,6.9,9,18656
02-Oct-17,Oct-17,41,EMP-3,Supervisor-1,37,22,466,4.9,9,17242
02-Oct-17,Oct-17,41,EMP-4,Supervisor-1,34,18,548,9,9,18632
02-Oct-17,Oct-17,41,EMP-5,Supervisor-1,46,6,398,9,9,18308
02-Oct-17,Oct-17,41,EMP-6,Supervisor-2,42,0,529,9,9,22218
02-Oct-17,Oct-17,41,EMP-7,Supervisor-2,42,26,356,4.9,9,14952
02-Oct-17,Oct-17,41,EMP-8,Supervisor-2,43,7,453,7.8,9,19479
02-Oct-17,Oct-17,41,EMP-9,Supervisor-2,58,21,561,8.8,9,32538
02-Oct-17,Oct-17,41,EMP-10,Supervisor-2,37,9,549,6.9,9,20313
02-Oct-17,Oct-17,41,EMP-11,Supervisor-2,40,21,488,6.9,9,19520
02-Oct-17,Oct-17,41,EMP-12,Supervisor-2,37,7,399,5.9,9,14763
02-Oct-17,Oct-17,41,EMP-13,Supervisor-2,34,7,520,7.8,9,17680
02-Oct-17,Oct-17,41,EMP-14,Supervisor-2,55,8,439,4.9,9,24145
02-Oct-17,Oct-17,41,EMP-15,Supervisor-3,66,16,564,7.8,9,37224
02-Oct-17,Oct-17,41,EMP-16,Supervisor-3,64,8,600,4.9,9,38400
02-Oct-17,Oct-17,41,EMP-17,Supervisor-3,51,13,596,7.8,9,30396
02-Oct-17,Oct-17,41,EMP-18,Supervisor-3,39,8,554,8.8,9,21606
02-Oct-17,Oct-17,41,EMP-19,Supervisor-3,59,13,333,9,9,19647
02-Oct-17,Oct-17,41,EMP-20,Supervisor-3,46,12,503,8.8,9,23138
03-Oct-17,Oct-17,41,EMP-1,Supervisor-1,60,14,327,9,9,19620
03-Oct-17,Oct-17,41,EMP-2,Supervisor-1,61,6,537,9,9,32757
03-Oct-17,Oct-17,41,EMP-3,Supervisor-1,53,6,570,9,9,30210
03-Oct-17,Oct-17,41,EMP-4,Supervisor-1,37,20,336,4.9,9,12432
03-Oct-17,Oct-17,41,EMP-5,Supervisor-1,54,21,418,8.8,9,22572
03-Oct-17,Oct-17,41,EMP-6,Supervisor-2,36,17,363,9,9,13068
03-Oct-17,Oct-17,41,EMP-7,Supervisor-2,52,16,373,4.9,9,19396
03-Oct-17,Oct-17,41,EMP-8,Supervisor-2,42,14,533,7.8,9,22386
03-Oct-17,Oct-17,41,EMP-9,Supervisor-2,30,26,534,9,9,16020
03-Oct-17,Oct-17,41,EMP-10,Supervisor-2,42,12,330,8.8,9,13860
03-Oct-17,Oct-17,41,EMP-11,Supervisor-2,34,19,560,4.9,9,19040
03-Oct-17,Oct-17,41,EMP-12,Supervisor-2,32,27,418,9,9,13376
03-Oct-17,Oct-17,41,EMP-13,Supervisor-2,30,15,523,8.8,9,15690
03-Oct-17,Oct-17,41,EMP-14,Supervisor-2,65,22,317,6.9,9,20605
03-Oct-17,Oct-17,41,EMP-15,Supervisor-3,41,27,520,8.8,9,21320
03-Oct-17,Oct-17,41,EMP-16,Supervisor-3,57,21,427,7.8,9,24339
03-Oct-17,Oct-17,41,EMP-17,Supervisor-3,39,7,356,9,9,13884
03-Oct-17,Oct-17,41,EMP-18,Supervisor-3,49,6,515,5.9,9,25235
03-Oct-17,Oct-17,41,EMP-19,Supervisor-3,49,22,600,6.9,9,29400
03-Oct-17,Oct-17,41,EMP-20,Supervisor-3,70,13,452,6.9,9,31640
04-Oct-17,Oct-17,41,EMP-1,Supervisor-1,68,15,427,7.8,9,29036
04-Oct-17,Oct-17,41,EMP-2,Supervisor-1,64,16,518,8.8,9,33152
04-Oct-17,Oct-17,41,EMP-3,Supervisor-1,65,21,524,8.8,9,34060
04-Oct-17,Oct-17,41,EMP-4,Supervisor-1,39,5,409,7.8,9,15951
04-Oct-17,Oct-17,41,EMP-5,Supervisor-1,31,25,597,7.8,9,18507
04-Oct-17,Oct-17,41,EMP-6,Supervisor-2,55,11,496,6.9,9,27280
04-Oct-17,Oct-17,41,EMP-7,Supervisor-2,69,13,451,8.8,9,31119
04-Oct-17,Oct-17,41,EMP-8,Supervisor-2,35,14,433,4.9,9,15155
04-Oct-17,Oct-17,41,EMP-9,Supervisor-2,38,13,335,8.8,9,12730
04-Oct-17,Oct-17,41,EMP-10,Supervisor-2,58,24,349,4.9,9,20242
04-Oct-17,Oct-17,41,EMP-11,Supervisor-2,41,25,493,9,9,20213
04-Oct-17,Oct-17,41,EMP-12,Supervisor-2,59,25,567,6.9,9,33453
04-Oct-17,Oct-17,41,EMP-13,Supervisor-2,43,5,572,5.9,9,24596
04-Oct-17,Oct-17,41,EMP-14,Supervisor-2,66,5,579,9,9,38214
04-Oct-17,Oct-17,41,EMP-15,Supervisor-3,67,6,343,6.9,9,22981
04-Oct-17,Oct-17,41,EMP-16,Supervisor-3,32,19,439,8.8,9,14048
04-Oct-17,Oct-17,41,EMP-17,Supervisor-3,62,11,573,8.8,9,35526
04-Oct-17,Oct-17,41,EMP-18,Supervisor-3,44,23,518,5.9,9,22792
04-Oct-17,Oct-17,41,EMP-19,Supervisor-3,65,20,548,5.9,9,35620
04-Oct-17,Oct-17,41,EMP-20,Supervisor-3,39,27,334,7.8,9,13026
05-Oct-17,Oct-17,41,EMP-1,Supervisor-1,36,5,427,8.8,9,15372
05-Oct-17,Oct-17,41,EMP-2,Supervisor-1,53,16,582,4.9,9,30846
05-Oct-17,Oct-17,41,EMP-3,Supervisor-1,65,18,406,8.8,9,26390
05-Oct-17,Oct-17,41,EMP-4,Supervisor-1,60,8,498,5.9,9,29880
05-Oct-17,Oct-17,41,EMP-5,Supervisor-1,61,14,535,5.9,9,32635
05-Oct-17,Oct-17,41,EMP-6,Supervisor-2,58,24,401,4.9,9,23258
05-Oct-17,Oct-17,41,EMP-7,Supervisor-2,30,10,564,9,9,16920
05-Oct-17,Oct-17,41,EMP-8,Supervisor-2,30,20,325,4.9,9,9750
05-Oct-17,Oct-17,41,EMP-9,Supervisor-2,62,14,572,4.9,9,35464
05-Oct-17,Oct-17,41,EMP-10,Supervisor-2,41,18,563,7.8,9,23083
05-Oct-17,Oct-17,41,EMP-11,Supervisor-2,58,18,450,9,9,26100
05-Oct-17,Oct-17,41,EMP-12,Supervisor-2,57,27,397,6.9,9,22629
05-Oct-17,Oct-17,41,EMP-13,Supervisor-2,66,14,532,8.8,9,35112
05-Oct-17,Oct-17,41,EMP-14,Supervisor-2,37,22,384,7.8,9,14208
05-Oct-17,Oct-17,41,EMP-15,Supervisor-3,55,5,313,8.8,9,17215
05-Oct-17,Oct-17,41,EMP-16,Supervisor-3,44,11,398,7.8,9,17512
05-Oct-17,Oct-17,41,EMP-17,Supervisor-3,69,16,572,4.9,9,39468
05-Oct-17,Oct-17,41,EMP-18,Supervisor-3,45,16,382,6.9,9,17190
05-Oct-17,Oct-17,41,EMP-19,Supervisor-3,41,6,340,5.9,9,13940
05-Oct-17,Oct-17,41,EMP-20,Supervisor-3,41,6,365,4.9,9,14965
06-Oct-17,Oct-17,41,EMP-1,Supervisor-1,49,9,363,7.8,9,17787
06-Oct-17,Oct-17,41,EMP-2,Supervisor-1,31,17,566,4.9,9,17546
06-Oct-17,Oct-17,41,EMP-3,Supervisor-1,30,0,526,4.9,9,15780
06-Oct-17,Oct-17,41,EMP-4,Supervisor-1,50,26,341,8.8,9,17050
06-Oct-17,Oct-17,41,EMP-5,Supervisor-1,34,5,422,6.9,9,14348
06-Oct-17,Oct-17,41,EMP-6,Supervisor-2,40,14,534,8.8,9,21360
06-Oct-17,Oct-17,41,EMP-7,Supervisor-2,49,27,352,7.8,9,17248
06-Oct-17,Oct-17,41,EMP-8,Supervisor-2,62,27,588,9,9,36456
06-Oct-17,Oct-17,41,EMP-9,Supervisor-2,52,18,519,5.9,9,26988
06-Oct-17,Oct-17,41,EMP-10,Supervisor-2,69,22,585,4.9,9,40365
06-Oct-17,Oct-17,41,EMP-11,Supervisor-2,63,5,384,7.8,9,24192
06-Oct-17,Oct-17,41,EMP-12,Supervisor-2,32,24,323,8.8,9,10336
06-Oct-17,Oct-17,41,EMP-13,Supervisor-2,47,5,387,7.8,9,18189
06-Oct-17,Oct-17,41,EMP-14,Supervisor-2,56,7,353,4.9,9,19768
06-Oct-17,Oct-17,41,EMP-15,Supervisor-3,42,13,355,6.9,9,14910
06-Oct-17,Oct-17,41,EMP-16,Supervisor-3,30,20,537,6.9,9,16110
06-Oct-17,Oct-17,41,EMP-17,Supervisor-3,58,9,391,9,9,22678
06-Oct-17,Oct-17,41,EMP-18,Supervisor-3,38,7,365,4.9,9,13870
06-Oct-17,Oct-17,41,EMP-19,Supervisor-3,33,14,335,4.9,9,11055
06-Oct-17,Oct-17,41,EMP-20,Supervisor-3,56,20,428,8.8,9,23968
07-Oct-17,Oct-17,41,EMP-1,Supervisor-1,52,23,502,7.8,9,26104
07-Oct-17,Oct-17,41,EMP-2,Supervisor-1,54,16,491,5.9,9,26514
07-Oct-17,Oct-17,41,EMP-3,Supervisor-1,62,16,377,7.8,9,23374
07-Oct-17,Oct-17,41,EMP-4,Supervisor-1,41,13,409,4.9,9,16769
07-Oct-17,Oct-17,41,EMP-5,Supervisor-1,43,10,489,4.9,9,21027
07-Oct-17,Oct-17,41,EMP-6,Supervisor-2,40,23,524,9,9,20960
07-Oct-17,Oct-17,41,EMP-7,Supervisor-2,58,6,339,5.9,9,19662
07-Oct-17,Oct-17,41,EMP-8,Supervisor-2,49,10,480,6.9,9,23520
07-Oct-17,Oct-17,41,EMP-9,Supervisor-2,35,9,505,4.9,9,17675
07-Oct-17,Oct-17,41,EMP-10,Supervisor-2,34,26,423,6.9,9,14382
07-Oct-17,Oct-17,41,EMP-11,Supervisor-2,46,21,383,8.8,9,17618
07-Oct-17,Oct-17,41,EMP-12,Supervisor-2,51,25,302,7.8,9,15402
07-Oct-17,Oct-17,41,EMP-13,Supervisor-2,58,21,481,9,9,27898
07-Oct-17,Oct-17,41,EMP-14,Supervisor-2,59,0,539,7.8,9,31801
07-Oct-17,Oct-17,41,EMP-15,Supervisor-3,39,25,356,4.9,9,13884
07-Oct-17,Oct-17,41,EMP-16,Supervisor-3,63,20,353,5.9,9,22239
07-Oct-17,Oct-17,41,EMP-17,Supervisor-3,36,27,388,4.9,9,13968
07-Oct-17,Oct-17,41,EMP-18,Supervisor-3,45,5,521,5.9,9,23445
07-Oct-17,Oct-17,41,EMP-19,Supervisor-3,70,5,438,9,9,30660
07-Oct-17,Oct-17,41,EMP-20,Supervisor-3,51,15,517,4.9,9,26367
08-Oct-17,Oct-17,41,EMP-1,Supervisor-1,58,24,544,5.9,9,31552
08-Oct-17,Oct-17,41,EMP-2,Supervisor-1,44,26,406,4.9,9,17864
08-Oct-17,Oct-17,41,EMP-3,Supervisor-1,57,22,447,9,9,25479
08-Oct-17,Oct-17,41,EMP-4,Supervisor-1,48,13,546,6.9,9,26208
08-Oct-17,Oct-17,41,EMP-5,Supervisor-1,56,6,553,4.9,9,30968
08-Oct-17,Oct-17,41,EMP-6,Supervisor-2,66,16,578,4.9,9,38148
08-Oct-17,Oct-17,41,EMP-7,Supervisor-2,47,16,424,8.8,9,19928
08-Oct-17,Oct-17,41,EMP-8,Supervisor-2,40,6,441,5.9,9,17640
08-Oct-17,Oct-17,41,EMP-9,Supervisor-2,66,0,435,4.9,9,28710
08-Oct-17,Oct-17,41,EMP-10,Supervisor-2,33,15,496,5.9,9,16368
08-Oct-17,Oct-17,41,EMP-11,Supervisor-2,45,11,344,7.8,9,15480
08-Oct-17,Oct-17,41,EMP-12,Supervisor-2,59,18,597,7.8,9,35223
08-Oct-17,Oct-17,41,EMP-13,Supervisor-2,48,27,343,4.9,9,16464
08-Oct-17,Oct-17,41,EMP-14,Supervisor-2,64,7,391,6.9,9,25024
08-Oct-17,Oct-17,41,EMP-15,Supervisor-3,38,16,558,9,9,21204
08-Oct-17,Oct-17,41,EMP-16,Supervisor-3,61,18,452,9,9,27572
08-Oct-17,Oct-17,41,EMP-17,Supervisor-3,53,7,488,7.8,9,25864
08-Oct-17,Oct-17,41,EMP-18,Supervisor-3,42,7,370,6.9,9,15540
08-Oct-17,Oct-17,41,EMP-19,Supervisor-3,67,10,501,7.8,9,33567
08-Oct-17,Oct-17,41,EMP-20,Supervisor-3,48,0,563,9,9,27024
09-Oct-17,Oct-17,42,EMP-1,Supervisor-1,47,16,452,7.8,9,21244
09-Oct-17,Oct-17,42,EMP-2,Supervisor-1,61,20,564,7.8,9,34404
09-Oct-17,Oct-17,42,EMP-3,Supervisor-1,58,12,576,8.8,9,33408
09-Oct-17,Oct-17,42,EMP-4,Supervisor-1,34,16,581,4.9,9,19754
09-Oct-17,Oct-17,42,EMP-5,Supervisor-1,63,23,490,4.9,9,30870
09-Oct-17,Oct-17,42,EMP-6,Supervisor-2,49,12,514,7.8,9,25186
09-Oct-17,Oct-17,42,EMP-7,Supervisor-2,41,0,535,5.9,9,21935
09-Oct-17,Oct-17,42,EMP-8,Supervisor-2,34,22,406,6.9,9,13804
09-Oct-17,Oct-17,42,EMP-9,Supervisor-2,43,9,454,7.8,9,19522
09-Oct-17,Oct-17,42,EMP-10,Supervisor-2,46,6,520,8.8,9,23920
09-Oct-17,Oct-17,42,EMP-11,Supervisor-2,39,20,532,5.9,9,20748
09-Oct-17,Oct-17,42,EMP-12,Supervisor-2,61,27,559,9,9,34099
09-Oct-17,Oct-17,42,EMP-13,Supervisor-2,45,27,472,6.9,9,21240
09-Oct-17,Oct-17,42,EMP-14,Supervisor-2,64,8,513,5.9,9,32832
09-Oct-17,Oct-17,42,EMP-15,Supervisor-3,67,22,333,9,9,22311
09-Oct-17,Oct-17,42,EMP-16,Supervisor-3,50,25,468,5.9,9,23400
09-Oct-17,Oct-17,42,EMP-17,Supervisor-3,41,5,309,8.8,9,12669
09-Oct-17,Oct-17,42,EMP-18,Supervisor-3,39,25,511,9,9,19929
09-Oct-17,Oct-17,42,EMP-19,Supervisor-3,39,24,459,5.9,9,17901
09-Oct-17,Oct-17,42,EMP-20,Supervisor-3,70,20,481,6.9,9,33670
10-Oct-17,Oct-17,42,EMP-1,Supervisor-1,35,22,550,6.9,9,19250
10-Oct-17,Oct-17,42,EMP-2,Supervisor-1,59,22,488,9,9,28792
10-Oct-17,Oct-17,42,EMP-3,Supervisor-1,42,12,383,8.8,9,16086
10-Oct-17,Oct-17,42,EMP-4,Supervisor-1,32,15,383,7.8,9,12256
10-Oct-17,Oct-17,42,EMP-5,Supervisor-1,35,5,554,7.8,9,19390
10-Oct-17,Oct-17,42,EMP-6,Supervisor-2,47,18,557,5.9,9,26179
10-Oct-17,Oct-17,42,EMP-7,Supervisor-2,43,0,358,6.9,9,15394
10-Oct-17,Oct-17,42,EMP-8,Supervisor-2,63,12,430,5,9,27090
10-Oct-17,Oct-17,42,EMP-9,Supervisor-2,56,26,583,6.9,9,32648
10-Oct-17,Oct-17,42,EMP-10,Supervisor-2,65,5,572,6.9,9,37180
10-Oct-17,Oct-17,42,EMP-11,Supervisor-2,39,6,506,8.8,9,19734
10-Oct-17,Oct-17,42,EMP-12,Supervisor-2,65,22,579,6.9,9,37635
10-Oct-17,Oct-17,42,EMP-13,Supervisor-2,35,6,512,6.9,9,17920
10-Oct-17,Oct-17,42,EMP-14,Supervisor-2,54,19,471,9,9,25434
10-Oct-17,Oct-17,42,EMP-15,Supervisor-3,30,6,456,6.9,9,13680
10-Oct-17,Oct-17,42,EMP-16,Supervisor-3,57,18,393,4.9,9,22401
10-Oct-17,Oct-17,42,EMP-17,Supervisor-3,46,26,478,8.8,9,21988
10-Oct-17,Oct-17,42,EMP-18,Supervisor-3,31,21,525,5.9,9,16275
10-Oct-17,Oct-17,42,EMP-19,Supervisor-3,37,8,371,8.8,9,13727
10-Oct-17,Oct-17,42,EMP-20,Supervisor-3,59,5,570,4.9,9,33630
11-Oct-17,Oct-17,42,EMP-1,Supervisor-1,53,9,457,6.9,9,24221
11-Oct-17,Oct-17,42,EMP-2,Supervisor-1,49,24,331,5.9,9,16219
11-Oct-17,Oct-17,42,EMP-3,Supervisor-1,30,16,375,6.9,9,11250
11-Oct-17,Oct-17,42,EMP-4,Supervisor-1,46,16,412,4.9,9,18952
11-Oct-17,Oct-17,42,EMP-5,Supervisor-1,64,11,474,5.9,9,30336
11-Oct-17,Oct-17,42,EMP-6,Supervisor-2,55,5,574,5,9,31570
11-Oct-17,Oct-17,42,EMP-7,Supervisor-2,65,14,594,5.9,9,38610
11-Oct-17,Oct-17,42,EMP-8,Supervisor-2,55,21,331,9,9,18205
11-Oct-17,Oct-17,42,EMP-9,Supervisor-2,33,7,338,6.9,9,11154
11-Oct-17,Oct-17,42,EMP-10,Supervisor-2,58,9,477,4.9,9,27666
11-Oct-17,Oct-17,42,EMP-11,Supervisor-2,67,24,538,8.8,9,36046
11-Oct-17,Oct-17,42,EMP-12,Supervisor-2,54,12,554,6.9,9,29916
11-Oct-17,Oct-17,42,EMP-13,Supervisor-2,54,16,305,5,9,16470
11-Oct-17,Oct-17,42,EMP-14,Supervisor-2,30,23,521,5,9,15630
11-Oct-17,Oct-17,42,EMP-15,Supervisor-3,63,5,395,6.9,9,24885
11-Oct-17,Oct-17,42,EMP-16,Supervisor-3,44,25,535,9,9,23540
11-Oct-17,Oct-17,42,EMP-17,Supervisor-3,32,18,380,8.8,9,12160
11-Oct-17,Oct-17,42,EMP-18,Supervisor-3,54,20,418,5,9,22572
11-Oct-17,Oct-17,42,EMP-19,Supervisor-3,67,17,397,6.9,9,26599
11-Oct-17,Oct-17,42,EMP-20,Supervisor-3,56,25,326,4.9,9,18256
12-Oct-17,Oct-17,42,EMP-1,Supervisor-1,43,25,511,5,9,21973
12-Oct-17,Oct-17,42,EMP-2,Supervisor-1,56,22,402,5,9,22512
12-Oct-17,Oct-17,42,EMP-3,Supervisor-1,51,5,365,5,9,18615
12-Oct-17,Oct-17,42,EMP-4,Supervisor-1,31,7,432,9,9,13392
12-Oct-17,Oct-17,42,EMP-5,Supervisor-1,30,16,485,8.8,9,14550
12-Oct-17,Oct-17,42,EMP-6,Supervisor-2,40,9,524,9,9,20960
12-Oct-17,Oct-17,42,EMP-7,Supervisor-2,48,25,546,4.9,9,26208
12-Oct-17,Oct-17,42,EMP-8,Supervisor-2,42,18,492,9,9,20664
12-Oct-17,Oct-17,42,EMP-9,Supervisor-2,52,10,494,6.9,9,25688
12-Oct-17,Oct-17,42,EMP-10,Supervisor-2,35,9,481,8.8,9,16835
12-Oct-17,Oct-17,42,EMP-11,Supervisor-2,51,13,388,4.9,9,19788
12-Oct-17,Oct-17,42,EMP-12,Supervisor-2,50,27,385,6.9,9,19250
12-Oct-17,Oct-17,42,EMP-13,Supervisor-2,69,24,347,9,9,23943
12-Oct-17,Oct-17,42,EMP-14,Supervisor-2,64,5,597,5.9,9,38208
12-Oct-17,Oct-17,42,EMP-15,Supervisor-3,48,18,472,5.9,9,22656
12-Oct-17,Oct-17,42,EMP-16,Supervisor-3,67,0,305,5,9,20435
12-Oct-17,Oct-17,42,EMP-17,Supervisor-3,64,10,593,9,9,37952
12-Oct-17,Oct-17,42,EMP-18,Supervisor-3,56,14,388,5,9,21728
12-Oct-17,Oct-17,42,EMP-19,Supervisor-3,64,25,439,5,9,28096
12-Oct-17,Oct-17,42,EMP-20,Supervisor-3,36,10,421,9,9,15156
13-Oct-17,Oct-17,42,EMP-1,Supervisor-1,31,7,352,5.9,9,10912
13-Oct-17,Oct-17,42,EMP-2,Supervisor-1,70,23,574,8.8,9,40180
13-Oct-17,Oct-17,42,EMP-3,Supervisor-1,50,9,348,6.9,9,17400
13-Oct-17,Oct-17,42,EMP-4,Supervisor-1,37,22,476,6.9,9,17612
13-Oct-17,Oct-17,42,EMP-5,Supervisor-1,35,25,577,5,9,20195
13-Oct-17,Oct-17,42,EMP-6,Supervisor-2,31,15,313,4.9,9,9703
13-Oct-17,Oct-17,42,EMP-7,Supervisor-2,49,17,571,5.9,9,27979
13-Oct-17,Oct-17,42,EMP-8,Supervisor-2,32,23,507,5,9,16224
13-Oct-17,Oct-17,42,EMP-9,Supervisor-2,45,12,388,6.9,9,17460
13-Oct-17,Oct-17,42,EMP-10,Supervisor-2,67,22,600,8.8,9,40200
13-Oct-17,Oct-17,42,EMP-11,Supervisor-2,55,11,497,5.9,9,27335
13-Oct-17,Oct-17,42,EMP-12,Supervisor-2,33,17,482,8.8,9,15906
13-Oct-17,Oct-17,42,EMP-13,Supervisor-2,52,10,355,4.9,9,18460
13-Oct-17,Oct-17,42,EMP-14,Supervisor-2,68,5,405,5.9,9,27540
13-Oct-17,Oct-17,42,EMP-15,Supervisor-3,56,18,416,9,9,23296
13-Oct-17,Oct-17,42,EMP-16,Supervisor-3,53,5,555,8.8,9,29415
13-Oct-17,Oct-17,42,EMP-17,Supervisor-3,69,16,364,9,9,25116
13-Oct-17,Oct-17,42,EMP-18,Supervisor-3,46,16,472,6.9,9,21712
13-Oct-17,Oct-17,42,EMP-19,Supervisor-3,64,5,372,6.9,9,23808
13-Oct-17,Oct-17,42,EMP-20,Supervisor-3,58,0,304,6.9,9,17632
14-Oct-17,Oct-17,42,EMP-1,Supervisor-1,33,9,315,8.8,9,10395
14-Oct-17,Oct-17,42,EMP-2,Supervisor-1,49,20,398,4.9,9,19502
14-Oct-17,Oct-17,42,EMP-3,Supervisor-1,38,11,355,4.9,9,13490
14-Oct-17,Oct-17,42,EMP-4,Supervisor-1,62,10,571,8.8,9,35402
14-Oct-17,Oct-17,42,EMP-5,Supervisor-1,49,0,371,8.8,9,18179
14-Oct-17,Oct-17,42,EMP-6,Supervisor-2,41,6,375,9,9,15375
14-Oct-17,Oct-17,42,EMP-7,Supervisor-2,45,26,339,9,9,15255
14-Oct-17,Oct-17,42,EMP-8,Supervisor-2,38,13,591,5.9,9,22458
14-Oct-17,Oct-17,42,EMP-9,Supervisor-2,50,7,362,4.9,9,18100
14-Oct-17,Oct-17,42,EMP-10,Supervisor-2,63,20,424,8.8,9,26712
14-Oct-17,Oct-17,42,EMP-11,Supervisor-2,49,23,449,6.9,9,22001
14-Oct-17,Oct-17,42,EMP-12,Supervisor-2,61,22,486,4.9,9,29646
14-Oct-17,Oct-17,42,EMP-13,Supervisor-2,48,5,432,8.8,9,20736
14-Oct-17,Oct-17,42,EMP-14,Supervisor-2,48,19,523,5,9,25104
14-Oct-17,Oct-17,42,EMP-15,Supervisor-3,39,27,521,4.9,9,20319
14-Oct-17,Oct-17,42,EMP-16,Supervisor-3,56,8,432,4.9,9,24192
14-Oct-17,Oct-17,42,EMP-17,Supervisor-3,64,25,339,4.9,9,21696
14-Oct-17,Oct-17,42,EMP-18,Supervisor-3,38,13,497,4.9,9,18886
14-Oct-17,Oct-17,42,EMP-19,Supervisor-3,39,25,409,9,9,15951
14-Oct-17,Oct-17,42,EMP-20,Supervisor-3,37,11,304,5.9,9,11248
15-Oct-17,Oct-17,42,EMP-1,Supervisor-1,38,25,469,8.8,9,17822
15-Oct-17,Oct-17,42,EMP-2,Supervisor-1,35,23,383,4.9,9,13405
15-Oct-17,Oct-17,42,EMP-3,Supervisor-1,45,10,381,9,9,17145
15-Oct-17,Oct-17,42,EMP-4,Supervisor-1,34,11,418,8.8,9,14212
15-Oct-17,Oct-17,42,EMP-5,Supervisor-1,44,27,401,4.9,9,17644
15-Oct-17,Oct-17,42,EMP-6,Supervisor-2,35,11,379,5.9,9,13265
15-Oct-17,Oct-17,42,EMP-7,Supervisor-2,51,7,493,6.9,9,25143
15-Oct-17,Oct-17,42,EMP-8,Supervisor-2,59,26,455,5.9,9,26845
15-Oct-17,Oct-17,42,EMP-9,Supervisor-2,31,5,560,5.9,9,17360
15-Oct-17,Oct-17,42,EMP-10,Supervisor-2,60,25,361,9,9,21660
15-Oct-17,Oct-17,42,EMP-11,Supervisor-2,62,19,538,5,9,33356
15-Oct-17,Oct-17,42,EMP-12,Supervisor-2,51,13,314,5,9,16014
15-Oct-17,Oct-17,42,EMP-13,Supervisor-2,35,21,355,4.9,9,12425
15-Oct-17,Oct-17,42,EMP-14,Supervisor-2,36,9,376,5,9,13536
15-Oct-17,Oct-17,42,EMP-15,Supervisor-3,32,21,560,8.8,9,17920
15-Oct-17,Oct-17,42,EMP-16,Supervisor-3,36,21,375,4.9,9,13500
15-Oct-17,Oct-17,42,EMP-17,Supervisor-3,51,14,598,9,9,30498
15-Oct-17,Oct-17,42,EMP-18,Supervisor-3,52,15,523,5.9,9,27196
15-Oct-17,Oct-17,42,EMP-19,Supervisor-3,39,10,452,5.9,9,17628
15-Oct-17,Oct-17,42,EMP-20,Supervisor-3,35,5,462,5.9,9,16170
16-Oct-17,Oct-17,43,EMP-1,Supervisor-1,38,24,356,9,9,13528
16-Oct-17,Oct-17,43,EMP-2,Supervisor-1,35,23,349,5.9,9,12215
16-Oct-17,Oct-17,43,EMP-3,Supervisor-1,40,7,391,5.9,9,15640
16-Oct-17,Oct-17,43,EMP-4,Supervisor-1,58,27,348,9,9,20184
16-Oct-17,Oct-17,43,EMP-5,Supervisor-1,58,7,490,5.9,9,28420
16-Oct-17,Oct-17,43,EMP-6,Supervisor-2,60,23,476,6.9,9,28560
16-Oct-17,Oct-17,43,EMP-7,Supervisor-2,63,16,494,9,9,31122
16-Oct-17,Oct-17,43,EMP-8,Supervisor-2,68,10,559,6.9,9,38012
16-Oct-17,Oct-17,43,EMP-9,Supervisor-2,41,26,474,8.8,9,19434
16-Oct-17,Oct-17,43,EMP-10,Supervisor-2,31,7,488,5.9,9,15128
16-Oct-17,Oct-17,43,EMP-11,Supervisor-2,46,23,374,8.8,9,17204
16-Oct-17,Oct-17,43,EMP-12,Supervisor-2,67,19,540,4.9,9,36180
16-Oct-17,Oct-17,43,EMP-13,Supervisor-2,42,15,520,4.9,9,21840
16-Oct-17,Oct-17,43,EMP-14,Supervisor-2,48,0,459,5.9,9,22032
16-Oct-17,Oct-17,43,EMP-15,Supervisor-3,69,20,348,8.8,9,24012
16-Oct-17,Oct-17,43,EMP-16,Supervisor-3,53,6,435,5,9,23055
16-Oct-17,Oct-17,43,EMP-17,Supervisor-3,40,6,379,5.9,9,15160
16-Oct-17,Oct-17,43,EMP-18,Supervisor-3,36,18,485,5.9,9,17460
16-Oct-17,Oct-17,43,EMP-19,Supervisor-3,44,17,356,5,9,15664
16-Oct-17,Oct-17,43,EMP-20,Supervisor-3,44,9,329,5.9,9,14476
17-Oct-17,Oct-17,43,EMP-1,Supervisor-1,46,5,491,6.9,9,22586
17-Oct-17,Oct-17,43,EMP-2,Supervisor-1,35,12,350,8.8,9,12250
17-Oct-17,Oct-17,43,EMP-3,Supervisor-1,42,19,491,8.8,9,20622
17-Oct-17,Oct-17,43,EMP-4,Supervisor-1,43,10,320,5.9,9,13760
17-Oct-17,Oct-17,43,EMP-5,Supervisor-1,50,16,325,5,9,16250
17-Oct-17,Oct-17,43,EMP-6,Supervisor-2,66,26,389,4.9,9,25674
17-Oct-17,Oct-17,43,EMP-7,Supervisor-2,52,23,424,9,9,22048
17-Oct-17,Oct-17,43,EMP-8,Supervisor-2,44,24,312,6.9,9,13728
17-Oct-17,Oct-17,43,EMP-9,Supervisor-2,40,6,465,9,9,18600
17-Oct-17,Oct-17,43,EMP-10,Supervisor-2,35,6,430,8.8,9,15050
17-Oct-17,Oct-17,43,EMP-11,Supervisor-2,51,18,387,5.9,9,19737
17-Oct-17,Oct-17,43,EMP-12,Supervisor-2,68,23,372,8.8,9,25296
17-Oct-17,Oct-17,43,EMP-13,Supervisor-2,46,12,511,5,9,23506
17-Oct-17,Oct-17,43,EMP-14,Supervisor-2,49,5,461,5.9,9,22589
17-Oct-17,Oct-17,43,EMP-15,Supervisor-3,38,14,416,6.9,9,15808
17-Oct-17,Oct-17,43,EMP-16,Supervisor-3,50,25,301,5.9,9,15050
17-Oct-17,Oct-17,43,EMP-17,Supervisor-3,67,12,515,6.9,9,34505
17-Oct-17,Oct-17,43,EMP-18,Supervisor-3,46,11,528,5.9,9,24288
17-Oct-17,Oct-17,43,EMP-19,Supervisor-3,36,6,303,5.9,9,10908
17-Oct-17,Oct-17,43,EMP-20,Supervisor-3,48,10,389,8.8,9,18672
18-Oct-17,Oct-17,43,EMP-1,Supervisor-1,61,13,371,5,9,22631
18-Oct-17,Oct-17,43,EMP-2,Supervisor-1,37,18,441,4.9,9,16317
18-Oct-17,Oct-17,43,EMP-3,Supervisor-1,47,8,365,9,9,17155
18-Oct-17,Oct-17,43,EMP-4,Supervisor-1,58,22,377,8.8,9,21866
18-Oct-17,Oct-17,43,EMP-5,Supervisor-1,56,5,372,8.8,9,20832
18-Oct-17,Oct-17,43,EMP-6,Supervisor-2,54,18,376,5.9,9,20304
18-Oct-17,Oct-17,43,EMP-7,Supervisor-2,59,12,392,5.9,9,23128
18-Oct-17,Oct-17,43,EMP-8,Supervisor-2,41,6,423,5,9,17343
18-Oct-17,Oct-17,43,EMP-9,Supervisor-2,59,9,324,8.8,9,19116
18-Oct-17,Oct-17,43,EMP-10,Supervisor-2,67,27,449,4.9,9,30083
18-Oct-17,Oct-17,43,EMP-11,Supervisor-2,63,13,523,9,9,32949
18-Oct-17,Oct-17,43,EMP-12,Supervisor-2,61,16,519,6.9,9,31659
18-Oct-17,Oct-17,43,EMP-13,Supervisor-2,57,21,415,5.9,9,23655
18-Oct-17,Oct-17,43,EMP-14,Supervisor-2,38,23,500,8.8,9,19000
18-Oct-17,Oct-17,43,EMP-15,Supervisor-3,61,16,437,4.9,9,26657
18-Oct-17,Oct-17,43,EMP-16,Supervisor-3,33,7,411,8.8,9,13563
18-Oct-17,Oct-17,43,EMP-17,Supervisor-3,52,11,342,8.8,9,17784
18-Oct-17,Oct-17,43,EMP-18,Supervisor-3,52,19,379,6.9,9,19708
18-Oct-17,Oct-17,43,EMP-19,Supervisor-3,70,26,572,6.9,9,40040
18-Oct-17,Oct-17,43,EMP-20,Supervisor-3,50,10,360,6.9,9,18000
19-Oct-17,Oct-17,43,EMP-1,Supervisor-1,60,20,534,5,9,32040
19-Oct-17,Oct-17,43,EMP-2,Supervisor-1,34,9,411,6.9,9,13974
19-Oct-17,Oct-17,43,EMP-3,Supervisor-1,33,0,342,9,9,11286
19-Oct-17,Oct-17,43,EMP-4,Supervisor-1,45,24,570,9,9,25650
19-Oct-17,Oct-17,43,EMP-5,Supervisor-1,44,18,561,6.9,9,24684
19-Oct-17,Oct-17,43,EMP-6,Supervisor-2,58,21,504,5,9,29232
19-Oct-17,Oct-17,43,EMP-7,Supervisor-2,66,7,505,5,9,33330
19-Oct-17,Oct-17,43,EMP-8,Supervisor-2,33,15,392,9,9,12936
19-Oct-17,Oct-17,43,EMP-9,Supervisor-2,41,11,496,4.9,9,20336
19-Oct-17,Oct-17,43,EMP-10,Supervisor-2,62,27,500,6.9,9,31000
19-Oct-17,Oct-17,43,EMP-11,Supervisor-2,53,12,329,6.9,9,17437
19-Oct-17,Oct-17,43,EMP-12,Supervisor-2,37,23,373,8.8,9,13801
19-Oct-17,Oct-17,43,EMP-13,Supervisor-2,66,27,362,4.9,9,23892
19-Oct-17,Oct-17,43,EMP-14,Supervisor-2,30,25,305,6.9,9,9150
19-Oct-17,Oct-17,43,EMP-15,Supervisor-3,61,23,517,8.8,9,31537
19-Oct-17,Oct-17,43,EMP-16,Supervisor-3,42,9,450,9,9,18900
19-Oct-17,Oct-17,43,EMP-17,Supervisor-3,59,11,304,5,9,17936
19-Oct-17,Oct-17,43,EMP-18,Supervisor-3,57,26,353,8.8,9,20121
19-Oct-17,Oct-17,43,EMP-19,Supervisor-3,49,19,334,6.9,9,16366
19-Oct-17,Oct-17,43,EMP-20,Supervisor-3,62,7,309,5,9,19158
20-Oct-17,Oct-17,43,EMP-1,Supervisor-1,57,11,491,5.9,9,27987
20-Oct-17,Oct-17,43,EMP-2,Supervisor-1,53,22,406,5.9,9,21518
20-Oct-17,Oct-17,43,EMP-3,Supervisor-1,48,23,342,4.9,9,16416
20-Oct-17,Oct-17,43,EMP-4,Supervisor-1,65,8,563,5,9,36595
20-Oct-17,Oct-17,43,EMP-5,Supervisor-1,67,15,360,5.9,9,24120
20-Oct-17,Oct-17,43,EMP-6,Supervisor-2,51,5,418,6.9,9,21318
20-Oct-17,Oct-17,43,EMP-7,Supervisor-2,31,26,427,5,9,13237
20-Oct-17,Oct-17,43,EMP-8,Supervisor-2,50,11,329,9,9,16450
20-Oct-17,Oct-17,43,EMP-9,Supervisor-2,48,5,456,5.9,9,21888
20-Oct-17,Oct-17,43,EMP-10,Supervisor-2,44,14,574,4.9,9,25256
20-Oct-17,Oct-17,43,EMP-11,Supervisor-2,45,15,593,9,9,26685
20-Oct-17,Oct-17,43,EMP-12,Supervisor-2,32,19,301,4.9,9,9632
20-Oct-17,Oct-17,43,EMP-13,Supervisor-2,61,25,373,5,9,22753
20-Oct-17,Oct-17,43,EMP-14,Supervisor-2,36,10,325,6.9,9,11700
20-Oct-17,Oct-17,43,EMP-15,Supervisor-3,57,14,508,4.9,9,28956
20-Oct-17,Oct-17,43,EMP-16,Supervisor-3,44,14,560,9,9,24640
20-Oct-17,Oct-17,43,EMP-17,Supervisor-3,65,9,580,4.9,9,37700
20-Oct-17,Oct-17,43,EMP-18,Supervisor-3,45,21,310,9,9,13950
20-Oct-17,Oct-17,43,EMP-19,Supervisor-3,39,15,420,6.9,9,16380
20-Oct-17,Oct-17,43,EMP-20,Supervisor-3,42,14,375,9,9,15750
